,site,holeID,Sextant,CAN,Device,deviceID,ofaID,Row,Column,apogeeST,bossST,metST,BOSSFiber,APOGEETrib,MTPFiber,LongLinkMTP,APOGEEFiber,Comments,positionerID
0,APO,R+3C6,1,1.0,Positioner,P1346,11228.0,R+3,C6,10A,10A,10A,39.0,,,,,,1346
1,APO,R+3C5,1,1.0,Positioner,P1357,11246.0,R+3,C5,10B,10B,10B,40.0,C11141014,D6,5.0,148.0,,1357
2,APO,R+4C5,1,1.0,Positioner,P0820,10703.0,R+4,C5,10C,10C,10C,41.0,C11141014,E1,5.0,127.0,,820
3,APO,R+5C5,1,1.0,Positioner,P0466,165.0,R+5,C5,10D,10D,10D,42.0,C11141014,E2,5.0,128.0,,466
4,APO,R+3C7,1,1.0,Positioner,P0979,250.0,R+3,C7,10E,10E,10E,43.0,C11141014,E3,5.0,125.0,,979
5,APO,R+2C5,1,1.0,Positioner,P1323,11177.0,R+2,C5,11A,11A,11A,34.0,C11141014,D5,5.0,140.0,,1323
6,APO,R+2C4,1,1.0,Positioner,P1342,11204.0,R+2,C4,11B,11B,11B,35.0,,,,,,1342
7,APO,R+4C4,1,1.0,Positioner,P0233,11170.0,R+4,C4,11C,11C,11C,36.0,,,,,,233
8,APO,R+5C4,1,1.0,Positioner,P0627,11233.0,R+5,C4,11D,11D,11D,37.0,,,,,,627
9,APO,R+6C4,1,1.0,Positioner,P0325,10893.0,R+6,C4,11E,11E,11E,38.0,,,,,,325
10,APO,R+1C10,1,1.0,Positioner,P1222,246.0,R+1,C10,12A,12A,12A,30.0,,,,,,1222
11,APO,R+4C6,1,1.0,Fiducial,FTO-201783,201783.0,R+4,C6,19AA,19AA,19AA,,,,,,,0
12,APO,R+3C4,1,1.0,Fiducial,FTO-201710,201710.0,R+3,C4,19BA,19BA,19BA,,,,,,,0
13,APO,R+7C4,1,1.0,Fiducial,FTO-201718,201718.0,R+7,C4,19CA,19CA,19CA,,,,,,,0
14,APO,R+6C5,1,1.0,Positioner,P0612,10807.0,R+6,C5,8A,8A,8A,49.0,C11141014,E6,5.0,150.0,,612
15,APO,R+5C6,1,1.0,Positioner,P0639,11052.0,R+5,C6,8B,8B,8B,50.0,,,,,,639
16,APO,R+4C7,1,1.0,Positioner,P0990,11243.0,R+4,C7,8C,8C,8C,51.0,C11141004,A1,4.0,95.0,,990
17,APO,R+3C8,1,1.0,Positioner,P1354,11111.0,R+3,C8,8D,8D,8D,52.0,,,,,,1354
18,APO,R+2C9,1,1.0,Positioner,P0789,410.0,R+2,C9,8E,8E,8E,53.0,C11141004,A2,4.0,109.0,,789
19,APO,R+2C8,1,1.0,Positioner,P1032,10711.0,R+2,C8,9A,9A,9A,44.0,,,,,,1032
20,APO,R+1C9,1,1.0,Positioner,P1272,11061.0,R+1,C9,9B,9B,9B,45.0,C11141014,E4,5.0,147.0,,1272
21,APO,R+1C8,1,1.0,Positioner,P0310,11172.0,R+1,C8,9C,9C,9C,46.0,,,,,,310
22,APO,R+2C7,1,1.0,Positioner,P1200,11043.0,R+2,C7,9D,9D,9D,47.0,C11141014,E5,5.0,146.0,,1200
23,APO,R+2C6,1,1.0,Positioner,P1026,10884.0,R+2,C6,9E,9E,9E,48.0,,,,,,1026
24,APO,R+1C11,1,2.0,Positioner,P1202,11241.0,R+1,C11,12B,12B,12B,31.0,C11141014,D3,5.0,134.0,,1202
25,APO,R+3C9,1,2.0,Positioner,P0260,11159.0,R+3,C9,12D,12D,12D,32.0,C11141014,D4,5.0,121.0,,260
26,APO,R+4C8,1,2.0,Positioner,P0995,414.0,R+4,C8,12E,12E,12E,33.0,,,,,,995
27,APO,R+8C3,1,2.0,Positioner,P0565,376.0,R+8,C3,13A,13A,13A,25.0,C11141014,C4,5.0,137.0,,565
28,APO,R+7C3,1,2.0,Positioner,P0766,437.0,R+7,C3,13B,13B,13B,26.0,C11141014,C5,5.0,123.0,,766
29,APO,R+6C3,1,2.0,Positioner,P1011,478.0,R+6,C3,13C,13C,13C,27.0,C11141014,C6,5.0,126.0,,1011
30,APO,R+5C3,1,2.0,Positioner,P0795,10550.0,R+5,C3,13D,13D,13D,28.0,C11141014,D1,5.0,130.0,,795
31,APO,R+4C3,1,2.0,Positioner,P0436,10935.0,R+4,C3,13E,13E,13E,29.0,C11141014,D2,5.0,149.0,,436
32,APO,R+1C6,1,2.0,Positioner,P0469,10650.0,R+1,C6,14A,14A,14A,20.0,,,,,,469
33,APO,R+1C7,1,2.0,Positioner,P0875,428.0,R+1,C7,14B,14B,14B,21.0,C11141014,C2,5.0,138.0,,875
34,APO,R+3C3,1,2.0,Positioner,P0669,217.0,R+3,C3,6A,6A,6A,59.0,C11141004,A6,4.0,107.0,,669
35,APO,R+2C3,1,2.0,Positioner,P0552,83.0,R+2,C3,6B,6B,6B,60.0,C11141004,B1,4.0,116.0,,552
36,APO,R+1C3,1,2.0,Positioner,P0533,108.0,R+1,C3,6C,6C,6C,61.0,C11141004,B2,4.0,104.0,,533
37,APO,R+1C4,1,2.0,Positioner,P1260,10756.0,R+1,C4,6D,6D,6D,62.0,,,,,,1260
38,APO,R+1C5,1,2.0,Positioner,P1201,10681.0,R+1,C5,6E,6E,6E,63.0,C11141004,B3,4.0,110.0,,1201
39,APO,R+5C7,1,2.0,Positioner,P1281,11160.0,R+5,C7,7A,7A,7A,54.0,C11141004,A3,4.0,108.0,,1281
40,APO,R+6C6,1,2.0,Positioner,P1290,11161.0,R+6,C6,7B,7B,7B,55.0,,,,,,1290
41,APO,R+7C5,1,2.0,Positioner,P0664,186.0,R+7,C5,7C,7C,7C,56.0,C11141004,A4,4.0,117.0,,664
42,APO,R+8C4,1,2.0,Positioner,P0608,524.0,R+8,C4,7D,7D,7D,57.0,,,,,,608
43,APO,R+9C3,1,2.0,Positioner,P0891,492.0,R+9,C3,7E,7E,7E,58.0,C11141004,A5,4.0,99.0,,891
44,APO,R+1C12,1,3.0,Positioner,P1012,408.0,R+1,C12,14C,14C,14C,22.0,,,,,,1012
45,APO,R+2C11,1,3.0,Positioner,P0599,387.0,R+2,C11,14D,14D,14D,23.0,C11141014,C3,5.0,142.0,,599
46,APO,R+3C10,1,3.0,Positioner,P0503,10737.0,R+3,C10,14E,14E,14E,24.0,,,,,,503
47,APO,R+9C4,1,3.0,Positioner,P1285,10911.0,R+9,C4,15A,15A,15A,15.0,,,,,,1285
48,APO,R+10C3,1,3.0,Positioner,P0264,10707.0,R+10,C3,15B,15B,15B,16.0,C11141014,C1 ,5.0,136.0,,264
49,APO,R+11C2,1,3.0,Positioner,P0396,532.0,R+11,C2,15C,15C,15C,17.0,,,,,,396
50,APO,R+10C2,1,3.0,Positioner,P0691,528.0,R+10,C2,15D,15D,15D,18.0,,,,,,691
51,APO,R+9C2,1,3.0,Positioner,P1213,10929.0,R+9,C2,15E,15E,15E,19.0,,,,,,1213
52,APO,R+2C2,1,3.0,Positioner,P0733,10679.0,R+2,C2,16A,16A,16A,10.0,,,,,,733
53,APO,R+1C2,1,3.0,Positioner,P0597,10903.0,R+1,C2,16B,16B,16B,11.0,,,,,,597
54,APO,R+1C1,1,3.0,Positioner,P0550,10768.0,R+1,C1,16C,16C,16C,12.0,C11141014,B4,5.0,141.0,,550
55,APO,R+6C2,1,3.0,Fiducial,FTO-201784,201784.0,R+6,C2,19DA,19DA,19DA,,,,,,,0
56,APO,R+8C2,1,3.0,Positioner,P1226,11009.0,R+8,C2,4A,4A,4A,69.0,,,,,,1226
57,APO,R+7C2,1,3.0,Positioner,P0994,375.0,R+7,C2,4B,4B,4B,70.0,,,,,,994
58,APO,R+5C2,1,3.0,Positioner,P1093,11169.0,R+5,C2,4C,4C,4C,71.0,,,,,,1093
59,APO,R+4C2,1,3.0,Positioner,P0971,200.0,R+4,C2,4D,4D,4D,72.0,,,,,,971
60,APO,R+3C2,1,3.0,Positioner,P0886,10647.0,R+3,C2,4E,4E,4E,73.0,,,,,,886
61,APO,R+4C9,1,3.0,Positioner,P0761,10665.0,R+4,C9,5A,5A,5A,64.0,C11141004,B4,4.0,118.0,,761
62,APO,R+5C8,1,3.0,Positioner,P1095,10982.0,R+5,C8,5B,5B,5B,65.0,,,,,,1095
63,APO,R+6C7,1,3.0,Positioner,P1251,10775.0,R+6,C7,5C,5C,5C,66.0,C11141004,B5,4.0,100.0,,1251
64,APO,R+7C6,1,3.0,Positioner,P0802,10858.0,R+7,C6,5D,5D,5D,67.0,,,,,,802
65,APO,R+8C5,1,3.0,Positioner,P0160,417.0,R+8,C5,5E,5E,5E,68.0,C11141004,B6,4.0,92.0,,160
66,APO,R+1C13,1,4.0,Positioner,P0846,11000.0,R+1,C13,16D,16D,16D,13.0,C11141014,B5,5.0,131.0,,846
67,APO,R+3C11,1,4.0,Positioner,P0914,487.0,R+3,C11,16E,16E,16E,14.0,C11141014,B6,5.0,124.0,,914
68,APO,R+11C3,1,4.0,Positioner,P0514,209.0,R+11,C3,17A,17A,17A,5.0,C11141014,A5,5.0,133.0,,514
69,APO,R+12C2,1,4.0,Positioner,P0333,10577.0,R+12,C2,17B,17B,17B,6.0,C11141014,A6,5.0,132.0,,333
70,APO,R+13C1,1,4.0,Positioner,P0483,545.0,R+13,C1,17C,17C,17C,7.0,C11141014,B1,5.0,135.0,,483
71,APO,R+12C1,1,4.0,Positioner,P1144,436.0,R+12,C1,17D,17D,17D,8.0,C11141014,B2,5.0,129.0,,1144
72,APO,R+11C1,1,4.0,Positioner,P0343,10957.0,R+11,C1,17E,17E,17E,9.0,C11141014,B3,5.0,139.0,,343
73,APO,R+5C1,1,4.0,Positioner,P1098,10810.0,R+5,C1,18A,18A,18A,1.0,C11141014,A1,5.0,122.0,,1098
74,APO,R+4C1,1,4.0,Positioner,P0674,212.0,R+4,C1,18B,18B,18B,2.0,C11141014,A2,5.0,144.0,,674
75,APO,R+3C1,1,4.0,Positioner,P0839,373.0,R+3,C1,18C,18C,18C,3.0,C11141014,A3,5.0,143.0,,839
76,APO,R+2C1,1,4.0,Positioner,P1267,10921.0,R+2,C1,18D,18D,18D,4.0,C11141014,A4,5.0,145.0,,1267
77,APO,R+2C12,1,4.0,Fiducial,FTO-201712,201712.0,R+2,C12,19EA,19EA,19EA,,,,,,,0
78,APO,R+6C8,1,4.0,Fiducial,FTO-201780,201780.0,R+6,C8,1AA,1AA,1AA,,,,,,,0
79,APO,R+10C4,1,4.0,Fiducial,FTO-201750,201750.0,R+10,C4,1BA,1BA,1BA,,,,,,,0
80,APO,R+10C1,1,4.0,Positioner,P1177,10920.0,R+10,C1,2A,2A,2A,79.0,C11141004,C4,4.0,115.0,,1177
81,APO,R+9C1,1,4.0,Positioner,P0809,422.0,R+9,C1,2B,2B,2B,80.0,C11141004,C5,4.0,120.0,,809
82,APO,R+8C1,1,4.0,Positioner,P0588,207.0,R+8,C1,2C,2C,2C,81.0,C11141004,C6,4.0,94.0,,588
83,APO,R+7C1,1,4.0,Positioner,P0793,10721.0,R+7,C1,2D,2D,2D,82.0,C11141004,D1,4.0,97.0,,793
84,APO,R+6C1,1,4.0,Positioner,P0383,420.0,R+6,C1,2E,2E,2E,83.0,C11141004,D2,4.0,119.0,,383
85,APO,R+4C10,1,4.0,Positioner,P0192,549.0,R+4,C10,3A,3A,3A,74.0,,,,,,192
86,APO,R+5C9,1,4.0,Positioner,P0741,10871.0,R+5,C9,3B,3B,3B,75.0,C11141004,C1 ,4.0,101.0,,741
87,APO,R+7C7,1,4.0,Positioner,P0016,10992.0,R+7,C7,3C,3C,3C,76.0,C11141004,C2,4.0,102.0,,16
88,APO,R+8C6,1,4.0,Positioner,P1270,10680.0,R+8,C6,3D,3D,3D,77.0,,,,,,1270
89,APO,R+9C5,1,4.0,Positioner,P1246,10811.0,R+9,C5,3E,3E,3E,78.0,C11141004,C3,4.0,112.0,,1246
90,APO,R+8C9,2,1.0,Positioner,P1049,542.0,R+8,C9,10A,10A,10A,123.0,,,,,,1049
91,APO,R+9C8,2,1.0,Positioner,P1028,440.0,R+9,C8,10B,10B,10B,124.0,C11141011,C2,1.0,2.0,,1028
92,APO,R+9C9,2,1.0,Positioner,P0721,10767.0,R+9,C9,10C,10C,10C,125.0,C11141011,C3,1.0,9.0,,721
93,APO,R+9C10,2,1.0,Positioner,P0985,357.0,R+9,C10,10D,10D,10D,126.0,C11141011,C4,1.0,10.0,,985
94,APO,R+7C10,2,1.0,Positioner,P0481,129.0,R+7,C10,10E,10E,10E,127.0,C11141011,C5,1.0,30.0,,481
95,APO,R+9C7,2,1.0,Positioner,P0580,464.0,R+9,C7,11A,11A,11A,118.0,C11141011,C1 ,1.0,29.0,,580
96,APO,R+10C6,2,1.0,Positioner,P0648,298.0,R+10,C6,11B,11B,11B,119.0,,,,,,648
97,APO,R+10C8,2,1.0,Positioner,P0956,452.0,R+10,C8,11C,11C,11C,120.0,,,,,,956
98,APO,R+10C9,2,1.0,Positioner,P0199,507.0,R+10,C9,11D,11D,11D,121.0,,,,,,199
99,APO,R+10C10,2,1.0,Positioner,P0760,10643.0,R+10,C10,11E,11E,11E,122.0,,,,,,760
100,APO,R+4C11,2,1.0,Positioner,P1037,391.0,R+4,C11,12A,12A,12A,113.0,,,,,,1037
101,APO,R+8C10,2,1.0,Fiducial,FTO-201705,201705.0,R+8,C10,19AA,19AA,19AA,,,,,,,0
102,APO,R+10C7,2,1.0,Fiducial,FTO-201719,201719.0,R+10,C7,19BA,19BA,19BA,,,,,,,0
103,APO,R+10C11,2,1.0,Fiducial,FTO-201753,201753.0,R+10,C11,19CA,19CA,19CA,,,,,,,0
104,APO,R+9C11,2,1.0,Positioner,P0963,457.0,R+9,C11,8A,8A,8A,133.0,C11141011,D2,1.0,28.0,,963
105,APO,R+8C11,2,1.0,Positioner,P0716,10663.0,R+8,C11,8B,8B,8B,134.0,,,,,,716
106,APO,R+7C11,2,1.0,Positioner,P0818,313.0,R+7,C11,8C,8C,8C,135.0,C11141011,D3,1.0,19.0,,818
107,APO,R+6C11,2,1.0,Positioner,P0623,489.0,R+6,C11,8D,8D,8D,136.0,,,,,,623
108,APO,R+5C11,2,1.0,Positioner,P1040,536.0,R+5,C11,8E,8E,8E,137.0,C11141011,D4,1.0,20.0,,1040
109,APO,R+6C10,2,1.0,Positioner,P0506,534.0,R+6,C10,9A,9A,9A,128.0,,,,,,506
110,APO,R+5C10,2,1.0,Positioner,P0495,538.0,R+5,C10,9B,9B,9B,129.0,C11141011,C6,1.0,7.0,,495
111,APO,R+6C9,2,1.0,Positioner,P0717,10900.0,R+6,C9,9C,9C,9C,130.0,,,,,,717
112,APO,R+7C9,2,1.0,Positioner,P0904,10876.0,R+7,C9,9D,9D,9D,131.0,C11141011,D1,1.0,23.0,,904
113,APO,R+8C8,2,1.0,Positioner,P0422,389.0,R+8,C8,9E,9E,9E,132.0,,,,,,422
114,APO,R+3C12,2,2.0,Positioner,P1126,409.0,R+3,C12,12B,12B,12B,114.0,C11141011,B5,1.0,14.0,,1126
115,APO,R+4C12,2,2.0,Positioner,P0638,151.0,R+4,C12,12C,12C,12C,115.0,,,,,,638
116,APO,R+5C12,2,2.0,Positioner,P0668,237.0,R+5,C12,12D,12D,12D,116.0,C11141011,B6,1.0,8.0,,668
117,APO,R+6C12,2,2.0,Positioner,P0849,453.0,R+6,C12,12E,12E,12E,117.0,,,,,,849
118,APO,R+11C11,2,2.0,Positioner,P0906,517.0,R+11,C11,13A,13A,13A,108.0,C11141011,A6,1.0,1.0,,906
119,APO,R+11C10,2,2.0,Positioner,P1069,10568.0,R+11,C10,13B,13B,13B,109.0,C11141011,B1,1.0,18.0,faint,1069
120,APO,R+11C9,2,2.0,Positioner,P0598,10786.0,R+11,C9,13C,13C,13C,110.0,C11141011,B2,1.0,21.0,,598
121,APO,R+11C8,2,2.0,Positioner,P0910,432.0,R+11,C8,13D,13D,13D,111.0,C11141011,B3,1.0,15.0,,910
122,APO,R+11C7,2,2.0,Positioner,P0757,344.0,R+11,C7,13E,13E,13E,112.0,C11141011,B4,1.0,16.0,,757
123,APO,R+8C7,2,2.0,Positioner,P0437,427.0,R+8,C7,14A,14A,14A,103.0,,,,,,437
124,APO,R+7C8,2,2.0,Positioner,P0448,293.0,R+7,C8,14B,14B,14B,104.0,C11141011,A4,1.0,27.0,,448
125,APO,R+11C6,2,2.0,Positioner,P0322,533.0,R+11,C6,6A,6A,6A,143.0,C11141011,E2,1.0,4.0,,322
126,APO,R+11C5,2,2.0,Positioner,P0786,430.0,R+11,C5,6B,6B,6B,144.0,C11141011,E3,1.0,22.0,,786
127,APO,R+11C4,2,2.0,Positioner,P0630,136.0,R+11,C4,6C,6C,6C,145.0,C11141011,E4,1.0,26.0,,630
128,APO,R+10C5,2,2.0,Positioner,P0572,10987.0,R+10,C5,6D,6D,6D,146.0,,,,,,572
129,APO,R+9C6,2,2.0,Positioner,P0409,426.0,R+9,C6,6E,6E,6E,147.0,C11141011,E5,1.0,17.0,,409
130,APO,R+7C12,2,2.0,Positioner,P0619,364.0,R+7,C12,7A,7A,7A,138.0,C11141011,D5,1.0,6.0,,619
131,APO,R+8C12,2,2.0,Positioner,P0781,483.0,R+8,C12,7B,7B,7B,139.0,,,,,,781
132,APO,R+9C12,2,2.0,Positioner,P0635,374.0,R+9,C12,7C,7C,7C,140.0,C11141011,D6,1.0,25.0,broken,635
133,APO,R+10C12,2,2.0,Positioner,P0840,10915.0,R+10,C12,7D,7D,7D,141.0,,,,,,840
134,APO,R+11C12,2,2.0,Positioner,P1300,10726.0,R+11,C12,7E,7E,7E,142.0,C11141011,E1,1.0,11.0,,1300
135,APO,R+2C13,2,3.0,Positioner,P0986,10610.0,R+2,C13,14C,14C,14C,105.0,,,,,,986
136,APO,R+3C13,2,3.0,Positioner,P0296,10621.0,R+3,C13,14D,14D,14D,106.0,C11141011,A5,1.0,5.0,,296
137,APO,R+4C13,2,3.0,Positioner,P1376,11145.0,R+4,C13,14E,14E,14E,107.0,,,,,,1376
138,APO,R+10C13,2,3.0,Positioner,P0903,10801.0,R+10,C13,15A,15A,15A,98.0,,,,,,903
139,APO,R+11C13,2,3.0,Positioner,P0866,10625.0,R+11,C13,15B,15B,15B,99.0,C11141011,A3,1.0,12.0,,866
140,APO,R+12C13,2,3.0,Positioner,P0402,383.0,R+12,C13,15C,15C,15C,100.0,,,,,,402
141,APO,R+12C12,2,3.0,Positioner,P0954,10831.0,R+12,C12,15D,15D,15D,101.0,,,,,,954
142,APO,R+12C11,2,3.0,Positioner,P1176,10633.0,R+12,C11,15E,15E,15E,102.0,,,,,,1176
143,APO,R+12C4,2,3.0,Positioner,P0372,10999.0,R+12,C4,16A,16A,16A,93.0,,,,,,372
144,APO,R+12C3,2,3.0,Positioner,P1365,11101.0,R+12,C3,16B,16B,16B,94.0,,,,,,1365
145,APO,R+13C2,2,3.0,Positioner,P1034,11240.0,R+13,C2,16C,16C,16C,95.0,C11141004,E6,4.0,113.0,,1034
146,APO,R+12C8,2,3.0,Fiducial,FTO-201752,201752.0,R+12,C8,19DA,19DA,19DA,,,,,,,0
147,APO,R+12C10,2,3.0,Positioner,P0885,10671.0,R+12,C10,4A,4A,4A,153.0,,,,,,885
148,APO,R+12C9,2,3.0,Positioner,P0452,179.0,R+12,C9,4B,4B,4B,154.0,,,,,,452
149,APO,R+12C7,2,3.0,Positioner,P1287,271.0,R+12,C7,4C,4C,4C,155.0,,,,,,1287
150,APO,R+12C6,2,3.0,Positioner,P0040,460.0,R+12,C6,4D,4D,4D,156.0,,,,,,40
151,APO,R+12C5,2,3.0,Positioner,P0940,465.0,R+12,C5,4E,4E,4E,157.0,,,,,,940
152,APO,R+5C13,2,3.0,Positioner,P0827,10599.0,R+5,C13,5A,5A,5A,148.0,C11141011,E6,1.0,3.0,,827
153,APO,R+6C13,2,3.0,Positioner,P0730,514.0,R+6,C13,5B,5B,5B,149.0,,,,,,730
154,APO,R+7C13,2,3.0,Positioner,P1241,10931.0,R+7,C13,5C,5C,5C,150.0,C11141002,A1,2.0,48.0,,1241
155,APO,R+8C13,2,3.0,Positioner,P0901,319.0,R+8,C13,5D,5D,5D,151.0,,,,,,901
156,APO,R+9C13,2,3.0,Positioner,P1070,515.0,R+9,C13,5E,5E,5E,152.0,C11141002,A2,2.0,55.0,,1070
157,APO,R+1C14,2,4.0,Positioner,P0548,447.0,R+1,C14,16D,16D,16D,96.0,C11141011,A1,1.0,13.0,,548
158,APO,R+3C14,2,4.0,Positioner,P0575,531.0,R+3,C14,16E,16E,16E,97.0,C11141011,A2,1.0,24.0,,575
159,APO,R+11C14,2,4.0,Positioner,P0895,502.0,R+11,C14,17A,17A,17A,88.0,C11141004,E1,4.0,96.0,,895
160,APO,R+12C14,2,4.0,Positioner,P0654,365.0,R+12,C14,17B,17B,17B,89.0,C11141004,E2,4.0,91.0,,654
161,APO,R+13C14,2,4.0,Positioner,P0361,399.0,R+13,C14,17C,17C,17C,90.0,C11141004,E3,4.0,98.0,,361
162,APO,R+13C13,2,4.0,Positioner,P0605,236.0,R+13,C13,17D,17D,17D,91.0,C11141004,E4,4.0,103.0,,605
163,APO,R+13C12,2,4.0,Positioner,P0417,10658.0,R+13,C12,17E,17E,17E,92.0,C11141004,E5,4.0,93.0,,417
164,APO,R+13C6,2,4.0,Positioner,P1364,11106.0,R+13,C6,18A,18A,18A,84.0,C11141004,D3,4.0,105.0,,1364
165,APO,R+13C5,2,4.0,Positioner,P1190,11168.0,R+13,C5,18B,18B,18B,85.0,C11141004,D4,4.0,111.0,,1190
166,APO,R+13C4,2,4.0,Positioner,P0877,10575.0,R+13,C4,18C,18C,18C,86.0,C11141004,D5,4.0,114.0,,877
167,APO,R+13C3,2,4.0,Positioner,P0857,10857.0,R+13,C3,18D,18D,18D,87.0,C11141004,D6,4.0,106.0,,857
168,APO,R+2C14,2,4.0,Fiducial,FTO-201717,201717.0,R+2,C14,19EA,19EA,19EA,,,,,,,0
169,APO,R+6C14,2,4.0,Fiducial,FTO-201700,201700.0,R+6,C14,1AA,1AA,1AA,,,,,,,0
170,APO,R+10C14,2,4.0,Fiducial,FTO-201751,201751.0,R+10,C14,1BA,1BA,1BA,,,,,,,0
171,APO,R+13C11,2,4.0,Positioner,P0228,10989.0,R+13,C11,2A,2A,2A,163.0,C11141002,A6,2.0,53.0,,228
172,APO,R+13C10,2,4.0,Positioner,P1044,512.0,R+13,C10,2B,2B,2B,164.0,C11141002,B1,2.0,50.0,,1044
173,APO,R+13C9,2,4.0,Positioner,P0894,448.0,R+13,C9,2C,2C,2C,165.0,C11141002,B2,2.0,56.0,,894
174,APO,R+13C8,2,4.0,Positioner,P0488,360.0,R+13,C8,2D,2D,2D,166.0,C11141002,B3,2.0,37.0,,488
175,APO,R+13C7,2,4.0,Positioner,P1252,10994.0,R+13,C7,2E,2E,2E,167.0,C11141002,B4,2.0,46.0,,1252
176,APO,R+4C14,2,4.0,Positioner,P1382,11132.0,R+4,C14,3A,3A,3A,158.0,,,,,,1382
177,APO,R+5C14,2,4.0,Positioner,P0814,211.0,R+5,C14,3B,3B,3B,159.0,C11141002,A3,2.0,41.0,,814
178,APO,R+7C14,2,4.0,Positioner,P0604,183.0,R+7,C14,3C,3C,3C,160.0,C11141002,A4,2.0,43.0,,604
179,APO,R+8C14,2,4.0,Positioner,P0964,315.0,R+8,C14,3D,3D,3D,161.0,,,,,,964
180,APO,R+9C14,2,4.0,Positioner,P0973,10738.0,R+9,C14,3E,3E,3E,162.0,C11141002,A5,2.0,39.0,,973
181,APO,R+5C17,3,1.0,Positioner,P0052,418.0,R+5,C17,10A,10A,10A,206.0,,,,,,52
182,APO,R+6C17,3,1.0,Positioner,P0681,297.0,R+6,C17,10B,10B,10B,207.0,C11141015,A3,3.0,71.0,,681
183,APO,R+5C18,3,1.0,Positioner,P1017,372.0,R+5,C18,10C,10C,10C,208.0,C11141015,A4,3.0,70.0,,1017
184,APO,R+4C19,3,1.0,Positioner,P0852,10746.0,R+4,C19,10D,10D,10D,209.0,C11141015,A5,3.0,90.0,,852
185,APO,R+4C17,3,1.0,Positioner,P0463,10584.0,R+4,C17,10E,10E,10E,210.0,C11141015,A6,3.0,83.0,,463
186,APO,R+7C16,3,1.0,Positioner,P1240,10916.0,R+7,C16,11A,11A,11A,201.0,C11141015,A2,3.0,66.0,,1240
187,APO,R+8C16,3,1.0,Positioner,P1182,10851.0,R+8,C16,11B,11B,11B,202.0,,,,,,1182
188,APO,R+6C18,3,1.0,Positioner,P0908,10895.0,R+6,C18,11C,11C,11C,203.0,,,,,,908
189,APO,R+5C19,3,1.0,Positioner,P0063,10645.0,R+5,C19,11D,11D,11D,204.0,,,,,,63
190,APO,R+4C20,3,1.0,Positioner,P0460,10573.0,R+4,C20,11E,11E,11E,205.0,,,,,,460
191,APO,R+3C15,3,1.0,Positioner,P0694,99.0,R+3,C15,12A,12A,12A,197.0,,,,,,694
192,APO,R+4C18,3,1.0,Fiducial,FTO-201711,201711.0,R+4,C18,19AA,19AA,19AA,,,,,,,0
193,APO,R+7C17,3,1.0,Fiducial,FTO-201702,201702.0,R+7,C17,19BA,19BA,19BA,,,,,,,0
194,APO,R+3C21,3,1.0,Fiducial,FTO-201707,201707.0,R+3,C21,19CA,19CA,19CA,,,,,,,0
195,APO,R+3C20,3,1.0,Positioner,P0912,510.0,R+3,C20,8A,8A,8A,216.0,C11141015,B3,3.0,62.0,,912
196,APO,R+3C19,3,1.0,Positioner,P0902,10722.0,R+3,C19,8B,8B,8B,217.0,,,,,,902
197,APO,R+3C18,3,1.0,Positioner,P0719,385.0,R+3,C18,8C,8C,8C,218.0,C11141015,B4,3.0,87.0,,719
198,APO,R+3C17,3,1.0,Positioner,P0825,354.0,R+3,C17,8D,8D,8D,219.0,,,,,,825
199,APO,R+3C16,3,1.0,Positioner,P1329,411.0,R+3,C16,8E,8E,8E,220.0,C11141015,B5,3.0,63.0,,1329
200,APO,R+4C16,3,1.0,Positioner,P0816,10713.0,R+4,C16,9A,9A,9A,211.0,,,,,,816
201,APO,R+4C15,3,1.0,Positioner,P0261,10977.0,R+4,C15,9B,9B,9B,212.0,C11141015,B1,3.0,65.0,,261
202,APO,R+5C15,3,1.0,Positioner,P0965,451.0,R+5,C15,9C,9C,9C,213.0,,,,,,965
203,APO,R+5C16,3,1.0,Positioner,P0475,343.0,R+5,C16,9D,9D,9D,214.0,C11141015,B2,3.0,79.0,,475
204,APO,R+6C16,3,1.0,Positioner,P0790,11013.0,R+6,C16,9E,9E,9E,215.0,,,,,,790
205,APO,R+2C15,3,2.0,Positioner,P0693,187.0,R+2,C15,12B,12B,12B,198.0,C11141002,E6,2.0,54.0,,693
206,APO,R+2C17,3,2.0,Positioner,P0450,10770.0,R+2,C17,12D,12D,12D,199.0,C11141015,A1,3.0,61.0,,450
207,APO,R+2C18,3,2.0,Positioner,P0709,438.0,R+2,C18,12E,12E,12E,200.0,,,,,,709
208,APO,R+3C22,3,2.0,Positioner,P0835,10759.0,R+3,C22,13A,13A,13A,192.0,C11141002,E1,2.0,31.0,,835
209,APO,R+4C21,3,2.0,Positioner,P0899,10753.0,R+4,C21,13B,13B,13B,193.0,C11141002,E2,2.0,33.0,,899
210,APO,R+5C20,3,2.0,Positioner,P0689,519.0,R+5,C20,13C,13C,13C,194.0,C11141002,E3,2.0,45.0,,689
211,APO,R+6C19,3,2.0,Positioner,P0501,10566.0,R+6,C19,13D,13D,13D,195.0,C11141002,E4,2.0,34.0,,501
212,APO,R+7C18,3,2.0,Positioner,P0698,10654.0,R+7,C18,13E,13E,13E,196.0,C11141002,E5,2.0,40.0,,698
213,APO,R+7C15,3,2.0,Positioner,P1043,10808.0,R+7,C15,14A,14A,14A,187.0,,,,,,1043
214,APO,R+6C15,3,2.0,Positioner,P0577,388.0,R+6,C15,14B,14B,14B,188.0,C11141002,D5,2.0,36.0,,577
215,APO,R+8C17,3,2.0,Positioner,P0692,201.0,R+8,C17,6A,6A,6A,226.0,C11141015,C3,3.0,81.0,,692
216,APO,R+9C16,3,2.0,Positioner,P0787,10779.0,R+9,C16,6B,6B,6B,227.0,C11141015,C4,3.0,88.0,,787
217,APO,R+10C15,3,2.0,Positioner,P1013,444.0,R+10,C15,6C,6C,6C,228.0,C11141015,C5,3.0,68.0,,1013
218,APO,R+9C15,3,2.0,Positioner,P0868,10692.0,R+9,C15,6D,6D,6D,229.0,,,,,,868
219,APO,R+8C15,3,2.0,Positioner,P0493,231.0,R+8,C15,6E,6E,6E,230.0,C11141015,C6,3.0,78.0,,493
220,APO,R+2C19,3,2.0,Positioner,P0765,449.0,R+2,C19,7A,7A,7A,221.0,C11141015,B6,3.0,72.0,,765
221,APO,R+2C20,3,2.0,Positioner,P0936,467.0,R+2,C20,7B,7B,7B,222.0,,,,,,936
222,APO,R+2C21,3,2.0,Positioner,P0921,152.0,R+2,C21,7C,7C,7C,223.0,C11141015,C1 ,3.0,80.0,,921
223,APO,R+2C22,3,2.0,Positioner,P0762,10620.0,R+2,C22,7D,7D,7D,224.0,,,,,,762
224,APO,R+2C23,3,2.0,Positioner,P1301,10605.0,R+2,C23,7E,7E,7E,225.0,C11141015,C2,3.0,82.0,,1301
225,APO,R+1C15,3,3.0,Positioner,P0671,10769.0,R+1,C15,14C,14C,14C,189.0,,,,,,671
226,APO,R+1C16,3,3.0,Positioner,P1016,287.0,R+1,C16,14D,14D,14D,190.0,C11141002,D6,2.0,51.0,,1016
227,APO,R+1C17,3,3.0,Positioner,P0600,369.0,R+1,C17,14E,14E,14E,191.0,,,,,,600
228,APO,R+1C23,3,3.0,Positioner,P1023,10629.0,R+1,C23,15A,15A,15A,182.0,,,,,,1023
229,APO,R+1C24,3,3.0,Positioner,P0942,10673.0,R+1,C24,15B,15B,15B,183.0,C11141002,D4,2.0,59.0,,942
230,APO,R+1C25,3,3.0,Positioner,P1096,10558.0,R+1,C25,15C,15C,15C,184.0,,,,,,1096
231,APO,R+2C24,3,3.0,Positioner,P0951,10966.0,R+2,C24,15D,15D,15D,185.0,,,,,,951
232,APO,R+3C23,3,3.0,Positioner,P0832,10804.0,R+3,C23,15E,15E,15E,186.0,,,,,,832
233,APO,R+10C16,3,3.0,Positioner,P0819,471.0,R+10,C16,16A,16A,16A,177.0,,,,,,819
234,APO,R+11C15,3,3.0,Positioner,P0432,10850.0,R+11,C15,16B,16B,16B,178.0,,,,,,432
235,APO,R+12C15,3,3.0,Positioner,P0938,488.0,R+12,C15,16C,16C,16C,179.0,C11141002,D1,2.0,44.0,,938
236,APO,R+6C20,3,3.0,Fiducial,FTO-201782,201782.0,R+6,C20,19DA,19DA,19DA,,,,,,,0
237,APO,R+4C22,3,3.0,Positioner,P0806,10743.0,R+4,C22,4A,4A,4A,236.0,,,,,,806
238,APO,R+5C21,3,3.0,Positioner,P1046,10580.0,R+5,C21,4B,4B,4B,237.0,,,,,,1046
239,APO,R+7C19,3,3.0,Positioner,P0200,476.0,R+7,C19,4C,4C,4C,238.0,,,,,,200
240,APO,R+8C18,3,3.0,Positioner,P0660,362.0,R+8,C18,4D,4D,4D,239.0,,,,,,660
241,APO,R+9C17,3,3.0,Positioner,P0626,10758.0,R+9,C17,4E,4E,4E,240.0,,,,,,626
242,APO,R+1C18,3,3.0,Positioner,P0837,10802.0,R+1,C18,5A,5A,5A,231.0,C11141015,D1,3.0,69.0,,837
243,APO,R+1C19,3,3.0,Positioner,P1094,10634.0,R+1,C19,5B,5B,5B,232.0,,,,,,1094
244,APO,R+1C20,3,3.0,Positioner,P0779,541.0,R+1,C20,5C,5C,5C,233.0,C11141015,D2,3.0,85.0,,779
245,APO,R+1C21,3,3.0,Positioner,P0724,10699.0,R+1,C21,5D,5D,5D,234.0,,,,,,724
246,APO,R+1C22,3,3.0,Positioner,P0997,484.0,R+1,C22,5E,5E,5E,235.0,C11141015,D3,3.0,86.0,,997
247,APO,R0C15,3,4.0,Positioner,P0984,205.0,R0,C15,16D,16D,16D,180.0,C11141002,D2,2.0,32.0,,984
248,APO,R0C17,3,4.0,Positioner,P1036,390.0,R0,C17,16E,16E,16E,181.0,C11141002,D3,2.0,47.0,,1036
249,APO,R0C25,3,4.0,Positioner,P0613,10823.0,R0,C25,17A,17A,17A,172.0,C11141002,C3,2.0,35.0,,613
250,APO,R0C26,3,4.0,Positioner,P0870,10622.0,R0,C26,17B,17B,17B,173.0,C11141002,C4,2.0,38.0,,870
251,APO,,3,,Calibration,FPICalib1,3001650000000.0,,,17C,17C,17C,,C11141015,D4,3.0,75.0,,0
252,APO,R+1C26,3,4.0,Positioner,P0507,202.0,R+1,C26,17D,17D,17D,175.0,C11141002,C5,2.0,42.0,,507
253,APO,R+2C25,3,4.0,Positioner,P0375,10712.0,R+2,C25,17E,17E,17E,176.0,C11141002,C6,2.0,57.0,,375
254,APO,R+8C19,3,4.0,Positioner,P1109,10839.0,R+8,C19,18A,18A,18A,168.0,C11141002,B5,2.0,60.0,,1109
255,APO,R+9C18,3,4.0,Positioner,P0830,466.0,R+9,C18,18B,18B,18B,169.0,C11141002,B6,2.0,52.0,,830
256,APO,R+10C17,3,4.0,Positioner,P1091,10968.0,R+10,C17,18C,18C,18C,170.0,C11141002,C1 ,2.0,49.0,,1091
257,APO,R+11C16,3,4.0,Positioner,P0678,10730.0,R+11,C16,18D,18D,18D,171.0,C11141002,C2,2.0,58.0,,678
258,APO,R0C27,3,4.0,Positioner,P0999,10728.0,R0,C27,18E,17C,17C,174.0,,,,,,999
259,APO,R0C16,3,4.0,Fiducial,FTO-201514,201514.0,R0,C16,19EA,19EA,19EA,,,,,,,0
260,APO,R0C20,3,4.0,Fiducial,FTO-201468,201468.0,R0,C20,1AA,1AA,1AA,,,,,,,0
261,APO,R0C24,3,4.0,Fiducial,FTO-201474,201474.0,R0,C24,1BA,1BA,1BA,,,,,,,0
262,APO,R+3C24,3,4.0,Positioner,P1019,499.0,R+3,C24,2A,2A,2A,246.0,C11141015,E1,3.0,84.0,,1019
263,APO,R+4C23,3,4.0,Positioner,P0872,548.0,R+4,C23,2B,2B,2B,247.0,C11141015,E2,3.0,77.0,,872
264,APO,R+5C22,3,4.0,Positioner,P0847,10659.0,R+5,C22,2C,2C,2C,248.0,C11141015,E3,3.0,74.0,,847
265,APO,R+6C21,3,4.0,Positioner,P0706,10825.0,R+6,C21,2D,2D,2D,249.0,C11141015,E4,3.0,67.0,,706
266,APO,R+7C20,3,4.0,Positioner,P1155,10854.0,R+7,C20,2E,2E,2E,250.0,C11141015,E5,3.0,76.0,,1155
267,APO,R0C18,3,4.0,Positioner,P0805,535.0,R0,C18,3A,3A,3A,241.0,,,,,,805
268,APO,R0C19,3,4.0,Positioner,P0932,386.0,R0,C19,3B,3B,3B,242.0,C11141015,E6,3.0,64.0,,932
269,APO,R0C21,3,4.0,Positioner,P0784,299.0,R0,C21,3C,3C,3C,243.0,C11141015,D5,3.0,73.0,,784
270,APO,R0C22,3,4.0,Positioner,P1125,349.0,R0,C22,3D,3D,3D,244.0,,,,,,1125
271,APO,R0C23,3,4.0,Positioner,P1370,10784.0,R0,C23,3E,3E,3E,245.0,C11141015,D6,3.0,89.0,,1370
272,APO,R-3C19,4,1.0,Positioner,P1208,10990.0,R-3,C19,10A,10A,10A,289.0,,,,,,1208
273,APO,R-3C20,4,1.0,Positioner,P0991,505.0,R-3,C20,10B,10B,10B,290.0,C11141017,A4,8.0,226.0,,991
274,APO,R-4C19,4,1.0,Positioner,P0943,468.0,R-4,C19,10C,10C,10C,291.0,C11141017,A5,8.0,223.0,,943
275,APO,R-5C18,4,1.0,Positioner,P0665,300.0,R-5,C18,10D,10D,10D,292.0,C11141017,A6,8.0,220.0,,665
276,APO,R-3C18,4,1.0,Positioner,P0791,172.0,R-3,C18,10E,10E,10E,293.0,C11141017,B1,8.0,224.0,,791
277,APO,R-2C21,4,1.0,Positioner,P0302,10639.0,R-2,C21,11A,11A,11A,284.0,C11141017,B2,8.0,228.0,,302
278,APO,R-2C22,4,1.0,Positioner,P0753,332.0,R-2,C22,11B,11B,11B,285.0,,,,,,753
279,APO,R-4C20,4,1.0,Positioner,P0842,10763.0,R-4,C20,11C,11C,11C,286.0,,,,,,842
280,APO,R-5C19,4,1.0,Positioner,P0742,10715.0,R-5,C19,11D,11D,11D,287.0,,,,,,742
281,APO,R-6C18,4,1.0,Positioner,P0831,317.0,R-6,C18,11E,11E,11E,288.0,,,,,,831
282,APO,R-1C17,4,1.0,Positioner,P0796,10731.0,R-1,C17,12A,12A,12A,280.0,,,,,,796
283,APO,R-4C18,4,1.0,Fiducial,FTO-201781,201781.0,R-4,C18,19AA,19AA,19AA,,,,,,,0
284,APO,R-3C21,4,1.0,Fiducial,FTO-201080,201080.0,R-3,C21,19BA,19BA,19BA,,,,,,,0
285,APO,R-7C17,4,1.0,Fiducial,FTO-201749,201749.0,R-7,C17,19CA,19CA,19CA,,,,,,,0
286,APO,R-6C17,4,1.0,Positioner,P0715,394.0,R-6,C17,8A,8A,8A,299.0,C11141005,E5,7.0,205.0,,715
287,APO,R-5C17,4,1.0,Positioner,P0640,226.0,R-5,C17,8B,8B,8B,300.0,,,,,,640
288,APO,R-4C17,4,1.0,Positioner,P0690,11051.0,R-4,C17,8C,8C,8C,301.0,C11141005,E6,7.0,201.0,,690
289,APO,R-3C17,4,1.0,Positioner,P0256,11014.0,R-3,C17,8D,8D,8D,302.0,,,,,,256
290,APO,R-2C17,4,1.0,Positioner,P0455,100.0,R-2,C17,8E,8E,8E,303.0,C11141017,A1,8.0,238.0,,455
291,APO,R-2C18,4,1.0,Positioner,P0828,10796.0,R-2,C18,9A,9A,9A,294.0,,,,,,828
292,APO,R-1C18,4,1.0,Positioner,P1000,10653.0,R-1,C18,9B,9B,9B,295.0,C11141017,A2,8.0,217.0,,1000
293,APO,R-1C19,4,1.0,Positioner,P0581,543.0,R-1,C19,9C,9C,9C,296.0,,,,,,581
294,APO,R-2C19,4,1.0,Positioner,P0989,367.0,R-2,C19,9D,9D,9D,297.0,C11141017,E6,8.0,212.0,,989
295,APO,R-2C20,4,1.0,Positioner,P0170,10956.0,R-2,C20,9E,9E,9E,298.0,,,,,,170
296,APO,R-1C16,4,2.0,Positioner,P1345,11107.0,R-1,C16,12B,12B,12B,281.0,C11141017,B3,8.0,231.0,,1345
297,APO,R-3C16,4,2.0,Positioner,P1113,10627.0,R-3,C16,12D,12D,12D,282.0,C11141017,B4,8.0,235.0,,1113
298,APO,R-4C16,4,2.0,Positioner,P1334,157.0,R-4,C16,12E,12E,12E,283.0,,,,,,1334
299,APO,R-8C17,4,2.0,Positioner,P0896,11207.0,R-8,C17,13A,13A,13A,275.0,C11141017,B5,8.0,230.0,,896
300,APO,R-7C18,4,2.0,Positioner,P0871,546.0,R-7,C18,13B,13B,13B,276.0,C11141017,B6,8.0,234.0,,871
301,APO,R-6C19,4,2.0,Positioner,P0544,273.0,R-6,C19,13C,13C,13C,277.0,C11141017,C1 ,8.0,229.0,,544
302,APO,R-5C20,4,2.0,Positioner,P1051,381.0,R-5,C20,13D,13D,13D,278.0,C11141017,C2,8.0,233.0,,1051
303,APO,R-4C21,4,2.0,Positioner,P0610,419.0,R-4,C21,13E,13E,13E,279.0,C11141017,C3,8.0,232.0,,610
304,APO,R-1C21,4,2.0,Positioner,P0975,348.0,R-1,C21,14A,14A,14A,270.0,,,,,,975
305,APO,R-1C20,4,2.0,Positioner,P0675,500.0,R-1,C20,14B,14B,14B,271.0,C11141017,C4,8.0,227.0,,675
306,APO,R-1C15,4,2.0,Positioner,P1215,10836.0,R-1,C15,14C,14C,14C,272.0,,,,,,1215
307,APO,R-3C22,4,2.0,Positioner,P0714,547.0,R-3,C22,6A,6A,6A,309.0,C11141005,D4,7.0,209.0,,714
308,APO,R-2C23,4,2.0,Positioner,P0554,305.0,R-2,C23,6B,6B,6B,310.0,C11141005,D5,7.0,197.0,,554
309,APO,R-1C24,4,2.0,Positioner,P0748,10714.0,R-1,C24,6C,6C,6C,311.0,C11141005,D6,7.0,210.0,,748
310,APO,R-1C23,4,2.0,Positioner,P1266,10995.0,R-1,C23,6D,6D,6D,312.0,,,,,,1266
311,APO,R-1C22,4,2.0,Positioner,P1081,10597.0,R-1,C22,6E,6E,6E,313.0,C11141005,E1,7.0,196.0,,1081
312,APO,R-5C16,4,2.0,Positioner,P0631,10924.0,R-5,C16,7A,7A,7A,304.0,C11141005,E2,7.0,202.0,,631
313,APO,R-6C16,4,2.0,Positioner,P0804,350.0,R-6,C16,7B,7B,7B,305.0,,,,,,804
314,APO,R-7C16,4,2.0,Positioner,P0687,175.0,R-7,C16,7C,7C,7C,306.0,C11141005,E3,7.0,186.0,,687
315,APO,R-8C16,4,2.0,Positioner,P0641,11142.0,R-8,C16,7D,7D,7D,307.0,,,,,,641
316,APO,R-9C16,4,2.0,Positioner,P0245,11175.0,R-9,C16,7E,7E,7E,308.0,C11141005,E4,7.0,193.0,,245
317,APO,R-2C15,4,3.0,Positioner,P1289,10970.0,R-2,C15,14D,14D,14D,273.0,C11141017,C5,8.0,219.0,,1289
318,APO,R-3C15,4,3.0,Positioner,P1086,11016.0,R-3,C15,14E,14E,14E,274.0,,,,,,1086
319,APO,R-9C15,4,3.0,Positioner,P0130,10963.0,R-9,C15,15A,15A,15A,265.0,,,,,,130
320,APO,R-10C15,4,3.0,Positioner,P0215,11036.0,R-10,C15,15B,15B,15B,266.0,C11141017,C6,8.0,237.0,,215
321,APO,R-11C15,4,3.0,Positioner,P0155,11119.0,R-11,C15,15C,15C,15C,267.0,,,,,,155
322,APO,R-10C16,4,3.0,Positioner,P0444,11018.0,R-10,C16,15D,15D,15D,268.0,,,,,,444
323,APO,R-9C17,4,3.0,Positioner,P1100,11041.0,R-9,C17,15E,15E,15E,269.0,,,,,,1100
324,APO,R-2C24,4,3.0,Positioner,P0138,10733.0,R-2,C24,16A,16A,16A,260.0,,,,,,138
325,APO,R-1C25,4,3.0,Positioner,P1264,10892.0,R-1,C25,16B,16B,16B,261.0,,,,,,1264
326,APO,R-1C26,4,3.0,Positioner,P0394,11049.0,R-1,C26,16C,16C,16C,262.0,C11141017,D1,8.0,240.0,,394
327,APO,R-6C20,4,3.0,Fiducial,FTO-201716,201716.0,R-6,C20,19DA,19DA,19DA,,,,,,,0
328,APO,R-8C18,4,3.0,Positioner,P0285,10898.0,R-8,C18,4A,4A,4A,319.0,,,,,,285
329,APO,R-7C19,4,3.0,Positioner,P0126,11026.0,R-7,C19,4B,4B,4B,320.0,,,,,,126
330,APO,R-5C21,4,3.0,Positioner,P1115,10941.0,R-5,C21,4C,4C,4C,321.0,,,,,,1115
331,APO,R-4C22,4,3.0,Positioner,P1232,11171.0,R-4,C22,4D,4D,4D,322.0,,,,,,1232
332,APO,R-3C23,4,3.0,Positioner,P1326,11167.0,R-3,C23,4E,4E,4E,323.0,,,,,,1326
333,APO,R-4C15,4,3.0,Positioner,P0523,106.0,R-4,C15,5A,5A,5A,314.0,C11141005,D1,7.0,191.0,,523
334,APO,R-5C15,4,3.0,Positioner,P0950,10965.0,R-5,C15,5B,5B,5B,315.0,,,,,,950
335,APO,R-6C15,4,3.0,Positioner,P0996,11087.0,R-6,C15,5C,5C,5C,316.0,C11141005,D2,7.0,183.0,,996
336,APO,R-7C15,4,3.0,Positioner,P1042,10914.0,R-7,C15,5D,5D,5D,317.0,,,,,,1042
337,APO,R-8C15,4,3.0,Positioner,P1114,10934.0,R-8,C15,5E,5E,5E,318.0,C11141005,D3,7.0,203.0,,1114
338,APO,R-1C14,4,4.0,Positioner,P0003,11192.0,R-1,C14,16D,16D,16D,263.0,C11141017,D2,8.0,214.0,,3
339,APO,R-3C14,4,4.0,Positioner,P1358,11203.0,R-3,C14,16E,16E,16E,264.0,C11141017,D3,8.0,215.0,,1358
340,APO,R-11C14,4,4.0,Positioner,P1156,11179.0,R-11,C14,17A,17A,17A,255.0,C11141017,D4,8.0,239.0,,1156
341,APO,R-12C14,4,4.0,Positioner,P1101,11247.0,R-12,C14,17B,17B,17B,256.0,C11141017,D5,8.0,213.0,,1101
342,APO,,4,,Calibration,FPICalib2,3001650000000.0,,,17C,17C,17C,,C11141017,A3,8.0,225.0,,0
343,APO,R-12C15,4,4.0,Positioner,P0114,11231.0,R-12,C15,17D,17D,17D,258.0,C11141017,D6,8.0,236.0,,114
344,APO,R-11C16,4,4.0,Positioner,P0293,11065.0,R-11,C16,17E,17E,17E,259.0,C11141017,E1,8.0,218.0,,293
345,APO,R-5C22,4,4.0,Positioner,P1158,11213.0,R-5,C22,18A,18A,18A,251.0,C11141017,E2,8.0,211.0,,1158
346,APO,R-4C23,4,4.0,Positioner,P1058,11102.0,R-4,C23,18B,18B,18B,252.0,C11141017,E3,8.0,221.0,,1058
347,APO,R-3C24,4,4.0,Positioner,P0107,11250.0,R-3,C24,18C,18C,18C,253.0,C11141017,E4,8.0,222.0,,107
348,APO,R-2C25,4,4.0,Positioner,P0589,11212.0,R-2,C25,18D,18D,18D,254.0,C11141017,E5,8.0,216.0,,589
349,APO,R-13C14,4,4.0,Positioner,P0941,11230.0,R-13,C14,18E,17C,17C,257.0,,,,,,941
350,APO,R-2C14,4,4.0,Fiducial,FTO-201520,201520.0,R-2,C14,19EA,19EA,19EA,,,,,,,0
351,APO,R-6C14,4,4.0,Fiducial,FTO-201072,201072.0,R-6,C14,1AA,1AA,1AA,,,,,,,0
352,APO,R-10C14,4,4.0,Fiducial,FTO-201058,201058.0,R-10,C14,1BA,1BA,1BA,,,,,,,0
353,APO,R-10C17,4,4.0,Positioner,P1229,1114.0,R-10,C17,2A,2A,2A,329.0,C11141005,B5,7.0,188.0,,1229
354,APO,R-9C18,4,4.0,Positioner,P1302,11156.0,R-9,C18,2B,2B,2B,330.0,C11141005,B6,7.0,187.0,,1302
355,APO,R-8C19,4,4.0,Positioner,P1131,11103.0,R-8,C19,2C,2C,2C,331.0,C11141005,C1 ,7.0,185.0,,1131
356,APO,R-7C20,4,4.0,Positioner,P1064,11112.0,R-7,C20,2D,2D,2D,332.0,C11141005,C2,7.0,200.0,,1064
357,APO,R-6C21,4,4.0,Positioner,P0129,10938.0,R-6,C21,2E,2E,2E,333.0,C11141005,C3,7.0,194.0,,129
358,APO,R-4C14,4,4.0,Positioner,P0275,11120.0,R-4,C14,3A,3A,3A,324.0,,,,,,275
359,APO,R-5C14,4,4.0,Positioner,P1333,11110.0,R-5,C14,3B,3B,3B,325.0,C11141005,C4,7.0,195.0,,1333
360,APO,R-7C14,4,4.0,Positioner,P0184,11045.0,R-7,C14,3C,3C,3C,326.0,C11141005,C5,7.0,184.0,,184
361,APO,R-8C14,4,4.0,Positioner,P0159,11141.0,R-8,C14,3D,3D,3D,327.0,,,,,,159
362,APO,R-9C14,4,4.0,Positioner,P0162,11015.0,R-9,C14,3E,3E,3E,328.0,C11141005,C6,7.0,192.0,,162
363,APO,R-8C11,5,1.0,Positioner,P1316,154.0,R-8,C11,10A,10A,10A,373.0,,,,,,1316
364,APO,R-9C11,5,1.0,Positioner,P0865,11227.0,R-9,C11,10B,10B,10B,374.0,C11141013,C2,6.0,179.0,,865
365,APO,R-9C10,5,1.0,Positioner,P1150,11201.0,R-9,C10,10C,10C,10C,375.0,C11141013,C3,6.0,180.0,,1150
366,APO,R-9C9,5,1.0,Positioner,P1187,11155.0,R-9,C9,10D,10D,10D,376.0,C11141013,C4,6.0,167.0,,1187
367,APO,R-7C11,5,1.0,Positioner,P1303,10785.0,R-7,C11,10E,10E,10E,377.0,C11141013,C5,6.0,151.0,,1303
368,APO,R-9C12,5,1.0,Positioner,P0676,11133.0,R-9,C12,11A,11A,11A,368.0,C11141013,C6,6.0,152.0,,676
369,APO,R-10C12,5,1.0,Positioner,P0136,11226.0,R-10,C12,11B,11B,11B,369.0,,,,,,136
370,APO,R-10C10,5,1.0,Positioner,P0148,11165.0,R-10,C10,11C,11C,11C,370.0,,,,,,148
371,APO,R-10C9,5,1.0,Positioner,P1106,11208.0,R-10,C9,11D,11D,11D,371.0,,,,,,1106
372,APO,R-10C8,5,1.0,Positioner,P1388,11185.0,R-10,C8,11E,11E,11E,372.0,,,,,,1388
373,APO,R-4C13,5,1.0,Positioner,P1207,11219.0,R-4,C13,12A,12A,12A,363.0,,,,,,1207
374,APO,R-8C10,5,1.0,Fiducial,FTO-201771,201771.0,R-8,C10,19AA,19AA,19AA,,,,,,,0
375,APO,R-10C11,5,1.0,Fiducial,FTO-201770,201770.0,R-10,C11,19BA,19BA,19BA,,,,,,,0
376,APO,R-10C7,5,1.0,Fiducial,FTO-201772,201772.0,R-10,C7,19CA,19CA,19CA,,,,,,,0
377,APO,R-9C8,5,1.0,Positioner,P1336,11174.0,R-9,C8,8A,8A,8A,383.0,C11141013,B3,6.0,173.0,,1336
378,APO,R-8C9,5,1.0,Positioner,P0948,10739.0,R-8,C9,8B,8B,8B,384.0,,,,,,948
379,APO,R-7C10,5,1.0,Positioner,P1381,11235.0,R-7,C10,8C,8C,8C,385.0,C11141013,B4,6.0,170.0,,1381
380,APO,R-6C11,5,1.0,Positioner,P1153,10962.0,R-6,C11,8D,8D,8D,386.0,,,,,,1153
381,APO,R-5C12,5,1.0,Positioner,P1140,11214.0,R-5,C12,8E,8E,8E,387.0,C11141013,B5,6.0,159.0,,1140
382,APO,R-6C12,5,1.0,Positioner,P0124,238.0,R-6,C12,9A,9A,9A,378.0,,,,,,124
383,APO,R-5C13,5,1.0,Positioner,P1400,218.0,R-5,C13,9B,9B,9B,379.0,C11141013,B6,6.0,155.0,,1400
384,APO,R-6C13,5,1.0,Positioner,P1363,10787.0,R-6,C13,9C,9C,9C,380.0,,,,,,1363
385,APO,R-7C12,5,1.0,Positioner,P1359,10847.0,R-7,C12,9D,9D,9D,381.0,C11141013,C1 ,6.0,161.0,,1359
386,APO,R-8C12,5,1.0,Positioner,P1338,11229.0,R-8,C12,9E,9E,9E,382.0,,,,,,1338
387,APO,R-3C13,5,2.0,Positioner,P1130,11221.0,R-3,C13,12B,12B,12B,364.0,C11141013,D1,6.0,174.0,,1130
388,APO,R-4C12,5,2.0,Positioner,P0140,11024.0,R-4,C12,12C,12C,12C,365.0,,,,,,140
389,APO,R-5C11,5,2.0,Positioner,P0078,10975.0,R-5,C11,12D,12D,12D,366.0,C11141013,D2,6.0,160.0,,78
390,APO,R-6C10,5,2.0,Positioner,P1112,11211.0,R-6,C10,12E,12E,12E,367.0,,,,,,1112
391,APO,R-11C6,5,2.0,Positioner,P1306,11197.0,R-11,C6,13A,13A,13A,358.0,C11141013,D3,6.0,177.0,,1306
392,APO,R-11C7,5,2.0,Positioner,P1318,10966.0,R-11,C7,13B,13B,13B,359.0,C11141013,D4,6.0,169.0,,1318
393,APO,R-11C8,5,2.0,Positioner,P0661,156.0,R-11,C8,13C,13C,13C,360.0,C11141013,D5,6.0,158.0,,661
394,APO,R-11C9,5,2.0,Positioner,P1169,135.0,R-11,C9,13D,13D,13D,361.0,C11141013,D6,6.0,168.0,,1169
395,APO,R-11C10,5,2.0,Positioner,P1372,11234.0,R-11,C10,13E,13E,13E,362.0,C11141013,E1,6.0,157.0,,1372
396,APO,R-8C13,5,2.0,Positioner,P0373,11190.0,R-8,C13,14A,14A,14A,353.0,,,,,,373
397,APO,R-7C13,5,2.0,Positioner,P0120,11122.0,R-7,C13,14B,14B,14B,354.0,C11141013,E2,6.0,163.0,,120
398,APO,R-11C11,5,2.0,Positioner,P1312,11223.0,R-11,C11,6A,6A,6A,393.0,C11141013,A2,6.0,156.0,,1312
399,APO,R-11C12,5,2.0,Positioner,P0289,11199.0,R-11,C12,6B,6B,6B,394.0,C11141013,A3,6.0,175.0,,289
400,APO,R-11C13,5,2.0,Positioner,P0115,11209.0,R-11,C13,6C,6C,6C,395.0,C11141013,A4,6.0,166.0,,115
401,APO,R-10C13,5,2.0,Positioner,P0587,11224.0,R-10,C13,6D,6D,6D,396.0,,,,,,587
402,APO,R-9C13,5,2.0,Positioner,P0251,11163.0,R-9,C13,6E,6E,6E,397.0,C11141013,A5,6.0,172.0,,251
403,APO,R-7C9,5,2.0,Positioner,P1194,11217.0,R-7,C9,7A,7A,7A,388.0,C11141013,A6,6.0,171.0,,1194
404,APO,R-8C8,5,2.0,Positioner,P1129,11086.0,R-8,C8,7B,7B,7B,389.0,,,,,,1129
405,APO,R-9C7,5,2.0,Positioner,P1108,11180.0,R-9,C7,7C,7C,7C,390.0,C11141013,B1,6.0,178.0,,1108
406,APO,R-10C6,5,2.0,Positioner,P0202,11030.0,R-10,C6,7D,7D,7D,391.0,,,,,,202
407,APO,R-11C5,5,2.0,Positioner,P0214,10872.0,R-11,C5,7E,7E,7E,392.0,C11141013,B2,6.0,153.0,,214
408,APO,R-2C13,5,3.0,Positioner,P1085,11151.0,R-2,C13,14C,14C,14C,355.0,,,,,,1085
409,APO,R-3C12,5,3.0,Positioner,P1328,11254.0,R-3,C12,14D,14D,14D,356.0,C11141013,E3,6.0,154.0,,1328
410,APO,R-4C11,5,3.0,Positioner,P1324,11268.0,R-4,C11,14E,14E,14E,357.0,,,,,,1324
411,APO,R-10C5,5,3.0,Positioner,P0236,11035.0,R-10,C5,15A,15A,15A,348.0,,,,,,236
412,APO,R-11C4,5,3.0,Positioner,P1192,10874.0,R-11,C4,15B,15B,15B,349.0,C11141013,E4,6.0,164.0,,1192
413,APO,R-12C3,5,3.0,Positioner,P1353,11196.0,R-12,C3,15C,15C,15C,350.0,,,,,,1353
414,APO,R-12C4,5,3.0,Positioner,P1362,11286.0,R-12,C4,15D,15D,15D,351.0,,,,,,1362
415,APO,R-12C5,5,3.0,Positioner,P1393,10973.0,R-12,C5,15E,15E,15E,352.0,,,,,,1393
416,APO,R-12C12,5,3.0,Positioner,P0222,10913.0,R-12,C12,16A,16A,16A,343.0,,,,,,222
417,APO,R-12C13,5,3.0,Positioner,P0298,11247.0,R-12,C13,16B,16B,16B,344.0,,,,,,298
418,APO,R-13C13,5,3.0,Positioner,P0240,11276.0,R-13,C13,16C,16C,16C,345.0,C11141013,E5,6.0,176.0,,240
419,APO,R-12C8,5,3.0,Fiducial,FTO-201057,201057.0,R-12,C8,19DA,19DA,19DA,,,,,,,0
420,APO,R-12C6,5,3.0,Positioner,P1384,11362.0,R-12,C6,4A,4A,4A,403.0,,,,,,1384
421,APO,R-12C7,5,3.0,Positioner,P0171,10861.0,R-12,C7,4B,4B,4B,404.0,,,,,,171
422,APO,R-12C9,5,3.0,Positioner,P1317,11357.0,R-12,C9,4C,4C,4C,405.0,,,,,,1317
423,APO,R-12C10,5,3.0,Positioner,P1392,11130.0,R-12,C10,4D,4D,4D,406.0,,,,,,1392
424,APO,R-12C11,5,3.0,Positioner,P0086,10848.0,R-12,C11,4E,4E,4E,407.0,,,,,,86
425,APO,R-5C10,5,3.0,Positioner,P1349,11325.0,R-5,C10,5A,5A,5A,398.0,C11141003,E5,10.0,289.0,,1349
426,APO,R-6C9,5,3.0,Positioner,P1056,11186.0,R-6,C9,5B,5B,5B,399.0,,,,,,1056
427,APO,R-7C8,5,3.0,Positioner,P0187,11349.0,R-7,C8,5C,5C,5C,400.0,C11141003,E6,10.0,288.0,,187
428,APO,R-8C7,5,3.0,Positioner,P1163,10754.0,R-8,C7,5D,5D,5D,401.0,,,,,,1163
429,APO,R-9C6,5,3.0,Positioner,P1383,10939.0,R-9,C6,5E,5E,5E,402.0,C11141013,A1,6.0,165.0,,1383
430,APO,R-1C13,5,4.0,Positioner,P0110,11270.0,R-1,C13,16D,16D,16D,346.0,C11141013,E6,6.0,162.0,,110
431,APO,R-3C11,5,4.0,Positioner,P1330,11275.0,R-3,C11,16E,16E,16E,347.0,C11141005,A1,7.0,208.0,,1330
432,APO,R-11C3,5,4.0,Positioner,P0677,10991.0,R-11,C3,17A,17A,17A,338.0,C11141005,A2,7.0,206.0,,677
433,APO,R-12C2,5,4.0,Positioner,P0919,11059.0,R-12,C2,17B,17B,17B,339.0,C11141005,A3,7.0,204.0,,919
434,APO,R-13C1,5,4.0,Positioner,P1004,11007.0,R-13,C1,17C,17C,17C,340.0,C11141005,A4,7.0,199.0,,1004
435,APO,R-13C2,5,4.0,Positioner,P1009,11195.0,R-13,C2,17D,17D,17D,341.0,C11141005,A5,7.0,190.0,,1009
436,APO,R-13C3,5,4.0,Positioner,P1136,11044.0,R-13,C3,17E,17E,17E,342.0,C11141005,A6,7.0,198.0,,1136
437,APO,R-13C9,5,4.0,Positioner,P0756,82.0,R-13,C9,18A,18A,18A,334.0,C11141005,B1,7.0,207.0,,756
438,APO,R-13C10,5,4.0,Positioner,P0637,88.0,R-13,C10,18B,18B,18B,335.0,C11141005,B2,7.0,181.0,,637
439,APO,R-13C11,5,4.0,Positioner,P0707,286.0,R-13,C11,18C,18C,18C,336.0,C11141005,B3,7.0,189.0,,707
440,APO,R-13C12,5,4.0,Positioner,P0925,90.0,R-13,C12,18D,18D,18D,337.0,C11141005,B4,7.0,182.0,,925
441,APO,R-2C12,5,4.0,Fiducial,FTO-201081,201081.0,R-2,C12,19EA,19EA,19EA,,,,,,,0
442,APO,R-6C8,5,4.0,Fiducial,FTO-201070,201070.0,R-6,C8,1AA,1AA,1AA,,,,,,,0
443,APO,R-10C4,5,4.0,Fiducial,FTO-201773,201773.0,R-10,C4,1BA,1BA,1BA,,,,,,,0
444,APO,R-13C4,5,4.0,Positioner,P1118,11037.0,R-13,C4,2A,2A,2A,413.0,C11141003,D3,10.0,279.0,,1118
445,APO,R-13C5,5,4.0,Positioner,P1107,11182.0,R-13,C5,2B,2B,2B,414.0,C11141003,D4,10.0,283.0,,1107
446,APO,R-13C6,5,4.0,Positioner,P1127,11232.0,R-13,C6,2C,2C,2C,415.0,C11141003,D5,10.0,274.0,,1127
447,APO,R-13C7,5,4.0,Positioner,P1104,11216.0,R-13,C7,2D,2D,2D,416.0,C11141003,D6,10.0,299.0,,1104
448,APO,R-13C8,5,4.0,Positioner,P1314,11076.0,R-13,C8,2E,2E,2E,417.0,C11141003,E1,10.0,273.0,,1314
449,APO,R-4C10,5,4.0,Positioner,P0918,11329.0,R-4,C10,3A,3A,3A,408.0,,,,,,918
450,APO,R-5C9,5,4.0,Positioner,P1149,11147.0,R-5,C9,3B,3B,3B,409.0,C11141003,E2,10.0,284.0,,1149
451,APO,R-7C7,5,4.0,Positioner,P1025,10940.0,R-7,C7,3C,3C,3C,410.0,C11141003,E3,10.0,294.0,,1025
452,APO,R-8C6,5,4.0,Positioner,P0838,11294.0,R-8,C6,3D,3D,3D,411.0,,,,,,838
453,APO,R-9C5,5,4.0,Positioner,P0808,11099.0,R-9,C5,3E,3E,3E,412.0,C11141003,E4,10.0,287.0,,808
454,APO,R-5C6,6,1.0,Positioner,P1170,11021.0,R-5,C6,10A,10A,10A,456.0,,,,,,1170
455,APO,R-6C5,6,1.0,Positioner,P0167,11222.0,R-6,C5,10B,10B,10B,457.0,C11141012,D6,9.0,251.0,,167
456,APO,R-5C5,6,1.0,Positioner,P0189,11309.0,R-5,C5,10C,10C,10C,458.0,C11141012,E1,9.0,263.0,,189
457,APO,R-4C5,6,1.0,Positioner,P1308,11341.0,R-4,C5,10D,10D,10D,459.0,C11141012,E2,9.0,252.0,,1308
458,APO,R-4C7,6,1.0,Positioner,P1339,11264.0,R-4,C7,10E,10E,10E,460.0,C11141012,E3,9.0,259.0,,1339
459,APO,R-7C5,6,1.0,Positioner,P0208,11157.0,R-7,C5,11A,11A,11A,451.0,C11141012,E4,9.0,253.0,,208
460,APO,R-8C4,6,1.0,Positioner,P1340,10856.0,R-8,C4,11B,11B,11B,452.0,,,,,,1340
461,APO,R-6C4,6,1.0,Positioner,P1341,10936.0,R-6,C4,11C,11C,11C,453.0,,,,,,1341
462,APO,R-5C4,6,1.0,Positioner,P1391,11344.0,R-5,C4,11D,11D,11D,454.0,,,,,,1391
463,APO,R-4C4,6,1.0,Positioner,P0144,11323.0,R-4,C4,11E,11E,11E,455.0,,,,,,144
464,APO,R-3C10,6,1.0,Positioner,P1083,11121.0,R-3,C10,12A,12A,12A,447.0,,,,,,1083
465,APO,R-4C6,6,1.0,Fiducial,FTO-201521,201521.0,R-4,C6,19AA,19AA,19AA,,,,,,,0
466,APO,R-7C4,6,1.0,Fiducial,FTO-201748,201748.0,R-7,C4,19BA,19BA,19BA,,,,,,,0
467,APO,R-3C4,6,1.0,Fiducial,FTO-201169,201169.0,R-3,C4,19CA,19CA,19CA,,,,,,,0
468,APO,R-3C5,6,1.0,Positioner,P1167,11218.0,R-3,C5,8A,8A,8A,466.0,C11141012,D1,9.0,264.0,,1167
469,APO,R-3C6,6,1.0,Positioner,P1172,11080.0,R-3,C6,8B,8B,8B,467.0,,,,,,1172
470,APO,R-3C7,6,1.0,Positioner,P1121,11128.0,R-3,C7,8C,8C,8C,468.0,C11141012,D2,9.0,254.0,,1121
471,APO,R-3C8,6,1.0,Positioner,P1351,11261.0,R-3,C8,8D,8D,8D,469.0,,,,,,1351
472,APO,R-3C9,6,1.0,Positioner,P1078,11303.0,R-3,C9,8E,8E,8E,470.0,C11141012,D3,9.0,245.0,,1078
473,APO,R-4C8,6,1.0,Positioner,P0179,11127.0,R-4,C8,9A,9A,9A,461.0,,,,,,179
474,APO,R-4C9,6,1.0,Positioner,P0071,11302.0,R-4,C9,9B,9B,9B,462.0,C11141012,D4,9.0,270.0,,71
475,APO,R-5C8,6,1.0,Positioner,P1374,11267.0,R-5,C8,9C,9C,9C,463.0,,,,,,1374
476,APO,R-5C7,6,1.0,Positioner,P1296,11152.0,R-5,C7,9D,9D,9D,464.0,C11141012,D5,9.0,262.0,,1296
477,APO,R-6C6,6,1.0,Positioner,P1347,11237.0,R-6,C6,9E,9E,9E,465.0,,,,,,1347
478,APO,R-2C11,6,2.0,Positioner,P1135,11057.0,R-2,C11,12B,12B,12B,448.0,C11141012,E5,9.0,268.0,,1135
479,APO,R-2C9,6,2.0,Positioner,P1103,11028.0,R-2,C9,12D,12D,12D,449.0,C11141012,E6,9.0,258.0,,1103
480,APO,R-2C8,6,2.0,Positioner,P1068,11351.0,R-2,C8,12E,12E,12E,450.0,,,,,,1068
481,APO,R-3C3,6,2.0,Positioner,P0147,10724.0,R-3,C3,13A,13A,13A,442.0,C11141003,A1,10.0,278.0,,147
482,APO,R-4C3,6,2.0,Positioner,P0177,11355.0,R-4,C3,13B,13B,13B,443.0,C11141003,A2,10.0,286.0,,177
483,APO,R-5C3,6,2.0,Positioner,P0238,11260.0,R-5,C3,13C,13C,13C,444.0,C11141003,A3,10.0,290.0,,238
484,APO,R-6C3,6,2.0,Positioner,P0897,11391.0,R-6,C3,13D,13D,13D,445.0,C11141003,A4,10.0,298.0,,897
485,APO,R-7C3,6,2.0,Positioner,P0153,11279.0,R-7,C3,13E,13E,13E,446.0,C11141003,A5,10.0,300.0,,153
486,APO,R-7C6,6,2.0,Positioner,P1105,11296.0,R-7,C6,14A,14A,14A,437.0,,,,,,1105
487,APO,R-6C7,6,2.0,Positioner,P0824,529.0,R-6,C7,14B,14B,14B,438.0,C11141003,A6,10.0,280.0,,824
488,APO,R-8C3,6,2.0,Positioner,P0103,11290.0,R-8,C3,6A,6A,6A,476.0,C11141012,B6,9.0,267.0,,103
489,APO,R-9C3,6,2.0,Positioner,P1152,10642.0,R-9,C3,6B,6B,6B,477.0,C11141012,C1 ,9.0,256.0,,1152
490,APO,R-10C3,6,2.0,Positioner,P1331,11293.0,R-10,C3,6C,6C,6C,478.0,C11141012,C2,9.0,242.0,,1331
491,APO,R-9C4,6,2.0,Positioner,P1151,11288.0,R-9,C4,6D,6D,6D,479.0,,,,,,1151
492,APO,R-8C5,6,2.0,Positioner,P0146,11301.0,R-8,C5,6E,6E,6E,480.0,C11141012,C3,9.0,265.0,,146
493,APO,R-2C7,6,2.0,Positioner,P1054,10933.0,R-2,C7,7A,7A,7A,471.0,C11141012,C4,9.0,255.0,,1054
494,APO,R-2C6,6,2.0,Positioner,P1162,11343.0,R-2,C6,7B,7B,7B,472.0,,,,,,1162
495,APO,R-2C5,6,2.0,Positioner,P1143,11304.0,R-2,C5,7C,7C,7C,473.0,C11141012,C5,9.0,249.0,,1143
496,APO,R-2C4,6,2.0,Positioner,P0415,276.0,R-2,C4,7D,7D,7D,474.0,,,,,,415
497,APO,R-2C3,6,2.0,Positioner,P1276,10901.0,R-2,C3,7E,7E,7E,475.0,C11141012,C6,9.0,257.0,,1276
498,APO,R-1C12,6,3.0,Positioner,P0962,10838.0,R-1,C12,14C,14C,14C,439.0,,,,,,962
499,APO,R-1C11,6,3.0,Positioner,P0944,518.0,R-1,C11,14D,14D,14D,440.0,C11141003,B1,10.0,282.0,,944
500,APO,R-1C10,6,3.0,Positioner,P0380,358.0,R-1,C10,14E,14E,14E,441.0,,,,,,380
501,APO,R-1C4,6,3.0,Positioner,P1039,11316.0,R-1,C4,15A,15A,15A,432.0,,,,,,1039
502,APO,R-1C3,6,3.0,Positioner,P0743,10904.0,R-1,C3,15B,15B,15B,433.0,C11141003,B2,10.0,281.0,,743
503,APO,R-1C2,6,3.0,Positioner,P0188,11010.0,R-1,C2,15C,15C,15C,434.0,,,,,,188
504,APO,R-2C2,6,3.0,Positioner,P0410,11113.0,R-2,C2,15D,15D,15D,435.0,,,,,,410
505,APO,R-3C2,6,3.0,Positioner,P1378,11022.0,R-3,C2,15E,15E,15E,436.0,,,,,,1378
506,APO,R-10C2,6,3.0,Positioner,P0425,10947.0,R-10,C2,16A,16A,16A,427.0,,,,,,425
507,APO,R-11C2,6,3.0,Positioner,P0054,10882.0,R-11,C2,16B,16B,16B,428.0,,,,,,54
508,APO,R-12C1,6,3.0,Positioner,P0201,11040.0,R-12,C1,16C,16C,16C,429.0,C11141003,B3,10.0,296.0,,201
509,APO,R-6C2,6,3.0,Fiducial,FTO-201479,201479.0,R-6,C2,19DA,19DA,19DA,,,,,,,0
510,APO,R-4C2,6,3.0,Positioner,P0386,11187.0,R-4,C2,4A,4A,4A,486.0,,,,,,386
511,APO,R-5C2,6,3.0,Positioner,P0489,11104.0,R-5,C2,4B,4B,4B,487.0,,,,,,489
512,APO,R-7C2,6,3.0,Positioner,P0935,10803.0,R-7,C2,4C,4C,4C,488.0,,,,,,935
513,APO,R-8C2,6,3.0,Positioner,P0898,10630.0,R-8,C2,4D,4D,4D,489.0,,,,,,898
514,APO,R-9C2,6,3.0,Positioner,P1373,10942.0,R-9,C2,4E,4E,4E,490.0,,,,,,1373
515,APO,R-1C9,6,3.0,Positioner,P0344,10710.0,R-1,C9,5A,5A,5A,481.0,C11141012,B3,9.0,244.0,,344
516,APO,R-1C8,6,3.0,Positioner,P1018,10897.0,R-1,C8,5B,5B,5B,482.0,,,,,,1018
517,APO,R-1C7,6,3.0,Positioner,P0288,10917.0,R-1,C7,5C,5C,5C,483.0,C11141012,B4,9.0,247.0,,288
518,APO,R-1C6,6,3.0,Positioner,P1137,11369.0,R-1,C6,5D,5D,5D,484.0,,,,,,1137
519,APO,R-1C5,6,3.0,Positioner,P0905,11385.0,R-1,C5,5E,5E,5E,485.0,C11141012,B5,9.0,266.0,,905
520,APO,R0C13,6,4.0,Positioner,P1063,11282.0,R0,C13,16D,16D,16D,430.0,C11141003,B4,10.0,292.0,,1063
521,APO,R0C11,6,4.0,Positioner,P1148,11126.0,R0,C11,16E,16E,16E,431.0,C11141003,B5,10.0,285.0,,1148
522,APO,R0C3,6,4.0,Positioner,P1396,10945.0,R0,C3,17A,17A,17A,422.0,C11141003,B6,10.0,297.0,,1396
523,APO,R0C2,6,4.0,Positioner,P1053,10837.0,R0,C2,17B,17B,17B,423.0,C11141003,C1 ,10.0,295.0,,1053
524,APO,R0C1,6,4.0,Positioner,P0663,10944.0,R0,C1,17C,17C,17C,424.0,C11141003,C2,10.0,277.0,,663
525,APO,R-1C1,6,4.0,Positioner,P1174,10883.0,R-1,C1,17D,17D,17D,425.0,C11141003,C3,10.0,293.0,,1174
526,APO,R-2C1,6,4.0,Positioner,P0650,10873.0,R-2,C1,17E,17E,17E,426.0,C11141003,C4,10.0,275.0,,650
527,APO,R-8C1,6,4.0,Positioner,P0880,10682.0,R-8,C1,18A,18A,18A,418.0,C11141003,C5,10.0,276.0,,880
528,APO,R-9C1,6,4.0,Positioner,P0859,10842.0,R-9,C1,18B,18B,18B,419.0,C11141003,C6,10.0,272.0,,859
529,APO,R-10C1,6,4.0,Positioner,P0194,10718.0,R-10,C1,18C,18C,18C,420.0,C11141003,D1,10.0,291.0,,194
530,APO,R-11C1,6,4.0,Positioner,P0673,10781.0,R-11,C1,18D,18D,18D,421.0,C11141003,D2,10.0,271.0,,673
531,APO,R0C12,6,4.0,Fiducial,FTO-201517,201517.0,R0,C12,19EA,19EA,19EA,,,,,,,0
532,APO,R0C8,6,4.0,Fiducial,FTO-201513,201513.0,R0,C8,1AA,1AA,1AA,,,,,,,0
533,APO,R0C4,6,4.0,Fiducial,FTO-201515,201515.0,R0,C4,1BA,1BA,1BA,,,,,,,0
534,APO,R-3C1,6,4.0,Positioner,P1203,10852.0,R-3,C1,2A,2A,2A,496.0,C11141012,A1,9.0,269.0,,1203
535,APO,R-4C1,6,4.0,Positioner,P0695,10870.0,R-4,C1,2B,2B,2B,497.0,C11141012,A2,9.0,248.0,,695
536,APO,R-5C1,6,4.0,Positioner,P0624,10880.0,R-5,C1,2C,2C,2C,498.0,C11141012,A3,9.0,241.0,,624
537,APO,R-6C1,6,4.0,Positioner,P0647,10902.0,R-6,C1,2D,2D,2D,499.0,C11141012,A4,9.0,261.0,,647
538,APO,R-7C1,6,4.0,Positioner,P1142,10745.0,R-7,C1,2E,2E,2E,500.0,C11141012,A5,9.0,260.0,,1142
539,APO,R0C10,6,4.0,Positioner,P1355,11028.0,R0,C10,3A,3A,3A,491.0,,,,,,1355
540,APO,R0C9,6,4.0,Positioner,P0667,228.0,R0,C9,3B,3B,3B,492.0,C11141012,A6,9.0,246.0,,667
541,APO,R0C7,6,4.0,Positioner,P0307,1029.0,R0,C7,3C,3C,3C,493.0,C11141012,B1,9.0,250.0,,307
542,APO,R0C6,6,4.0,Positioner,P0119,11109.0,R0,C6,3D,3D,3D,494.0,,,,,,119
543,APO,R0C5,6,4.0,Positioner,P0592,10969.0,R0,C5,3E,3E,3E,495.0,C11141012,B2,9.0,243.0,,592
