,site,positionerID,robotailID,wokID,holeID,apSpecID,bossSpecID,alphaArmLen,metX,metY,apX,apY,bossX,bossY,alphaOffset,betaOffset,dx,dy
0,APO,1,FTO0,flatBase,R-13C1,0,0,7.4,14.314,0.0,14.965,0.376,14.965,-0.376,0.0,0.0,0.0,0.0
1,APO,2,FTO1,flatBase,R-13C2,1,1,7.4,14.314,0.0,14.965,0.376,14.965,-0.376,0.0,0.0,0.0,0.0
2,APO,3,FTO2,flatBase,R-13C3,2,2,7.4,14.314,0.0,14.965,0.376,14.965,-0.376,0.0,0.0,0.0,0.0
3,APO,4,FTO3,flatBase,R-13C4,3,3,7.4,14.314,0.0,14.965,0.376,14.965,-0.376,0.0,0.0,0.0,0.0
4,APO,5,FTO4,flatBase,R-13C5,4,4,7.4,14.314,0.0,14.965,0.376,14.965,-0.376,0.0,0.0,0.0,0.0
5,APO,6,FTO5,flatBase,R-13C6,5,5,7.4,14.314,0.0,14.965,0.376,14.965,-0.376,0.0,0.0,0.0,0.0
6,APO,7,FTO6,flatBase,R-13C7,6,6,7.4,14.314,0.0,14.965,0.376,14.965,-0.376,0.0,0.0,0.0,0.0
7,APO,8,FTO7,flatBase,R-13C8,7,7,7.4,14.314,0.0,14.965,0.376,14.965,-0.376,0.0,0.0,0.0,0.0
8,APO,9,FTO8,flatBase,R-13C9,8,8,7.4,14.314,0.0,14.965,0.376,14.965,-0.376,0.0,0.0,0.0,0.0
9,APO,10,FTO9,flatBase,R-13C10,9,9,7.4,14.314,0.0,14.965,0.376,14.965,-0.376,0.0,0.0,0.0,0.0
10,APO,11,FTO10,flatBase,R-13C11,10,10,7.4,14.314,0.0,14.965,0.376,14.965,-0.376,0.0,0.0,0.0,0.0
11,APO,12,FTO11,flatBase,R-13C12,11,11,7.4,14.314,0.0,14.965,0.376,14.965,-0.376,0.0,0.0,0.0,0.0
12,APO,13,FTO12,flatBase,R-13C13,12,12,7.4,14.314,0.0,14.965,0.376,14.965,-0.376,0.0,0.0,0.0,0.0
13,APO,14,FTO13,flatBase,R-13C14,13,13,7.4,14.314,0.0,14.965,0.376,14.965,-0.376,0.0,0.0,0.0,0.0
14,APO,15,FTO14,flatBase,R-12C1,14,14,7.4,14.314,0.0,14.965,0.376,14.965,-0.376,0.0,0.0,0.0,0.0
15,APO,16,FTO15,flatBase,R-12C2,15,15,7.4,14.314,0.0,14.965,0.376,14.965,-0.376,0.0,0.0,0.0,0.0
16,APO,17,FTO16,flatBase,R-12C3,16,16,7.4,14.314,0.0,14.965,0.376,14.965,-0.376,0.0,0.0,0.0,0.0
17,APO,18,FTO17,flatBase,R-12C4,17,17,7.4,14.314,0.0,14.965,0.376,14.965,-0.376,0.0,0.0,0.0,0.0
18,APO,19,FTO18,flatBase,R-12C5,18,18,7.4,14.314,0.0,14.965,0.376,14.965,-0.376,0.0,0.0,0.0,0.0
19,APO,20,FTO19,flatBase,R-12C6,19,19,7.4,14.314,0.0,14.965,0.376,14.965,-0.376,0.0,0.0,0.0,0.0
20,APO,21,FTO20,flatBase,R-12C7,20,20,7.4,14.314,0.0,14.965,0.376,14.965,-0.376,0.0,0.0,0.0,0.0
21,APO,22,FTO22,flatBase,R-12C9,22,22,7.4,14.314,0.0,14.965,0.376,14.965,-0.376,0.0,0.0,0.0,0.0
22,APO,23,FTO23,flatBase,R-12C10,23,23,7.4,14.314,0.0,14.965,0.376,14.965,-0.376,0.0,0.0,0.0,0.0
23,APO,24,FTO24,flatBase,R-12C11,24,24,7.4,14.314,0.0,14.965,0.376,14.965,-0.376,0.0,0.0,0.0,0.0
24,APO,25,FTO25,flatBase,R-12C12,25,25,7.4,14.314,0.0,14.965,0.376,14.965,-0.376,0.0,0.0,0.0,0.0
25,APO,26,FTO26,flatBase,R-12C13,26,26,7.4,14.314,0.0,14.965,0.376,14.965,-0.376,0.0,0.0,0.0,0.0
26,APO,27,FTO27,flatBase,R-12C14,27,27,7.4,14.314,0.0,14.965,0.376,14.965,-0.376,0.0,0.0,0.0,0.0
27,APO,28,FTO28,flatBase,R-12C15,28,28,7.4,14.314,0.0,14.965,0.376,14.965,-0.376,0.0,0.0,0.0,0.0
28,APO,29,FTO29,flatBase,R-11C1,29,29,7.4,14.314,0.0,14.965,0.376,14.965,-0.376,0.0,0.0,0.0,0.0
29,APO,30,FTO30,flatBase,R-11C2,30,30,7.4,14.314,0.0,14.965,0.376,14.965,-0.376,0.0,0.0,0.0,0.0
30,APO,31,FTO31,flatBase,R-11C3,31,31,7.4,14.314,0.0,14.965,0.376,14.965,-0.376,0.0,0.0,0.0,0.0
31,APO,32,FTO32,flatBase,R-11C4,32,32,7.4,14.314,0.0,14.965,0.376,14.965,-0.376,0.0,0.0,0.0,0.0
32,APO,33,FTO33,flatBase,R-11C5,33,33,7.4,14.314,0.0,14.965,0.376,14.965,-0.376,0.0,0.0,0.0,0.0
33,APO,34,FTO34,flatBase,R-11C6,34,34,7.4,14.314,0.0,14.965,0.376,14.965,-0.376,0.0,0.0,0.0,0.0
34,APO,35,FTO35,flatBase,R-11C7,35,35,7.4,14.314,0.0,14.965,0.376,14.965,-0.376,0.0,0.0,0.0,0.0
35,APO,36,FTO36,flatBase,R-11C8,36,36,7.4,14.314,0.0,14.965,0.376,14.965,-0.376,0.0,0.0,0.0,0.0
36,APO,37,FTO37,flatBase,R-11C9,37,37,7.4,14.314,0.0,14.965,0.376,14.965,-0.376,0.0,0.0,0.0,0.0
37,APO,38,FTO38,flatBase,R-11C10,38,38,7.4,14.314,0.0,14.965,0.376,14.965,-0.376,0.0,0.0,0.0,0.0
38,APO,39,FTO39,flatBase,R-11C11,39,39,7.4,14.314,0.0,14.965,0.376,14.965,-0.376,0.0,0.0,0.0,0.0
39,APO,40,FTO40,flatBase,R-11C12,40,40,7.4,14.314,0.0,14.965,0.376,14.965,-0.376,0.0,0.0,0.0,0.0
40,APO,41,FTO41,flatBase,R-11C13,41,41,7.4,14.314,0.0,14.965,0.376,14.965,-0.376,0.0,0.0,0.0,0.0
41,APO,42,FTO42,flatBase,R-11C14,42,42,7.4,14.314,0.0,14.965,0.376,14.965,-0.376,0.0,0.0,0.0,0.0
42,APO,43,FTO43,flatBase,R-11C15,43,43,7.4,14.314,0.0,14.965,0.376,14.965,-0.376,0.0,0.0,0.0,0.0
43,APO,44,FTO44,flatBase,R-11C16,44,44,7.4,14.314,0.0,14.965,0.376,14.965,-0.376,0.0,0.0,0.0,0.0
44,APO,45,FTO45,flatBase,R-10C1,45,45,7.4,14.314,0.0,14.965,0.376,14.965,-0.376,0.0,0.0,0.0,0.0
45,APO,46,FTO46,flatBase,R-10C2,46,46,7.4,14.314,0.0,14.965,0.376,14.965,-0.376,0.0,0.0,0.0,0.0
46,APO,47,FTO47,flatBase,R-10C3,47,47,7.4,14.314,0.0,14.965,0.376,14.965,-0.376,0.0,0.0,0.0,0.0
47,APO,48,FTO49,flatBase,R-10C5,49,49,7.4,14.314,0.0,14.965,0.376,14.965,-0.376,0.0,0.0,0.0,0.0
48,APO,49,FTO50,flatBase,R-10C6,50,50,7.4,14.314,0.0,14.965,0.376,14.965,-0.376,0.0,0.0,0.0,0.0
49,APO,50,FTO52,flatBase,R-10C8,52,52,7.4,14.314,0.0,14.965,0.376,14.965,-0.376,0.0,0.0,0.0,0.0
50,APO,51,FTO53,flatBase,R-10C9,53,53,7.4,14.314,0.0,14.965,0.376,14.965,-0.376,0.0,0.0,0.0,0.0
51,APO,52,FTO54,flatBase,R-10C10,54,54,7.4,14.314,0.0,14.965,0.376,14.965,-0.376,0.0,0.0,0.0,0.0
52,APO,53,FTO56,flatBase,R-10C12,56,56,7.4,14.314,0.0,14.965,0.376,14.965,-0.376,0.0,0.0,0.0,0.0
53,APO,54,FTO57,flatBase,R-10C13,57,57,7.4,14.314,0.0,14.965,0.376,14.965,-0.376,0.0,0.0,0.0,0.0
54,APO,55,FTO59,flatBase,R-10C15,59,59,7.4,14.314,0.0,14.965,0.376,14.965,-0.376,0.0,0.0,0.0,0.0
55,APO,56,FTO60,flatBase,R-10C16,60,60,7.4,14.314,0.0,14.965,0.376,14.965,-0.376,0.0,0.0,0.0,0.0
56,APO,57,FTO61,flatBase,R-10C17,61,61,7.4,14.314,0.0,14.965,0.376,14.965,-0.376,0.0,0.0,0.0,0.0
57,APO,58,FTO62,flatBase,R-9C1,62,62,7.4,14.314,0.0,14.965,0.376,14.965,-0.376,0.0,0.0,0.0,0.0
58,APO,59,FTO63,flatBase,R-9C2,63,63,7.4,14.314,0.0,14.965,0.376,14.965,-0.376,0.0,0.0,0.0,0.0
59,APO,60,FTO64,flatBase,R-9C3,64,64,7.4,14.314,0.0,14.965,0.376,14.965,-0.376,0.0,0.0,0.0,0.0
60,APO,61,FTO65,flatBase,R-9C4,65,65,7.4,14.314,0.0,14.965,0.376,14.965,-0.376,0.0,0.0,0.0,0.0
61,APO,62,FTO66,flatBase,R-9C5,66,66,7.4,14.314,0.0,14.965,0.376,14.965,-0.376,0.0,0.0,0.0,0.0
62,APO,63,FTO67,flatBase,R-9C6,67,67,7.4,14.314,0.0,14.965,0.376,14.965,-0.376,0.0,0.0,0.0,0.0
63,APO,64,FTO68,flatBase,R-9C7,68,68,7.4,14.314,0.0,14.965,0.376,14.965,-0.376,0.0,0.0,0.0,0.0
64,APO,65,FTO69,flatBase,R-9C8,69,69,7.4,14.314,0.0,14.965,0.376,14.965,-0.376,0.0,0.0,0.0,0.0
65,APO,66,FTO70,flatBase,R-9C9,70,70,7.4,14.314,0.0,14.965,0.376,14.965,-0.376,0.0,0.0,0.0,0.0
66,APO,67,FTO71,flatBase,R-9C10,71,71,7.4,14.314,0.0,14.965,0.376,14.965,-0.376,0.0,0.0,0.0,0.0
67,APO,68,FTO72,flatBase,R-9C11,72,72,7.4,14.314,0.0,14.965,0.376,14.965,-0.376,0.0,0.0,0.0,0.0
68,APO,69,FTO73,flatBase,R-9C12,73,73,7.4,14.314,0.0,14.965,0.376,14.965,-0.376,0.0,0.0,0.0,0.0
69,APO,70,FTO74,flatBase,R-9C13,74,74,7.4,14.314,0.0,14.965,0.376,14.965,-0.376,0.0,0.0,0.0,0.0
70,APO,71,FTO75,flatBase,R-9C14,75,75,7.4,14.314,0.0,14.965,0.376,14.965,-0.376,0.0,0.0,0.0,0.0
71,APO,72,FTO76,flatBase,R-9C15,76,76,7.4,14.314,0.0,14.965,0.376,14.965,-0.376,0.0,0.0,0.0,0.0
72,APO,73,FTO77,flatBase,R-9C16,77,77,7.4,14.314,0.0,14.965,0.376,14.965,-0.376,0.0,0.0,0.0,0.0
73,APO,74,FTO78,flatBase,R-9C17,78,78,7.4,14.314,0.0,14.965,0.376,14.965,-0.376,0.0,0.0,0.0,0.0
74,APO,75,FTO79,flatBase,R-9C18,79,79,7.4,14.314,0.0,14.965,0.376,14.965,-0.376,0.0,0.0,0.0,0.0
75,APO,76,FTO80,flatBase,R-8C1,80,80,7.4,14.314,0.0,14.965,0.376,14.965,-0.376,0.0,0.0,0.0,0.0
76,APO,77,FTO81,flatBase,R-8C2,81,81,7.4,14.314,0.0,14.965,0.376,14.965,-0.376,0.0,0.0,0.0,0.0
77,APO,78,FTO82,flatBase,R-8C3,82,82,7.4,14.314,0.0,14.965,0.376,14.965,-0.376,0.0,0.0,0.0,0.0
78,APO,79,FTO83,flatBase,R-8C4,83,83,7.4,14.314,0.0,14.965,0.376,14.965,-0.376,0.0,0.0,0.0,0.0
79,APO,80,FTO84,flatBase,R-8C5,84,84,7.4,14.314,0.0,14.965,0.376,14.965,-0.376,0.0,0.0,0.0,0.0
80,APO,81,FTO85,flatBase,R-8C6,85,85,7.4,14.314,0.0,14.965,0.376,14.965,-0.376,0.0,0.0,0.0,0.0
81,APO,82,FTO86,flatBase,R-8C7,86,86,7.4,14.314,0.0,14.965,0.376,14.965,-0.376,0.0,0.0,0.0,0.0
82,APO,83,FTO87,flatBase,R-8C8,87,87,7.4,14.314,0.0,14.965,0.376,14.965,-0.376,0.0,0.0,0.0,0.0
83,APO,84,FTO88,flatBase,R-8C9,88,88,7.4,14.314,0.0,14.965,0.376,14.965,-0.376,0.0,0.0,0.0,0.0
84,APO,85,FTO90,flatBase,R-8C11,90,90,7.4,14.314,0.0,14.965,0.376,14.965,-0.376,0.0,0.0,0.0,0.0
85,APO,86,FTO91,flatBase,R-8C12,91,91,7.4,14.314,0.0,14.965,0.376,14.965,-0.376,0.0,0.0,0.0,0.0
86,APO,87,FTO92,flatBase,R-8C13,92,92,7.4,14.314,0.0,14.965,0.376,14.965,-0.376,0.0,0.0,0.0,0.0
87,APO,88,FTO93,flatBase,R-8C14,93,93,7.4,14.314,0.0,14.965,0.376,14.965,-0.376,0.0,0.0,0.0,0.0
88,APO,89,FTO94,flatBase,R-8C15,94,94,7.4,14.314,0.0,14.965,0.376,14.965,-0.376,0.0,0.0,0.0,0.0
89,APO,90,FTO95,flatBase,R-8C16,95,95,7.4,14.314,0.0,14.965,0.376,14.965,-0.376,0.0,0.0,0.0,0.0
90,APO,91,FTO96,flatBase,R-8C17,96,96,7.4,14.314,0.0,14.965,0.376,14.965,-0.376,0.0,0.0,0.0,0.0
91,APO,92,FTO97,flatBase,R-8C18,97,97,7.4,14.314,0.0,14.965,0.376,14.965,-0.376,0.0,0.0,0.0,0.0
92,APO,93,FTO98,flatBase,R-8C19,98,98,7.4,14.314,0.0,14.965,0.376,14.965,-0.376,0.0,0.0,0.0,0.0
93,APO,94,FTO99,flatBase,R-7C1,99,99,7.4,14.314,0.0,14.965,0.376,14.965,-0.376,0.0,0.0,0.0,0.0
94,APO,95,FTO100,flatBase,R-7C2,100,100,7.4,14.314,0.0,14.965,0.376,14.965,-0.376,0.0,0.0,0.0,0.0
95,APO,96,FTO101,flatBase,R-7C3,101,101,7.4,14.314,0.0,14.965,0.376,14.965,-0.376,0.0,0.0,0.0,0.0
96,APO,97,FTO103,flatBase,R-7C5,103,103,7.4,14.314,0.0,14.965,0.376,14.965,-0.376,0.0,0.0,0.0,0.0
97,APO,98,FTO104,flatBase,R-7C6,104,104,7.4,14.314,0.0,14.965,0.376,14.965,-0.376,0.0,0.0,0.0,0.0
98,APO,99,FTO105,flatBase,R-7C7,105,105,7.4,14.314,0.0,14.965,0.376,14.965,-0.376,0.0,0.0,0.0,0.0
99,APO,100,FTO106,flatBase,R-7C8,106,106,7.4,14.314,0.0,14.965,0.376,14.965,-0.376,0.0,0.0,0.0,0.0
100,APO,101,FTO107,flatBase,R-7C9,107,107,7.4,14.314,0.0,14.965,0.376,14.965,-0.376,0.0,0.0,0.0,0.0
101,APO,102,FTO108,flatBase,R-7C10,108,108,7.4,14.314,0.0,14.965,0.376,14.965,-0.376,0.0,0.0,0.0,0.0
102,APO,103,FTO109,flatBase,R-7C11,109,109,7.4,14.314,0.0,14.965,0.376,14.965,-0.376,0.0,0.0,0.0,0.0
103,APO,104,FTO110,flatBase,R-7C12,110,110,7.4,14.314,0.0,14.965,0.376,14.965,-0.376,0.0,0.0,0.0,0.0
104,APO,105,FTO111,flatBase,R-7C13,111,111,7.4,14.314,0.0,14.965,0.376,14.965,-0.376,0.0,0.0,0.0,0.0
105,APO,106,FTO112,flatBase,R-7C14,112,112,7.4,14.314,0.0,14.965,0.376,14.965,-0.376,0.0,0.0,0.0,0.0
106,APO,107,FTO113,flatBase,R-7C15,113,113,7.4,14.314,0.0,14.965,0.376,14.965,-0.376,0.0,0.0,0.0,0.0
107,APO,108,FTO114,flatBase,R-7C16,114,114,7.4,14.314,0.0,14.965,0.376,14.965,-0.376,0.0,0.0,0.0,0.0
108,APO,109,FTO116,flatBase,R-7C18,116,116,7.4,14.314,0.0,14.965,0.376,14.965,-0.376,0.0,0.0,0.0,0.0
109,APO,110,FTO117,flatBase,R-7C19,117,117,7.4,14.314,0.0,14.965,0.376,14.965,-0.376,0.0,0.0,0.0,0.0
110,APO,111,FTO118,flatBase,R-7C20,118,118,7.4,14.314,0.0,14.965,0.376,14.965,-0.376,0.0,0.0,0.0,0.0
111,APO,112,FTO119,flatBase,R-6C1,119,119,7.4,14.314,0.0,14.965,0.376,14.965,-0.376,0.0,0.0,0.0,0.0
112,APO,113,FTO121,flatBase,R-6C3,121,121,7.4,14.314,0.0,14.965,0.376,14.965,-0.376,0.0,0.0,0.0,0.0
113,APO,114,FTO122,flatBase,R-6C4,122,122,7.4,14.314,0.0,14.965,0.376,14.965,-0.376,0.0,0.0,0.0,0.0
114,APO,115,FTO123,flatBase,R-6C5,123,123,7.4,14.314,0.0,14.965,0.376,14.965,-0.376,0.0,0.0,0.0,0.0
115,APO,116,FTO124,flatBase,R-6C6,124,124,7.4,14.314,0.0,14.965,0.376,14.965,-0.376,0.0,0.0,0.0,0.0
116,APO,117,FTO125,flatBase,R-6C7,125,125,7.4,14.314,0.0,14.965,0.376,14.965,-0.376,0.0,0.0,0.0,0.0
117,APO,118,FTO127,flatBase,R-6C9,127,127,7.4,14.314,0.0,14.965,0.376,14.965,-0.376,0.0,0.0,0.0,0.0
118,APO,119,FTO128,flatBase,R-6C10,128,128,7.4,14.314,0.0,14.965,0.376,14.965,-0.376,0.0,0.0,0.0,0.0
119,APO,120,FTO129,flatBase,R-6C11,129,129,7.4,14.314,0.0,14.965,0.376,14.965,-0.376,0.0,0.0,0.0,0.0
120,APO,121,FTO130,flatBase,R-6C12,130,130,7.4,14.314,0.0,14.965,0.376,14.965,-0.376,0.0,0.0,0.0,0.0
121,APO,122,FTO131,flatBase,R-6C13,131,131,7.4,14.314,0.0,14.965,0.376,14.965,-0.376,0.0,0.0,0.0,0.0
122,APO,123,FTO133,flatBase,R-6C15,133,133,7.4,14.314,0.0,14.965,0.376,14.965,-0.376,0.0,0.0,0.0,0.0
123,APO,124,FTO134,flatBase,R-6C16,134,134,7.4,14.314,0.0,14.965,0.376,14.965,-0.376,0.0,0.0,0.0,0.0
124,APO,125,FTO135,flatBase,R-6C17,135,135,7.4,14.314,0.0,14.965,0.376,14.965,-0.376,0.0,0.0,0.0,0.0
125,APO,126,FTO136,flatBase,R-6C18,136,136,7.4,14.314,0.0,14.965,0.376,14.965,-0.376,0.0,0.0,0.0,0.0
126,APO,127,FTO137,flatBase,R-6C19,137,137,7.4,14.314,0.0,14.965,0.376,14.965,-0.376,0.0,0.0,0.0,0.0
127,APO,128,FTO139,flatBase,R-6C21,139,139,7.4,14.314,0.0,14.965,0.376,14.965,-0.376,0.0,0.0,0.0,0.0
128,APO,129,FTO140,flatBase,R-5C1,140,140,7.4,14.314,0.0,14.965,0.376,14.965,-0.376,0.0,0.0,0.0,0.0
129,APO,130,FTO141,flatBase,R-5C2,141,141,7.4,14.314,0.0,14.965,0.376,14.965,-0.376,0.0,0.0,0.0,0.0
130,APO,131,FTO142,flatBase,R-5C3,142,142,7.4,14.314,0.0,14.965,0.376,14.965,-0.376,0.0,0.0,0.0,0.0
131,APO,132,FTO143,flatBase,R-5C4,143,143,7.4,14.314,0.0,14.965,0.376,14.965,-0.376,0.0,0.0,0.0,0.0
132,APO,133,FTO144,flatBase,R-5C5,144,144,7.4,14.314,0.0,14.965,0.376,14.965,-0.376,0.0,0.0,0.0,0.0
133,APO,134,FTO145,flatBase,R-5C6,145,145,7.4,14.314,0.0,14.965,0.376,14.965,-0.376,0.0,0.0,0.0,0.0
134,APO,135,FTO146,flatBase,R-5C7,146,146,7.4,14.314,0.0,14.965,0.376,14.965,-0.376,0.0,0.0,0.0,0.0
135,APO,136,FTO147,flatBase,R-5C8,147,147,7.4,14.314,0.0,14.965,0.376,14.965,-0.376,0.0,0.0,0.0,0.0
136,APO,137,FTO148,flatBase,R-5C9,148,148,7.4,14.314,0.0,14.965,0.376,14.965,-0.376,0.0,0.0,0.0,0.0
137,APO,138,FTO149,flatBase,R-5C10,149,149,7.4,14.314,0.0,14.965,0.376,14.965,-0.376,0.0,0.0,0.0,0.0
138,APO,139,FTO150,flatBase,R-5C11,150,150,7.4,14.314,0.0,14.965,0.376,14.965,-0.376,0.0,0.0,0.0,0.0
139,APO,140,FTO151,flatBase,R-5C12,151,151,7.4,14.314,0.0,14.965,0.376,14.965,-0.376,0.0,0.0,0.0,0.0
140,APO,141,FTO152,flatBase,R-5C13,152,152,7.4,14.314,0.0,14.965,0.376,14.965,-0.376,0.0,0.0,0.0,0.0
141,APO,142,FTO153,flatBase,R-5C14,153,153,7.4,14.314,0.0,14.965,0.376,14.965,-0.376,0.0,0.0,0.0,0.0
142,APO,143,FTO154,flatBase,R-5C15,154,154,7.4,14.314,0.0,14.965,0.376,14.965,-0.376,0.0,0.0,0.0,0.0
143,APO,144,FTO155,flatBase,R-5C16,155,155,7.4,14.314,0.0,14.965,0.376,14.965,-0.376,0.0,0.0,0.0,0.0
144,APO,145,FTO156,flatBase,R-5C17,156,156,7.4,14.314,0.0,14.965,0.376,14.965,-0.376,0.0,0.0,0.0,0.0
145,APO,146,FTO157,flatBase,R-5C18,157,157,7.4,14.314,0.0,14.965,0.376,14.965,-0.376,0.0,0.0,0.0,0.0
146,APO,147,FTO158,flatBase,R-5C19,158,158,7.4,14.314,0.0,14.965,0.376,14.965,-0.376,0.0,0.0,0.0,0.0
147,APO,148,FTO159,flatBase,R-5C20,159,159,7.4,14.314,0.0,14.965,0.376,14.965,-0.376,0.0,0.0,0.0,0.0
148,APO,149,FTO160,flatBase,R-5C21,160,160,7.4,14.314,0.0,14.965,0.376,14.965,-0.376,0.0,0.0,0.0,0.0
149,APO,150,FTO161,flatBase,R-5C22,161,161,7.4,14.314,0.0,14.965,0.376,14.965,-0.376,0.0,0.0,0.0,0.0
150,APO,151,FTO162,flatBase,R-4C1,162,162,7.4,14.314,0.0,14.965,0.376,14.965,-0.376,0.0,0.0,0.0,0.0
151,APO,152,FTO163,flatBase,R-4C2,163,163,7.4,14.314,0.0,14.965,0.376,14.965,-0.376,0.0,0.0,0.0,0.0
152,APO,153,FTO164,flatBase,R-4C3,164,164,7.4,14.314,0.0,14.965,0.376,14.965,-0.376,0.0,0.0,0.0,0.0
153,APO,154,FTO165,flatBase,R-4C4,165,165,7.4,14.314,0.0,14.965,0.376,14.965,-0.376,0.0,0.0,0.0,0.0
154,APO,155,FTO166,flatBase,R-4C5,166,166,7.4,14.314,0.0,14.965,0.376,14.965,-0.376,0.0,0.0,0.0,0.0
155,APO,156,FTO168,flatBase,R-4C7,168,168,7.4,14.314,0.0,14.965,0.376,14.965,-0.376,0.0,0.0,0.0,0.0
156,APO,157,FTO169,flatBase,R-4C8,169,169,7.4,14.314,0.0,14.965,0.376,14.965,-0.376,0.0,0.0,0.0,0.0
157,APO,158,FTO170,flatBase,R-4C9,170,170,7.4,14.314,0.0,14.965,0.376,14.965,-0.376,0.0,0.0,0.0,0.0
158,APO,159,FTO171,flatBase,R-4C10,171,171,7.4,14.314,0.0,14.965,0.376,14.965,-0.376,0.0,0.0,0.0,0.0
159,APO,160,FTO172,flatBase,R-4C11,172,172,7.4,14.314,0.0,14.965,0.376,14.965,-0.376,0.0,0.0,0.0,0.0
160,APO,161,FTO173,flatBase,R-4C12,173,173,7.4,14.314,0.0,14.965,0.376,14.965,-0.376,0.0,0.0,0.0,0.0
161,APO,162,FTO174,flatBase,R-4C13,174,174,7.4,14.314,0.0,14.965,0.376,14.965,-0.376,0.0,0.0,0.0,0.0
162,APO,163,FTO175,flatBase,R-4C14,175,175,7.4,14.314,0.0,14.965,0.376,14.965,-0.376,0.0,0.0,0.0,0.0
163,APO,164,FTO176,flatBase,R-4C15,176,176,7.4,14.314,0.0,14.965,0.376,14.965,-0.376,0.0,0.0,0.0,0.0
164,APO,165,FTO177,flatBase,R-4C16,177,177,7.4,14.314,0.0,14.965,0.376,14.965,-0.376,0.0,0.0,0.0,0.0
165,APO,166,FTO178,flatBase,R-4C17,178,178,7.4,14.314,0.0,14.965,0.376,14.965,-0.376,0.0,0.0,0.0,0.0
166,APO,167,FTO180,flatBase,R-4C19,180,180,7.4,14.314,0.0,14.965,0.376,14.965,-0.376,0.0,0.0,0.0,0.0
167,APO,168,FTO181,flatBase,R-4C20,181,181,7.4,14.314,0.0,14.965,0.376,14.965,-0.376,0.0,0.0,0.0,0.0
168,APO,169,FTO182,flatBase,R-4C21,182,182,7.4,14.314,0.0,14.965,0.376,14.965,-0.376,0.0,0.0,0.0,0.0
169,APO,170,FTO183,flatBase,R-4C22,183,183,7.4,14.314,0.0,14.965,0.376,14.965,-0.376,0.0,0.0,0.0,0.0
170,APO,171,FTO184,flatBase,R-4C23,184,184,7.4,14.314,0.0,14.965,0.376,14.965,-0.376,0.0,0.0,0.0,0.0
171,APO,172,FTO185,flatBase,R-3C1,185,185,7.4,14.314,0.0,14.965,0.376,14.965,-0.376,0.0,0.0,0.0,0.0
172,APO,173,FTO186,flatBase,R-3C2,186,186,7.4,14.314,0.0,14.965,0.376,14.965,-0.376,0.0,0.0,0.0,0.0
173,APO,174,FTO187,flatBase,R-3C3,187,187,7.4,14.314,0.0,14.965,0.376,14.965,-0.376,0.0,0.0,0.0,0.0
174,APO,175,FTO189,flatBase,R-3C5,189,189,7.4,14.314,0.0,14.965,0.376,14.965,-0.376,0.0,0.0,0.0,0.0
175,APO,176,FTO190,flatBase,R-3C6,190,190,7.4,14.314,0.0,14.965,0.376,14.965,-0.376,0.0,0.0,0.0,0.0
176,APO,177,FTO191,flatBase,R-3C7,191,191,7.4,14.314,0.0,14.965,0.376,14.965,-0.376,0.0,0.0,0.0,0.0
177,APO,178,FTO192,flatBase,R-3C8,192,192,7.4,14.314,0.0,14.965,0.376,14.965,-0.376,0.0,0.0,0.0,0.0
178,APO,179,FTO193,flatBase,R-3C9,193,193,7.4,14.314,0.0,14.965,0.376,14.965,-0.376,0.0,0.0,0.0,0.0
179,APO,180,FTO194,flatBase,R-3C10,194,194,7.4,14.314,0.0,14.965,0.376,14.965,-0.376,0.0,0.0,0.0,0.0
180,APO,181,FTO195,flatBase,R-3C11,195,195,7.4,14.314,0.0,14.965,0.376,14.965,-0.376,0.0,0.0,0.0,0.0
181,APO,182,FTO196,flatBase,R-3C12,196,196,7.4,14.314,0.0,14.965,0.376,14.965,-0.376,0.0,0.0,0.0,0.0
182,APO,183,FTO197,flatBase,R-3C13,197,197,7.4,14.314,0.0,14.965,0.376,14.965,-0.376,0.0,0.0,0.0,0.0
183,APO,184,FTO198,flatBase,R-3C14,198,198,7.4,14.314,0.0,14.965,0.376,14.965,-0.376,0.0,0.0,0.0,0.0
184,APO,185,FTO199,flatBase,R-3C15,199,199,7.4,14.314,0.0,14.965,0.376,14.965,-0.376,0.0,0.0,0.0,0.0
185,APO,186,FTO200,flatBase,R-3C16,200,200,7.4,14.314,0.0,14.965,0.376,14.965,-0.376,0.0,0.0,0.0,0.0
186,APO,187,FTO201,flatBase,R-3C17,201,201,7.4,14.314,0.0,14.965,0.376,14.965,-0.376,0.0,0.0,0.0,0.0
187,APO,188,FTO202,flatBase,R-3C18,202,202,7.4,14.314,0.0,14.965,0.376,14.965,-0.376,0.0,0.0,0.0,0.0
188,APO,189,FTO203,flatBase,R-3C19,203,203,7.4,14.314,0.0,14.965,0.376,14.965,-0.376,0.0,0.0,0.0,0.0
189,APO,190,FTO204,flatBase,R-3C20,204,204,7.4,14.314,0.0,14.965,0.376,14.965,-0.376,0.0,0.0,0.0,0.0
190,APO,191,FTO206,flatBase,R-3C22,206,206,7.4,14.314,0.0,14.965,0.376,14.965,-0.376,0.0,0.0,0.0,0.0
191,APO,192,FTO207,flatBase,R-3C23,207,207,7.4,14.314,0.0,14.965,0.376,14.965,-0.376,0.0,0.0,0.0,0.0
192,APO,193,FTO208,flatBase,R-3C24,208,208,7.4,14.314,0.0,14.965,0.376,14.965,-0.376,0.0,0.0,0.0,0.0
193,APO,194,FTO209,flatBase,R-2C1,209,209,7.4,14.314,0.0,14.965,0.376,14.965,-0.376,0.0,0.0,0.0,0.0
194,APO,195,FTO210,flatBase,R-2C2,210,210,7.4,14.314,0.0,14.965,0.376,14.965,-0.376,0.0,0.0,0.0,0.0
195,APO,196,FTO211,flatBase,R-2C3,211,211,7.4,14.314,0.0,14.965,0.376,14.965,-0.376,0.0,0.0,0.0,0.0
196,APO,197,FTO212,flatBase,R-2C4,212,212,7.4,14.314,0.0,14.965,0.376,14.965,-0.376,0.0,0.0,0.0,0.0
197,APO,198,FTO213,flatBase,R-2C5,213,213,7.4,14.314,0.0,14.965,0.376,14.965,-0.376,0.0,0.0,0.0,0.0
198,APO,199,FTO214,flatBase,R-2C6,214,214,7.4,14.314,0.0,14.965,0.376,14.965,-0.376,0.0,0.0,0.0,0.0
199,APO,200,FTO215,flatBase,R-2C7,215,215,7.4,14.314,0.0,14.965,0.376,14.965,-0.376,0.0,0.0,0.0,0.0
200,APO,201,FTO216,flatBase,R-2C8,216,216,7.4,14.314,0.0,14.965,0.376,14.965,-0.376,0.0,0.0,0.0,0.0
201,APO,202,FTO217,flatBase,R-2C9,217,217,7.4,14.314,0.0,14.965,0.376,14.965,-0.376,0.0,0.0,0.0,0.0
202,APO,203,FTO219,flatBase,R-2C11,219,219,7.4,14.314,0.0,14.965,0.376,14.965,-0.376,0.0,0.0,0.0,0.0
203,APO,204,FTO221,flatBase,R-2C13,221,221,7.4,14.314,0.0,14.965,0.376,14.965,-0.376,0.0,0.0,0.0,0.0
204,APO,205,FTO223,flatBase,R-2C15,223,223,7.4,14.314,0.0,14.965,0.376,14.965,-0.376,0.0,0.0,0.0,0.0
205,APO,206,FTO225,flatBase,R-2C17,225,225,7.4,14.314,0.0,14.965,0.376,14.965,-0.376,0.0,0.0,0.0,0.0
206,APO,207,FTO226,flatBase,R-2C18,226,226,7.4,14.314,0.0,14.965,0.376,14.965,-0.376,0.0,0.0,0.0,0.0
207,APO,208,FTO227,flatBase,R-2C19,227,227,7.4,14.314,0.0,14.965,0.376,14.965,-0.376,0.0,0.0,0.0,0.0
208,APO,209,FTO228,flatBase,R-2C20,228,228,7.4,14.314,0.0,14.965,0.376,14.965,-0.376,0.0,0.0,0.0,0.0
209,APO,210,FTO229,flatBase,R-2C21,229,229,7.4,14.314,0.0,14.965,0.376,14.965,-0.376,0.0,0.0,0.0,0.0
210,APO,211,FTO230,flatBase,R-2C22,230,230,7.4,14.314,0.0,14.965,0.376,14.965,-0.376,0.0,0.0,0.0,0.0
211,APO,212,FTO231,flatBase,R-2C23,231,231,7.4,14.314,0.0,14.965,0.376,14.965,-0.376,0.0,0.0,0.0,0.0
212,APO,213,FTO232,flatBase,R-2C24,232,232,7.4,14.314,0.0,14.965,0.376,14.965,-0.376,0.0,0.0,0.0,0.0
213,APO,214,FTO233,flatBase,R-2C25,233,233,7.4,14.314,0.0,14.965,0.376,14.965,-0.376,0.0,0.0,0.0,0.0
214,APO,215,FTO234,flatBase,R-1C1,234,234,7.4,14.314,0.0,14.965,0.376,14.965,-0.376,0.0,0.0,0.0,0.0
215,APO,216,FTO235,flatBase,R-1C2,235,235,7.4,14.314,0.0,14.965,0.376,14.965,-0.376,0.0,0.0,0.0,0.0
216,APO,217,FTO236,flatBase,R-1C3,236,236,7.4,14.314,0.0,14.965,0.376,14.965,-0.376,0.0,0.0,0.0,0.0
217,APO,218,FTO237,flatBase,R-1C4,237,237,7.4,14.314,0.0,14.965,0.376,14.965,-0.376,0.0,0.0,0.0,0.0
218,APO,219,FTO238,flatBase,R-1C5,238,238,7.4,14.314,0.0,14.965,0.376,14.965,-0.376,0.0,0.0,0.0,0.0
219,APO,220,FTO239,flatBase,R-1C6,239,239,7.4,14.314,0.0,14.965,0.376,14.965,-0.376,0.0,0.0,0.0,0.0
220,APO,221,FTO240,flatBase,R-1C7,240,240,7.4,14.314,0.0,14.965,0.376,14.965,-0.376,0.0,0.0,0.0,0.0
221,APO,222,FTO241,flatBase,R-1C8,241,241,7.4,14.314,0.0,14.965,0.376,14.965,-0.376,0.0,0.0,0.0,0.0
222,APO,223,FTO242,flatBase,R-1C9,242,242,7.4,14.314,0.0,14.965,0.376,14.965,-0.376,0.0,0.0,0.0,0.0
223,APO,224,FTO243,flatBase,R-1C10,243,243,7.4,14.314,0.0,14.965,0.376,14.965,-0.376,0.0,0.0,0.0,0.0
224,APO,225,FTO244,flatBase,R-1C11,244,244,7.4,14.314,0.0,14.965,0.376,14.965,-0.376,0.0,0.0,0.0,0.0
225,APO,226,FTO245,flatBase,R-1C12,245,245,7.4,14.314,0.0,14.965,0.376,14.965,-0.376,0.0,0.0,0.0,0.0
226,APO,227,FTO246,flatBase,R-1C13,246,246,7.4,14.314,0.0,14.965,0.376,14.965,-0.376,0.0,0.0,0.0,0.0
227,APO,228,FTO247,flatBase,R-1C14,247,247,7.4,14.314,0.0,14.965,0.376,14.965,-0.376,0.0,0.0,0.0,0.0
228,APO,229,FTO248,flatBase,R-1C15,248,248,7.4,14.314,0.0,14.965,0.376,14.965,-0.376,0.0,0.0,0.0,0.0
229,APO,230,FTO249,flatBase,R-1C16,249,249,7.4,14.314,0.0,14.965,0.376,14.965,-0.376,0.0,0.0,0.0,0.0
230,APO,231,FTO250,flatBase,R-1C17,250,250,7.4,14.314,0.0,14.965,0.376,14.965,-0.376,0.0,0.0,0.0,0.0
231,APO,232,FTO251,flatBase,R-1C18,251,251,7.4,14.314,0.0,14.965,0.376,14.965,-0.376,0.0,0.0,0.0,0.0
232,APO,233,FTO252,flatBase,R-1C19,252,252,7.4,14.314,0.0,14.965,0.376,14.965,-0.376,0.0,0.0,0.0,0.0
233,APO,234,FTO253,flatBase,R-1C20,253,253,7.4,14.314,0.0,14.965,0.376,14.965,-0.376,0.0,0.0,0.0,0.0
234,APO,235,FTO254,flatBase,R-1C21,254,254,7.4,14.314,0.0,14.965,0.376,14.965,-0.376,0.0,0.0,0.0,0.0
235,APO,236,FTO255,flatBase,R-1C22,255,255,7.4,14.314,0.0,14.965,0.376,14.965,-0.376,0.0,0.0,0.0,0.0
236,APO,237,FTO256,flatBase,R-1C23,256,256,7.4,14.314,0.0,14.965,0.376,14.965,-0.376,0.0,0.0,0.0,0.0
237,APO,238,FTO257,flatBase,R-1C24,257,257,7.4,14.314,0.0,14.965,0.376,14.965,-0.376,0.0,0.0,0.0,0.0
238,APO,239,FTO258,flatBase,R-1C25,258,258,7.4,14.314,0.0,14.965,0.376,14.965,-0.376,0.0,0.0,0.0,0.0
239,APO,240,FTO259,flatBase,R-1C26,259,259,7.4,14.314,0.0,14.965,0.376,14.965,-0.376,0.0,0.0,0.0,0.0
240,APO,241,FTO260,flatBase,R0C1,260,260,7.4,14.314,0.0,14.965,0.376,14.965,-0.376,0.0,0.0,0.0,0.0
241,APO,242,FTO261,flatBase,R0C2,261,261,7.4,14.314,0.0,14.965,0.376,14.965,-0.376,0.0,0.0,0.0,0.0
242,APO,243,FTO262,flatBase,R0C3,262,262,7.4,14.314,0.0,14.965,0.376,14.965,-0.376,0.0,0.0,0.0,0.0
243,APO,244,FTO264,flatBase,R0C5,264,264,7.4,14.314,0.0,14.965,0.376,14.965,-0.376,0.0,0.0,0.0,0.0
244,APO,245,FTO265,flatBase,R0C6,265,265,7.4,14.314,0.0,14.965,0.376,14.965,-0.376,0.0,0.0,0.0,0.0
245,APO,246,FTO266,flatBase,R0C7,266,266,7.4,14.314,0.0,14.965,0.376,14.965,-0.376,0.0,0.0,0.0,0.0
246,APO,247,FTO268,flatBase,R0C9,268,268,7.4,14.314,0.0,14.965,0.376,14.965,-0.376,0.0,0.0,0.0,0.0
247,APO,248,FTO269,flatBase,R0C10,269,269,7.4,14.314,0.0,14.965,0.376,14.965,-0.376,0.0,0.0,0.0,0.0
248,APO,249,FTO270,flatBase,R0C11,270,270,7.4,14.314,0.0,14.965,0.376,14.965,-0.376,0.0,0.0,0.0,0.0
249,APO,250,FTO272,flatBase,R0C13,272,272,7.4,14.314,0.0,14.965,0.376,14.965,-0.376,0.0,0.0,0.0,0.0
250,APO,251,FTO274,flatBase,R0C15,274,274,7.4,14.314,0.0,14.965,0.376,14.965,-0.376,0.0,0.0,0.0,0.0
251,APO,252,FTO276,flatBase,R0C17,276,276,7.4,14.314,0.0,14.965,0.376,14.965,-0.376,0.0,0.0,0.0,0.0
252,APO,253,FTO277,flatBase,R0C18,277,277,7.4,14.314,0.0,14.965,0.376,14.965,-0.376,0.0,0.0,0.0,0.0
253,APO,254,FTO278,flatBase,R0C19,278,278,7.4,14.314,0.0,14.965,0.376,14.965,-0.376,0.0,0.0,0.0,0.0
254,APO,255,FTO280,flatBase,R0C21,280,280,7.4,14.314,0.0,14.965,0.376,14.965,-0.376,0.0,0.0,0.0,0.0
255,APO,256,FTO281,flatBase,R0C22,281,281,7.4,14.314,0.0,14.965,0.376,14.965,-0.376,0.0,0.0,0.0,0.0
256,APO,257,FTO282,flatBase,R0C23,282,282,7.4,14.314,0.0,14.965,0.376,14.965,-0.376,0.0,0.0,0.0,0.0
257,APO,258,FTO284,flatBase,R0C25,284,284,7.4,14.314,0.0,14.965,0.376,14.965,-0.376,0.0,0.0,0.0,0.0
258,APO,259,FTO285,flatBase,R0C26,285,285,7.4,14.314,0.0,14.965,0.376,14.965,-0.376,0.0,0.0,0.0,0.0
259,APO,260,FTO286,flatBase,R0C27,286,286,7.4,14.314,0.0,14.965,0.376,14.965,-0.376,0.0,0.0,0.0,0.0
260,APO,261,FTO287,flatBase,R+13C1,287,287,7.4,14.314,0.0,14.965,0.376,14.965,-0.376,0.0,0.0,0.0,0.0
261,APO,262,FTO288,flatBase,R+13C2,288,288,7.4,14.314,0.0,14.965,0.376,14.965,-0.376,0.0,0.0,0.0,0.0
262,APO,263,FTO289,flatBase,R+13C3,289,289,7.4,14.314,0.0,14.965,0.376,14.965,-0.376,0.0,0.0,0.0,0.0
263,APO,264,FTO290,flatBase,R+13C4,290,290,7.4,14.314,0.0,14.965,0.376,14.965,-0.376,0.0,0.0,0.0,0.0
264,APO,265,FTO291,flatBase,R+13C5,291,291,7.4,14.314,0.0,14.965,0.376,14.965,-0.376,0.0,0.0,0.0,0.0
265,APO,266,FTO292,flatBase,R+13C6,292,292,7.4,14.314,0.0,14.965,0.376,14.965,-0.376,0.0,0.0,0.0,0.0
266,APO,267,FTO293,flatBase,R+13C7,293,293,7.4,14.314,0.0,14.965,0.376,14.965,-0.376,0.0,0.0,0.0,0.0
267,APO,268,FTO294,flatBase,R+13C8,294,294,7.4,14.314,0.0,14.965,0.376,14.965,-0.376,0.0,0.0,0.0,0.0
268,APO,269,FTO295,flatBase,R+13C9,295,295,7.4,14.314,0.0,14.965,0.376,14.965,-0.376,0.0,0.0,0.0,0.0
269,APO,270,FTO296,flatBase,R+13C10,296,296,7.4,14.314,0.0,14.965,0.376,14.965,-0.376,0.0,0.0,0.0,0.0
270,APO,271,FTO297,flatBase,R+13C11,297,297,7.4,14.314,0.0,14.965,0.376,14.965,-0.376,0.0,0.0,0.0,0.0
271,APO,272,FTO298,flatBase,R+13C12,298,298,7.4,14.314,0.0,14.965,0.376,14.965,-0.376,0.0,0.0,0.0,0.0
272,APO,273,FTO299,flatBase,R+13C13,299,299,7.4,14.314,0.0,14.965,0.376,14.965,-0.376,0.0,0.0,0.0,0.0
273,APO,274,FTO300,flatBase,R+13C14,300,300,7.4,14.314,0.0,14.965,0.376,14.965,-0.376,0.0,0.0,0.0,0.0
274,APO,275,FTO301,flatBase,R+12C1,301,301,7.4,14.314,0.0,14.965,0.376,14.965,-0.376,0.0,0.0,0.0,0.0
275,APO,276,FTO302,flatBase,R+12C2,302,302,7.4,14.314,0.0,14.965,0.376,14.965,-0.376,0.0,0.0,0.0,0.0
276,APO,277,FTO303,flatBase,R+12C3,303,303,7.4,14.314,0.0,14.965,0.376,14.965,-0.376,0.0,0.0,0.0,0.0
277,APO,278,FTO304,flatBase,R+12C4,304,304,7.4,14.314,0.0,14.965,0.376,14.965,-0.376,0.0,0.0,0.0,0.0
278,APO,279,FTO305,flatBase,R+12C5,305,305,7.4,14.314,0.0,14.965,0.376,14.965,-0.376,0.0,0.0,0.0,0.0
279,APO,280,FTO306,flatBase,R+12C6,306,306,7.4,14.314,0.0,14.965,0.376,14.965,-0.376,0.0,0.0,0.0,0.0
280,APO,281,FTO307,flatBase,R+12C7,307,307,7.4,14.314,0.0,14.965,0.376,14.965,-0.376,0.0,0.0,0.0,0.0
281,APO,282,FTO309,flatBase,R+12C9,309,309,7.4,14.314,0.0,14.965,0.376,14.965,-0.376,0.0,0.0,0.0,0.0
282,APO,283,FTO310,flatBase,R+12C10,310,310,7.4,14.314,0.0,14.965,0.376,14.965,-0.376,0.0,0.0,0.0,0.0
283,APO,284,FTO311,flatBase,R+12C11,311,311,7.4,14.314,0.0,14.965,0.376,14.965,-0.376,0.0,0.0,0.0,0.0
284,APO,285,FTO312,flatBase,R+12C12,312,312,7.4,14.314,0.0,14.965,0.376,14.965,-0.376,0.0,0.0,0.0,0.0
285,APO,286,FTO313,flatBase,R+12C13,313,313,7.4,14.314,0.0,14.965,0.376,14.965,-0.376,0.0,0.0,0.0,0.0
286,APO,287,FTO314,flatBase,R+12C14,314,314,7.4,14.314,0.0,14.965,0.376,14.965,-0.376,0.0,0.0,0.0,0.0
287,APO,288,FTO315,flatBase,R+12C15,315,315,7.4,14.314,0.0,14.965,0.376,14.965,-0.376,0.0,0.0,0.0,0.0
288,APO,289,FTO316,flatBase,R+11C1,316,316,7.4,14.314,0.0,14.965,0.376,14.965,-0.376,0.0,0.0,0.0,0.0
289,APO,290,FTO317,flatBase,R+11C2,317,317,7.4,14.314,0.0,14.965,0.376,14.965,-0.376,0.0,0.0,0.0,0.0
290,APO,291,FTO318,flatBase,R+11C3,318,318,7.4,14.314,0.0,14.965,0.376,14.965,-0.376,0.0,0.0,0.0,0.0
291,APO,292,FTO319,flatBase,R+11C4,319,319,7.4,14.314,0.0,14.965,0.376,14.965,-0.376,0.0,0.0,0.0,0.0
292,APO,293,FTO320,flatBase,R+11C5,320,320,7.4,14.314,0.0,14.965,0.376,14.965,-0.376,0.0,0.0,0.0,0.0
293,APO,294,FTO321,flatBase,R+11C6,321,321,7.4,14.314,0.0,14.965,0.376,14.965,-0.376,0.0,0.0,0.0,0.0
294,APO,295,FTO322,flatBase,R+11C7,322,322,7.4,14.314,0.0,14.965,0.376,14.965,-0.376,0.0,0.0,0.0,0.0
295,APO,296,FTO323,flatBase,R+11C8,323,323,7.4,14.314,0.0,14.965,0.376,14.965,-0.376,0.0,0.0,0.0,0.0
296,APO,297,FTO324,flatBase,R+11C9,324,324,7.4,14.314,0.0,14.965,0.376,14.965,-0.376,0.0,0.0,0.0,0.0
297,APO,298,FTO325,flatBase,R+11C10,325,325,7.4,14.314,0.0,14.965,0.376,14.965,-0.376,0.0,0.0,0.0,0.0
298,APO,299,FTO326,flatBase,R+11C11,326,326,7.4,14.314,0.0,14.965,0.376,14.965,-0.376,0.0,0.0,0.0,0.0
299,APO,300,FTO327,flatBase,R+11C12,327,327,7.4,14.314,0.0,14.965,0.376,14.965,-0.376,0.0,0.0,0.0,0.0
300,APO,301,FTO328,flatBase,R+11C13,328,328,7.4,14.314,0.0,14.965,0.376,14.965,-0.376,0.0,0.0,0.0,0.0
301,APO,302,FTO329,flatBase,R+11C14,329,329,7.4,14.314,0.0,14.965,0.376,14.965,-0.376,0.0,0.0,0.0,0.0
302,APO,303,FTO330,flatBase,R+11C15,330,330,7.4,14.314,0.0,14.965,0.376,14.965,-0.376,0.0,0.0,0.0,0.0
303,APO,304,FTO331,flatBase,R+11C16,331,331,7.4,14.314,0.0,14.965,0.376,14.965,-0.376,0.0,0.0,0.0,0.0
304,APO,305,FTO332,flatBase,R+10C1,332,332,7.4,14.314,0.0,14.965,0.376,14.965,-0.376,0.0,0.0,0.0,0.0
305,APO,306,FTO333,flatBase,R+10C2,333,333,7.4,14.314,0.0,14.965,0.376,14.965,-0.376,0.0,0.0,0.0,0.0
306,APO,307,FTO334,flatBase,R+10C3,334,334,7.4,14.314,0.0,14.965,0.376,14.965,-0.376,0.0,0.0,0.0,0.0
307,APO,308,FTO336,flatBase,R+10C5,336,336,7.4,14.314,0.0,14.965,0.376,14.965,-0.376,0.0,0.0,0.0,0.0
308,APO,309,FTO337,flatBase,R+10C6,337,337,7.4,14.314,0.0,14.965,0.376,14.965,-0.376,0.0,0.0,0.0,0.0
309,APO,310,FTO339,flatBase,R+10C8,339,339,7.4,14.314,0.0,14.965,0.376,14.965,-0.376,0.0,0.0,0.0,0.0
310,APO,311,FTO340,flatBase,R+10C9,340,340,7.4,14.314,0.0,14.965,0.376,14.965,-0.376,0.0,0.0,0.0,0.0
311,APO,312,FTO341,flatBase,R+10C10,341,341,7.4,14.314,0.0,14.965,0.376,14.965,-0.376,0.0,0.0,0.0,0.0
312,APO,313,FTO343,flatBase,R+10C12,343,343,7.4,14.314,0.0,14.965,0.376,14.965,-0.376,0.0,0.0,0.0,0.0
313,APO,314,FTO344,flatBase,R+10C13,344,344,7.4,14.314,0.0,14.965,0.376,14.965,-0.376,0.0,0.0,0.0,0.0
314,APO,315,FTO346,flatBase,R+10C15,346,346,7.4,14.314,0.0,14.965,0.376,14.965,-0.376,0.0,0.0,0.0,0.0
315,APO,316,FTO347,flatBase,R+10C16,347,347,7.4,14.314,0.0,14.965,0.376,14.965,-0.376,0.0,0.0,0.0,0.0
316,APO,317,FTO348,flatBase,R+10C17,348,348,7.4,14.314,0.0,14.965,0.376,14.965,-0.376,0.0,0.0,0.0,0.0
317,APO,318,FTO349,flatBase,R+9C1,349,349,7.4,14.314,0.0,14.965,0.376,14.965,-0.376,0.0,0.0,0.0,0.0
318,APO,319,FTO350,flatBase,R+9C2,350,350,7.4,14.314,0.0,14.965,0.376,14.965,-0.376,0.0,0.0,0.0,0.0
319,APO,320,FTO351,flatBase,R+9C3,351,351,7.4,14.314,0.0,14.965,0.376,14.965,-0.376,0.0,0.0,0.0,0.0
320,APO,321,FTO352,flatBase,R+9C4,352,352,7.4,14.314,0.0,14.965,0.376,14.965,-0.376,0.0,0.0,0.0,0.0
321,APO,322,FTO353,flatBase,R+9C5,353,353,7.4,14.314,0.0,14.965,0.376,14.965,-0.376,0.0,0.0,0.0,0.0
322,APO,323,FTO354,flatBase,R+9C6,354,354,7.4,14.314,0.0,14.965,0.376,14.965,-0.376,0.0,0.0,0.0,0.0
323,APO,324,FTO355,flatBase,R+9C7,355,355,7.4,14.314,0.0,14.965,0.376,14.965,-0.376,0.0,0.0,0.0,0.0
324,APO,325,FTO356,flatBase,R+9C8,356,356,7.4,14.314,0.0,14.965,0.376,14.965,-0.376,0.0,0.0,0.0,0.0
325,APO,326,FTO357,flatBase,R+9C9,357,357,7.4,14.314,0.0,14.965,0.376,14.965,-0.376,0.0,0.0,0.0,0.0
326,APO,327,FTO358,flatBase,R+9C10,358,358,7.4,14.314,0.0,14.965,0.376,14.965,-0.376,0.0,0.0,0.0,0.0
327,APO,328,FTO359,flatBase,R+9C11,359,359,7.4,14.314,0.0,14.965,0.376,14.965,-0.376,0.0,0.0,0.0,0.0
328,APO,329,FTO360,flatBase,R+9C12,360,360,7.4,14.314,0.0,14.965,0.376,14.965,-0.376,0.0,0.0,0.0,0.0
329,APO,330,FTO361,flatBase,R+9C13,361,361,7.4,14.314,0.0,14.965,0.376,14.965,-0.376,0.0,0.0,0.0,0.0
330,APO,331,FTO362,flatBase,R+9C14,362,362,7.4,14.314,0.0,14.965,0.376,14.965,-0.376,0.0,0.0,0.0,0.0
331,APO,332,FTO363,flatBase,R+9C15,363,363,7.4,14.314,0.0,14.965,0.376,14.965,-0.376,0.0,0.0,0.0,0.0
332,APO,333,FTO364,flatBase,R+9C16,364,364,7.4,14.314,0.0,14.965,0.376,14.965,-0.376,0.0,0.0,0.0,0.0
333,APO,334,FTO365,flatBase,R+9C17,365,365,7.4,14.314,0.0,14.965,0.376,14.965,-0.376,0.0,0.0,0.0,0.0
334,APO,335,FTO366,flatBase,R+9C18,366,366,7.4,14.314,0.0,14.965,0.376,14.965,-0.376,0.0,0.0,0.0,0.0
335,APO,336,FTO367,flatBase,R+8C1,367,367,7.4,14.314,0.0,14.965,0.376,14.965,-0.376,0.0,0.0,0.0,0.0
336,APO,337,FTO368,flatBase,R+8C2,368,368,7.4,14.314,0.0,14.965,0.376,14.965,-0.376,0.0,0.0,0.0,0.0
337,APO,338,FTO369,flatBase,R+8C3,369,369,7.4,14.314,0.0,14.965,0.376,14.965,-0.376,0.0,0.0,0.0,0.0
338,APO,339,FTO370,flatBase,R+8C4,370,370,7.4,14.314,0.0,14.965,0.376,14.965,-0.376,0.0,0.0,0.0,0.0
339,APO,340,FTO371,flatBase,R+8C5,371,371,7.4,14.314,0.0,14.965,0.376,14.965,-0.376,0.0,0.0,0.0,0.0
340,APO,341,FTO372,flatBase,R+8C6,372,372,7.4,14.314,0.0,14.965,0.376,14.965,-0.376,0.0,0.0,0.0,0.0
341,APO,342,FTO373,flatBase,R+8C7,373,373,7.4,14.314,0.0,14.965,0.376,14.965,-0.376,0.0,0.0,0.0,0.0
342,APO,343,FTO374,flatBase,R+8C8,374,374,7.4,14.314,0.0,14.965,0.376,14.965,-0.376,0.0,0.0,0.0,0.0
343,APO,344,FTO375,flatBase,R+8C9,375,375,7.4,14.314,0.0,14.965,0.376,14.965,-0.376,0.0,0.0,0.0,0.0
344,APO,345,FTO377,flatBase,R+8C11,377,377,7.4,14.314,0.0,14.965,0.376,14.965,-0.376,0.0,0.0,0.0,0.0
345,APO,346,FTO378,flatBase,R+8C12,378,378,7.4,14.314,0.0,14.965,0.376,14.965,-0.376,0.0,0.0,0.0,0.0
346,APO,347,FTO379,flatBase,R+8C13,379,379,7.4,14.314,0.0,14.965,0.376,14.965,-0.376,0.0,0.0,0.0,0.0
347,APO,348,FTO380,flatBase,R+8C14,380,380,7.4,14.314,0.0,14.965,0.376,14.965,-0.376,0.0,0.0,0.0,0.0
348,APO,349,FTO381,flatBase,R+8C15,381,381,7.4,14.314,0.0,14.965,0.376,14.965,-0.376,0.0,0.0,0.0,0.0
349,APO,350,FTO382,flatBase,R+8C16,382,382,7.4,14.314,0.0,14.965,0.376,14.965,-0.376,0.0,0.0,0.0,0.0
350,APO,351,FTO383,flatBase,R+8C17,383,383,7.4,14.314,0.0,14.965,0.376,14.965,-0.376,0.0,0.0,0.0,0.0
351,APO,352,FTO384,flatBase,R+8C18,384,384,7.4,14.314,0.0,14.965,0.376,14.965,-0.376,0.0,0.0,0.0,0.0
352,APO,353,FTO385,flatBase,R+8C19,385,385,7.4,14.314,0.0,14.965,0.376,14.965,-0.376,0.0,0.0,0.0,0.0
353,APO,354,FTO386,flatBase,R+7C1,386,386,7.4,14.314,0.0,14.965,0.376,14.965,-0.376,0.0,0.0,0.0,0.0
354,APO,355,FTO387,flatBase,R+7C2,387,387,7.4,14.314,0.0,14.965,0.376,14.965,-0.376,0.0,0.0,0.0,0.0
355,APO,356,FTO388,flatBase,R+7C3,388,388,7.4,14.314,0.0,14.965,0.376,14.965,-0.376,0.0,0.0,0.0,0.0
356,APO,357,FTO390,flatBase,R+7C5,390,390,7.4,14.314,0.0,14.965,0.376,14.965,-0.376,0.0,0.0,0.0,0.0
357,APO,358,FTO391,flatBase,R+7C6,391,391,7.4,14.314,0.0,14.965,0.376,14.965,-0.376,0.0,0.0,0.0,0.0
358,APO,359,FTO392,flatBase,R+7C7,392,392,7.4,14.314,0.0,14.965,0.376,14.965,-0.376,0.0,0.0,0.0,0.0
359,APO,360,FTO393,flatBase,R+7C8,393,393,7.4,14.314,0.0,14.965,0.376,14.965,-0.376,0.0,0.0,0.0,0.0
360,APO,361,FTO394,flatBase,R+7C9,394,394,7.4,14.314,0.0,14.965,0.376,14.965,-0.376,0.0,0.0,0.0,0.0
361,APO,362,FTO395,flatBase,R+7C10,395,395,7.4,14.314,0.0,14.965,0.376,14.965,-0.376,0.0,0.0,0.0,0.0
362,APO,363,FTO396,flatBase,R+7C11,396,396,7.4,14.314,0.0,14.965,0.376,14.965,-0.376,0.0,0.0,0.0,0.0
363,APO,364,FTO397,flatBase,R+7C12,397,397,7.4,14.314,0.0,14.965,0.376,14.965,-0.376,0.0,0.0,0.0,0.0
364,APO,365,FTO398,flatBase,R+7C13,398,398,7.4,14.314,0.0,14.965,0.376,14.965,-0.376,0.0,0.0,0.0,0.0
365,APO,366,FTO399,flatBase,R+7C14,399,399,7.4,14.314,0.0,14.965,0.376,14.965,-0.376,0.0,0.0,0.0,0.0
366,APO,367,FTO400,flatBase,R+7C15,400,400,7.4,14.314,0.0,14.965,0.376,14.965,-0.376,0.0,0.0,0.0,0.0
367,APO,368,FTO401,flatBase,R+7C16,401,401,7.4,14.314,0.0,14.965,0.376,14.965,-0.376,0.0,0.0,0.0,0.0
368,APO,369,FTO403,flatBase,R+7C18,403,403,7.4,14.314,0.0,14.965,0.376,14.965,-0.376,0.0,0.0,0.0,0.0
369,APO,370,FTO404,flatBase,R+7C19,404,404,7.4,14.314,0.0,14.965,0.376,14.965,-0.376,0.0,0.0,0.0,0.0
370,APO,371,FTO405,flatBase,R+7C20,405,405,7.4,14.314,0.0,14.965,0.376,14.965,-0.376,0.0,0.0,0.0,0.0
371,APO,372,FTO406,flatBase,R+6C1,406,406,7.4,14.314,0.0,14.965,0.376,14.965,-0.376,0.0,0.0,0.0,0.0
372,APO,373,FTO408,flatBase,R+6C3,408,408,7.4,14.314,0.0,14.965,0.376,14.965,-0.376,0.0,0.0,0.0,0.0
373,APO,374,FTO409,flatBase,R+6C4,409,409,7.4,14.314,0.0,14.965,0.376,14.965,-0.376,0.0,0.0,0.0,0.0
374,APO,375,FTO410,flatBase,R+6C5,410,410,7.4,14.314,0.0,14.965,0.376,14.965,-0.376,0.0,0.0,0.0,0.0
375,APO,376,FTO411,flatBase,R+6C6,411,411,7.4,14.314,0.0,14.965,0.376,14.965,-0.376,0.0,0.0,0.0,0.0
376,APO,377,FTO412,flatBase,R+6C7,412,412,7.4,14.314,0.0,14.965,0.376,14.965,-0.376,0.0,0.0,0.0,0.0
377,APO,378,FTO414,flatBase,R+6C9,414,414,7.4,14.314,0.0,14.965,0.376,14.965,-0.376,0.0,0.0,0.0,0.0
378,APO,379,FTO415,flatBase,R+6C10,415,415,7.4,14.314,0.0,14.965,0.376,14.965,-0.376,0.0,0.0,0.0,0.0
379,APO,380,FTO416,flatBase,R+6C11,416,416,7.4,14.314,0.0,14.965,0.376,14.965,-0.376,0.0,0.0,0.0,0.0
380,APO,381,FTO417,flatBase,R+6C12,417,417,7.4,14.314,0.0,14.965,0.376,14.965,-0.376,0.0,0.0,0.0,0.0
381,APO,382,FTO418,flatBase,R+6C13,418,418,7.4,14.314,0.0,14.965,0.376,14.965,-0.376,0.0,0.0,0.0,0.0
382,APO,383,FTO420,flatBase,R+6C15,420,420,7.4,14.314,0.0,14.965,0.376,14.965,-0.376,0.0,0.0,0.0,0.0
383,APO,384,FTO421,flatBase,R+6C16,421,421,7.4,14.314,0.0,14.965,0.376,14.965,-0.376,0.0,0.0,0.0,0.0
384,APO,385,FTO422,flatBase,R+6C17,422,422,7.4,14.314,0.0,14.965,0.376,14.965,-0.376,0.0,0.0,0.0,0.0
385,APO,386,FTO423,flatBase,R+6C18,423,423,7.4,14.314,0.0,14.965,0.376,14.965,-0.376,0.0,0.0,0.0,0.0
386,APO,387,FTO424,flatBase,R+6C19,424,424,7.4,14.314,0.0,14.965,0.376,14.965,-0.376,0.0,0.0,0.0,0.0
387,APO,388,FTO426,flatBase,R+6C21,426,426,7.4,14.314,0.0,14.965,0.376,14.965,-0.376,0.0,0.0,0.0,0.0
388,APO,389,FTO427,flatBase,R+5C1,427,427,7.4,14.314,0.0,14.965,0.376,14.965,-0.376,0.0,0.0,0.0,0.0
389,APO,390,FTO428,flatBase,R+5C2,428,428,7.4,14.314,0.0,14.965,0.376,14.965,-0.376,0.0,0.0,0.0,0.0
390,APO,391,FTO429,flatBase,R+5C3,429,429,7.4,14.314,0.0,14.965,0.376,14.965,-0.376,0.0,0.0,0.0,0.0
391,APO,392,FTO430,flatBase,R+5C4,430,430,7.4,14.314,0.0,14.965,0.376,14.965,-0.376,0.0,0.0,0.0,0.0
392,APO,393,FTO431,flatBase,R+5C5,431,431,7.4,14.314,0.0,14.965,0.376,14.965,-0.376,0.0,0.0,0.0,0.0
393,APO,394,FTO432,flatBase,R+5C6,432,432,7.4,14.314,0.0,14.965,0.376,14.965,-0.376,0.0,0.0,0.0,0.0
394,APO,395,FTO433,flatBase,R+5C7,433,433,7.4,14.314,0.0,14.965,0.376,14.965,-0.376,0.0,0.0,0.0,0.0
395,APO,396,FTO434,flatBase,R+5C8,434,434,7.4,14.314,0.0,14.965,0.376,14.965,-0.376,0.0,0.0,0.0,0.0
396,APO,397,FTO435,flatBase,R+5C9,435,435,7.4,14.314,0.0,14.965,0.376,14.965,-0.376,0.0,0.0,0.0,0.0
397,APO,398,FTO436,flatBase,R+5C10,436,436,7.4,14.314,0.0,14.965,0.376,14.965,-0.376,0.0,0.0,0.0,0.0
398,APO,399,FTO437,flatBase,R+5C11,437,437,7.4,14.314,0.0,14.965,0.376,14.965,-0.376,0.0,0.0,0.0,0.0
399,APO,400,FTO438,flatBase,R+5C12,438,438,7.4,14.314,0.0,14.965,0.376,14.965,-0.376,0.0,0.0,0.0,0.0
400,APO,401,FTO439,flatBase,R+5C13,439,439,7.4,14.314,0.0,14.965,0.376,14.965,-0.376,0.0,0.0,0.0,0.0
401,APO,402,FTO440,flatBase,R+5C14,440,440,7.4,14.314,0.0,14.965,0.376,14.965,-0.376,0.0,0.0,0.0,0.0
402,APO,403,FTO441,flatBase,R+5C15,441,441,7.4,14.314,0.0,14.965,0.376,14.965,-0.376,0.0,0.0,0.0,0.0
403,APO,404,FTO442,flatBase,R+5C16,442,442,7.4,14.314,0.0,14.965,0.376,14.965,-0.376,0.0,0.0,0.0,0.0
404,APO,405,FTO443,flatBase,R+5C17,443,443,7.4,14.314,0.0,14.965,0.376,14.965,-0.376,0.0,0.0,0.0,0.0
405,APO,406,FTO444,flatBase,R+5C18,444,444,7.4,14.314,0.0,14.965,0.376,14.965,-0.376,0.0,0.0,0.0,0.0
406,APO,407,FTO445,flatBase,R+5C19,445,445,7.4,14.314,0.0,14.965,0.376,14.965,-0.376,0.0,0.0,0.0,0.0
407,APO,408,FTO446,flatBase,R+5C20,446,446,7.4,14.314,0.0,14.965,0.376,14.965,-0.376,0.0,0.0,0.0,0.0
408,APO,409,FTO447,flatBase,R+5C21,447,447,7.4,14.314,0.0,14.965,0.376,14.965,-0.376,0.0,0.0,0.0,0.0
409,APO,410,FTO448,flatBase,R+5C22,448,448,7.4,14.314,0.0,14.965,0.376,14.965,-0.376,0.0,0.0,0.0,0.0
410,APO,411,FTO449,flatBase,R+4C1,449,449,7.4,14.314,0.0,14.965,0.376,14.965,-0.376,0.0,0.0,0.0,0.0
411,APO,412,FTO450,flatBase,R+4C2,450,450,7.4,14.314,0.0,14.965,0.376,14.965,-0.376,0.0,0.0,0.0,0.0
412,APO,413,FTO451,flatBase,R+4C3,451,451,7.4,14.314,0.0,14.965,0.376,14.965,-0.376,0.0,0.0,0.0,0.0
413,APO,414,FTO452,flatBase,R+4C4,452,452,7.4,14.314,0.0,14.965,0.376,14.965,-0.376,0.0,0.0,0.0,0.0
414,APO,415,FTO453,flatBase,R+4C5,453,453,7.4,14.314,0.0,14.965,0.376,14.965,-0.376,0.0,0.0,0.0,0.0
415,APO,416,FTO455,flatBase,R+4C7,455,455,7.4,14.314,0.0,14.965,0.376,14.965,-0.376,0.0,0.0,0.0,0.0
416,APO,417,FTO456,flatBase,R+4C8,456,456,7.4,14.314,0.0,14.965,0.376,14.965,-0.376,0.0,0.0,0.0,0.0
417,APO,418,FTO457,flatBase,R+4C9,457,457,7.4,14.314,0.0,14.965,0.376,14.965,-0.376,0.0,0.0,0.0,0.0
418,APO,419,FTO458,flatBase,R+4C10,458,458,7.4,14.314,0.0,14.965,0.376,14.965,-0.376,0.0,0.0,0.0,0.0
419,APO,420,FTO459,flatBase,R+4C11,459,459,7.4,14.314,0.0,14.965,0.376,14.965,-0.376,0.0,0.0,0.0,0.0
420,APO,421,FTO460,flatBase,R+4C12,460,460,7.4,14.314,0.0,14.965,0.376,14.965,-0.376,0.0,0.0,0.0,0.0
421,APO,422,FTO461,flatBase,R+4C13,461,461,7.4,14.314,0.0,14.965,0.376,14.965,-0.376,0.0,0.0,0.0,0.0
422,APO,423,FTO462,flatBase,R+4C14,462,462,7.4,14.314,0.0,14.965,0.376,14.965,-0.376,0.0,0.0,0.0,0.0
423,APO,424,FTO463,flatBase,R+4C15,463,463,7.4,14.314,0.0,14.965,0.376,14.965,-0.376,0.0,0.0,0.0,0.0
424,APO,425,FTO464,flatBase,R+4C16,464,464,7.4,14.314,0.0,14.965,0.376,14.965,-0.376,0.0,0.0,0.0,0.0
425,APO,426,FTO465,flatBase,R+4C17,465,465,7.4,14.314,0.0,14.965,0.376,14.965,-0.376,0.0,0.0,0.0,0.0
426,APO,427,FTO467,flatBase,R+4C19,467,467,7.4,14.314,0.0,14.965,0.376,14.965,-0.376,0.0,0.0,0.0,0.0
427,APO,428,FTO468,flatBase,R+4C20,468,468,7.4,14.314,0.0,14.965,0.376,14.965,-0.376,0.0,0.0,0.0,0.0
428,APO,429,FTO469,flatBase,R+4C21,469,469,7.4,14.314,0.0,14.965,0.376,14.965,-0.376,0.0,0.0,0.0,0.0
429,APO,430,FTO470,flatBase,R+4C22,470,470,7.4,14.314,0.0,14.965,0.376,14.965,-0.376,0.0,0.0,0.0,0.0
430,APO,431,FTO471,flatBase,R+4C23,471,471,7.4,14.314,0.0,14.965,0.376,14.965,-0.376,0.0,0.0,0.0,0.0
431,APO,432,FTO472,flatBase,R+3C1,472,472,7.4,14.314,0.0,14.965,0.376,14.965,-0.376,0.0,0.0,0.0,0.0
432,APO,433,FTO473,flatBase,R+3C2,473,473,7.4,14.314,0.0,14.965,0.376,14.965,-0.376,0.0,0.0,0.0,0.0
433,APO,434,FTO474,flatBase,R+3C3,474,474,7.4,14.314,0.0,14.965,0.376,14.965,-0.376,0.0,0.0,0.0,0.0
434,APO,435,FTO476,flatBase,R+3C5,476,476,7.4,14.314,0.0,14.965,0.376,14.965,-0.376,0.0,0.0,0.0,0.0
435,APO,436,FTO477,flatBase,R+3C6,477,477,7.4,14.314,0.0,14.965,0.376,14.965,-0.376,0.0,0.0,0.0,0.0
436,APO,437,FTO478,flatBase,R+3C7,478,478,7.4,14.314,0.0,14.965,0.376,14.965,-0.376,0.0,0.0,0.0,0.0
437,APO,438,FTO479,flatBase,R+3C8,479,479,7.4,14.314,0.0,14.965,0.376,14.965,-0.376,0.0,0.0,0.0,0.0
438,APO,439,FTO480,flatBase,R+3C9,480,480,7.4,14.314,0.0,14.965,0.376,14.965,-0.376,0.0,0.0,0.0,0.0
439,APO,440,FTO481,flatBase,R+3C10,481,481,7.4,14.314,0.0,14.965,0.376,14.965,-0.376,0.0,0.0,0.0,0.0
440,APO,441,FTO482,flatBase,R+3C11,482,482,7.4,14.314,0.0,14.965,0.376,14.965,-0.376,0.0,0.0,0.0,0.0
441,APO,442,FTO483,flatBase,R+3C12,483,483,7.4,14.314,0.0,14.965,0.376,14.965,-0.376,0.0,0.0,0.0,0.0
442,APO,443,FTO484,flatBase,R+3C13,484,484,7.4,14.314,0.0,14.965,0.376,14.965,-0.376,0.0,0.0,0.0,0.0
443,APO,444,FTO485,flatBase,R+3C14,485,485,7.4,14.314,0.0,14.965,0.376,14.965,-0.376,0.0,0.0,0.0,0.0
444,APO,445,FTO486,flatBase,R+3C15,486,486,7.4,14.314,0.0,14.965,0.376,14.965,-0.376,0.0,0.0,0.0,0.0
445,APO,446,FTO487,flatBase,R+3C16,487,487,7.4,14.314,0.0,14.965,0.376,14.965,-0.376,0.0,0.0,0.0,0.0
446,APO,447,FTO488,flatBase,R+3C17,488,488,7.4,14.314,0.0,14.965,0.376,14.965,-0.376,0.0,0.0,0.0,0.0
447,APO,448,FTO489,flatBase,R+3C18,489,489,7.4,14.314,0.0,14.965,0.376,14.965,-0.376,0.0,0.0,0.0,0.0
448,APO,449,FTO490,flatBase,R+3C19,490,490,7.4,14.314,0.0,14.965,0.376,14.965,-0.376,0.0,0.0,0.0,0.0
449,APO,450,FTO491,flatBase,R+3C20,491,491,7.4,14.314,0.0,14.965,0.376,14.965,-0.376,0.0,0.0,0.0,0.0
450,APO,451,FTO493,flatBase,R+3C22,493,493,7.4,14.314,0.0,14.965,0.376,14.965,-0.376,0.0,0.0,0.0,0.0
451,APO,452,FTO494,flatBase,R+3C23,494,494,7.4,14.314,0.0,14.965,0.376,14.965,-0.376,0.0,0.0,0.0,0.0
452,APO,453,FTO495,flatBase,R+3C24,495,495,7.4,14.314,0.0,14.965,0.376,14.965,-0.376,0.0,0.0,0.0,0.0
453,APO,454,FTO496,flatBase,R+2C1,496,496,7.4,14.314,0.0,14.965,0.376,14.965,-0.376,0.0,0.0,0.0,0.0
454,APO,455,FTO497,flatBase,R+2C2,497,497,7.4,14.314,0.0,14.965,0.376,14.965,-0.376,0.0,0.0,0.0,0.0
455,APO,456,FTO498,flatBase,R+2C3,498,498,7.4,14.314,0.0,14.965,0.376,14.965,-0.376,0.0,0.0,0.0,0.0
456,APO,457,FTO499,flatBase,R+2C4,499,499,7.4,14.314,0.0,14.965,0.376,14.965,-0.376,0.0,0.0,0.0,0.0
457,APO,458,FTO500,flatBase,R+2C5,500,500,7.4,14.314,0.0,14.965,0.376,14.965,-0.376,0.0,0.0,0.0,0.0
458,APO,459,FTO501,flatBase,R+2C6,501,501,7.4,14.314,0.0,14.965,0.376,14.965,-0.376,0.0,0.0,0.0,0.0
459,APO,460,FTO502,flatBase,R+2C7,502,502,7.4,14.314,0.0,14.965,0.376,14.965,-0.376,0.0,0.0,0.0,0.0
460,APO,461,FTO503,flatBase,R+2C8,503,503,7.4,14.314,0.0,14.965,0.376,14.965,-0.376,0.0,0.0,0.0,0.0
461,APO,462,FTO504,flatBase,R+2C9,504,504,7.4,14.314,0.0,14.965,0.376,14.965,-0.376,0.0,0.0,0.0,0.0
462,APO,463,FTO506,flatBase,R+2C11,506,506,7.4,14.314,0.0,14.965,0.376,14.965,-0.376,0.0,0.0,0.0,0.0
463,APO,464,FTO508,flatBase,R+2C13,508,508,7.4,14.314,0.0,14.965,0.376,14.965,-0.376,0.0,0.0,0.0,0.0
464,APO,465,FTO510,flatBase,R+2C15,510,510,7.4,14.314,0.0,14.965,0.376,14.965,-0.376,0.0,0.0,0.0,0.0
465,APO,466,FTO512,flatBase,R+2C17,512,512,7.4,14.314,0.0,14.965,0.376,14.965,-0.376,0.0,0.0,0.0,0.0
466,APO,467,FTO513,flatBase,R+2C18,513,513,7.4,14.314,0.0,14.965,0.376,14.965,-0.376,0.0,0.0,0.0,0.0
467,APO,468,FTO514,flatBase,R+2C19,514,514,7.4,14.314,0.0,14.965,0.376,14.965,-0.376,0.0,0.0,0.0,0.0
468,APO,469,FTO515,flatBase,R+2C20,515,515,7.4,14.314,0.0,14.965,0.376,14.965,-0.376,0.0,0.0,0.0,0.0
469,APO,470,FTO516,flatBase,R+2C21,516,516,7.4,14.314,0.0,14.965,0.376,14.965,-0.376,0.0,0.0,0.0,0.0
470,APO,471,FTO517,flatBase,R+2C22,517,517,7.4,14.314,0.0,14.965,0.376,14.965,-0.376,0.0,0.0,0.0,0.0
471,APO,472,FTO518,flatBase,R+2C23,518,518,7.4,14.314,0.0,14.965,0.376,14.965,-0.376,0.0,0.0,0.0,0.0
472,APO,473,FTO519,flatBase,R+2C24,519,519,7.4,14.314,0.0,14.965,0.376,14.965,-0.376,0.0,0.0,0.0,0.0
473,APO,474,FTO520,flatBase,R+2C25,520,520,7.4,14.314,0.0,14.965,0.376,14.965,-0.376,0.0,0.0,0.0,0.0
474,APO,475,FTO521,flatBase,R+1C1,521,521,7.4,14.314,0.0,14.965,0.376,14.965,-0.376,0.0,0.0,0.0,0.0
475,APO,476,FTO522,flatBase,R+1C2,522,522,7.4,14.314,0.0,14.965,0.376,14.965,-0.376,0.0,0.0,0.0,0.0
476,APO,477,FTO523,flatBase,R+1C3,523,523,7.4,14.314,0.0,14.965,0.376,14.965,-0.376,0.0,0.0,0.0,0.0
477,APO,478,FTO524,flatBase,R+1C4,524,524,7.4,14.314,0.0,14.965,0.376,14.965,-0.376,0.0,0.0,0.0,0.0
478,APO,479,FTO525,flatBase,R+1C5,525,525,7.4,14.314,0.0,14.965,0.376,14.965,-0.376,0.0,0.0,0.0,0.0
479,APO,480,FTO526,flatBase,R+1C6,526,526,7.4,14.314,0.0,14.965,0.376,14.965,-0.376,0.0,0.0,0.0,0.0
480,APO,481,FTO527,flatBase,R+1C7,527,527,7.4,14.314,0.0,14.965,0.376,14.965,-0.376,0.0,0.0,0.0,0.0
481,APO,482,FTO528,flatBase,R+1C8,528,528,7.4,14.314,0.0,14.965,0.376,14.965,-0.376,0.0,0.0,0.0,0.0
482,APO,483,FTO529,flatBase,R+1C9,529,529,7.4,14.314,0.0,14.965,0.376,14.965,-0.376,0.0,0.0,0.0,0.0
483,APO,484,FTO530,flatBase,R+1C10,530,530,7.4,14.314,0.0,14.965,0.376,14.965,-0.376,0.0,0.0,0.0,0.0
484,APO,485,FTO531,flatBase,R+1C11,531,531,7.4,14.314,0.0,14.965,0.376,14.965,-0.376,0.0,0.0,0.0,0.0
485,APO,486,FTO532,flatBase,R+1C12,532,532,7.4,14.314,0.0,14.965,0.376,14.965,-0.376,0.0,0.0,0.0,0.0
486,APO,487,FTO533,flatBase,R+1C13,533,533,7.4,14.314,0.0,14.965,0.376,14.965,-0.376,0.0,0.0,0.0,0.0
487,APO,488,FTO534,flatBase,R+1C14,534,534,7.4,14.314,0.0,14.965,0.376,14.965,-0.376,0.0,0.0,0.0,0.0
488,APO,489,FTO535,flatBase,R+1C15,535,535,7.4,14.314,0.0,14.965,0.376,14.965,-0.376,0.0,0.0,0.0,0.0
489,APO,490,FTO536,flatBase,R+1C16,536,536,7.4,14.314,0.0,14.965,0.376,14.965,-0.376,0.0,0.0,0.0,0.0
490,APO,491,FTO537,flatBase,R+1C17,537,537,7.4,14.314,0.0,14.965,0.376,14.965,-0.376,0.0,0.0,0.0,0.0
491,APO,492,FTO538,flatBase,R+1C18,538,538,7.4,14.314,0.0,14.965,0.376,14.965,-0.376,0.0,0.0,0.0,0.0
492,APO,493,FTO539,flatBase,R+1C19,539,539,7.4,14.314,0.0,14.965,0.376,14.965,-0.376,0.0,0.0,0.0,0.0
493,APO,494,FTO540,flatBase,R+1C20,540,540,7.4,14.314,0.0,14.965,0.376,14.965,-0.376,0.0,0.0,0.0,0.0
494,APO,495,FTO541,flatBase,R+1C21,541,541,7.4,14.314,0.0,14.965,0.376,14.965,-0.376,0.0,0.0,0.0,0.0
495,APO,496,FTO542,flatBase,R+1C22,542,542,7.4,14.314,0.0,14.965,0.376,14.965,-0.376,0.0,0.0,0.0,0.0
496,APO,497,FTO543,flatBase,R+1C23,543,543,7.4,14.314,0.0,14.965,0.376,14.965,-0.376,0.0,0.0,0.0,0.0
497,APO,498,FTO544,flatBase,R+1C24,544,544,7.4,14.314,0.0,14.965,0.376,14.965,-0.376,0.0,0.0,0.0,0.0
498,APO,499,FTO545,flatBase,R+1C25,545,545,7.4,14.314,0.0,14.965,0.376,14.965,-0.376,0.0,0.0,0.0,0.0
499,APO,500,FTO546,flatBase,R+1C26,546,546,7.4,14.314,0.0,14.965,0.376,14.965,-0.376,0.0,0.0,0.0,0.0
