positionerID,robotailID,wokID,holeID,apSpecID,bossSpecID,alphaArmLen,metX,metY,apX,apY,bossX,bossY,alphaOffset,betaOffset,dx,dy
1004,FTO0,flatNominal,R-13C1,0,0,7.415612309293942,14.327619333506854,0.0,14.965,0.376,14.965,-0.376,0.6203513485111332,-0.08806651596080448,0.15306584636944523,-0.07025233035525293
1009,FTO1,flatNominal,R-13C2,1,1,7.393079449409575,14.33641288188228,0.0,14.965,0.376,14.965,-0.376,-0.47163615204929504,-0.026463913493015422,0.02941641062247739,-0.01470369535548149
1136,FTO2,flatNominal,R-13C3,2,2,7.376196821071204,14.319342418497572,0.0,14.965,0.376,14.965,-0.376,-0.45542266281564864,0.4100939069381847,0.03450462329785936,-0.056713771292084075
1118,FTO3,flatNominal,R-13C4,3,3,7.331107220145388,14.281777970457028,0.0,14.965,0.376,14.965,-0.376,0.39284061338900955,-2.1233933338643136,0.13783873554071058,0.021206512035397435
1107,FTO4,flatNominal,R-13C5,4,4,7.309877271963866,14.239250880428944,0.0,14.965,0.376,14.965,-0.376,0.46809100201684756,3.80575525053711,0.18512240951762207,-0.037822965876128066
1127,FTO5,flatNominal,R-13C6,5,5,7.331630608369807,14.271608681674124,0.0,14.965,0.376,14.965,-0.376,-0.6676912206874857,0.4171993472889183,0.11754492559981314,-0.015754248495085804
1104,FTO6,flatNominal,R-13C7,6,6,7.369158789323375,14.312493414891573,0.0,14.965,0.376,14.965,-0.376,-0.22095743642533366,1.928625358544999,0.13907248443362347,-0.1623652305467341
1314,FTO7,flatNominal,R-13C8,7,7,7.365380384010047,14.303291632085465,0.0,14.965,0.376,14.965,-0.376,-0.7546580079042488,-0.042295139397655626,0.12327613220390186,-0.17582187842444585
756,FTO8,flatNominal,R-13C9,8,8,7.310428710061379,14.261651421470662,0.0,14.965,0.376,14.965,-0.376,0.7693672246094947,2.173260127398579,0.16123719972422143,0.02054439866670891
637,FTO9,flatNominal,R-13C10,9,9,7.27912082875393,14.267551310474161,0.0,14.965,0.376,14.965,-0.376,-2.4921107460304617,0.3082839147592568,0.13667073854629755,0.0352443843832324
707,FTO10,flatNominal,R-13C11,10,10,7.326319954345673,14.28400900060348,0.0,14.965,0.376,14.965,-0.376,-1.36461235205235,-0.15264518982678169,0.06752083716258975,-0.0741766448969937
925,FTO11,flatNominal,R-13C12,11,11,7.430354835090074,14.328937300410871,0.0,14.965,0.376,14.965,-0.376,-0.5030317958658086,0.02877920133761517,0.001780690026194481,-0.05341894511865226
240,FTO12,flatNominal,R-13C13,12,12,7.403457121601764,14.292325845141914,0.0,14.965,0.376,14.965,-0.376,-0.07758672930999697,-0.20680997610757662,-0.03869465728380948,-0.1581721987130307
941,FTO13,flatNominal,R-13C14,13,13,7.382474182692335,14.329625879565043,0.0,14.965,0.376,14.965,-0.376,-0.6247122919703813,-0.15604080645882745,0.08596400588921346,-0.05144860912458778
201,FTO14,flatNominal,R-12C1,14,14,7.376118889074872,14.307599256603114,0.0,14.965,0.376,14.965,-0.376,0.5797648735445861,-0.06787111596635867,0.0774163909721219,0.005866671052802852
919,FTO15,flatNominal,R-12C2,15,15,7.310363364115284,14.266848018949824,0.0,14.965,0.376,14.965,-0.376,0.044290603680845655,-0.013661464079327066,0.08912779519887552,-0.06107804293331081
1353,FTO16,flatNominal,R-12C3,16,16,7.292708820386542,14.235788709104186,0.0,14.965,0.376,14.965,-0.376,1.4965536121275684,0.08586618378739481,0.20574974907513685,-0.05940035552487895
1362,FTO17,flatNominal,R-12C4,17,17,7.328447824900696,14.272197422482778,0.0,14.965,0.376,14.965,-0.376,8.192532177390266,0.2215668255653743,0.21357844334283255,-0.10180429428201525
1393,FTO18,flatNominal,R-12C5,18,18,7.338513678608307,14.27554334154245,0.0,14.965,0.376,14.965,-0.376,0.01649678815572464,-0.16282135981897883,0.18594325463751188,-0.11529947116149372
1384,FTO19,flatNominal,R-12C6,19,19,7.3743189106224865,14.324687944869535,0.0,14.965,0.376,14.965,-0.376,3.091229788220887,-3.2627273921681366,0.23816185914384247,-0.04483983745114044
171,FTO20,flatNominal,R-12C7,20,20,7.33815697992689,14.222662504094014,0.0,14.965,0.376,14.965,-0.376,0.5981203427548891,2.9857103487386967,0.2029724756857426,-0.08142834912281141
1317,FTO22,flatNominal,R-12C9,22,22,7.3628972095722025,14.321382195588802,0.0,14.965,0.376,14.965,-0.376,0.08815365450765987,-0.02797422378030201,0.18186038449532121,-0.14837559382226465
1392,FTO23,flatNominal,R-12C10,23,23,7.3728009452940295,14.278576026790692,0.0,14.965,0.376,14.965,-0.376,0.6676231230476825,-0.13854317936764424,0.17544391033027018,-0.04779336736227794
86,FTO24,flatNominal,R-12C11,24,24,7.406993024956441,14.354967630709162,0.0,14.965,0.376,14.965,-0.376,2.5315913470685496,0.46142508910898367,0.1525470587842082,-0.031043987377735713
222,FTO25,flatNominal,R-12C12,25,25,7.44119781760684,14.315610496429562,0.0,14.965,0.376,14.965,-0.376,1.7359730991386877,-0.1445357557736116,0.1427665976857097,-0.0801379945135955
298,FTO26,flatNominal,R-12C13,26,26,7.267919076298146,14.226385631484046,0.0,14.965,0.376,14.965,-0.376,0.1258516863743777,0.16308555583862253,0.15476320002373914,-0.12385689094056825
1101,FTO27,flatNominal,R-12C14,27,27,7.402704373540166,14.336992775452536,0.0,14.965,0.376,14.965,-0.376,0.2091098135402391,-0.24446843884377972,0.07421995633236578,-0.08052631614483491
114,FTO28,flatNominal,R-12C15,28,28,7.358358974109343,14.30974281898707,0.0,14.965,0.376,14.965,-0.376,4.834968521517036,-0.04488169707498408,-0.02909253281076326,-0.16497789405906918
673,FTO29,flatNominal,R-11C1,29,29,7.3038343279652524,14.239462503311394,0.0,14.965,0.376,14.965,-0.376,-0.03698566514598065,1.5143629403915362,0.07764565680382797,0.015716204436775027
54,FTO30,flatNominal,R-11C2,30,30,7.429059051151185,14.394965480762247,0.0,14.965,0.376,14.965,-0.376,-0.37795071816072595,-0.1751530618349221,0.19211488887140474,-0.09525010068950099
677,FTO31,flatNominal,R-11C3,31,31,7.385120188760547,14.281547946480275,0.0,14.965,0.376,14.965,-0.376,0.21827691188291115,-0.02362772850972005,0.21436597465742224,-0.09829815045892785
1192,FTO32,flatNominal,R-11C4,32,32,7.371780159986983,14.264999683952668,0.0,14.965,0.376,14.965,-0.376,-0.2731929718803141,-1.0978038035564959,0.21141967312302354,-0.08769458514350911
214,FTO33,flatNominal,R-11C5,33,33,7.415666291077128,14.362964359572803,0.0,14.965,0.376,14.965,-0.376,-0.05568567288514805,5.428712672363794,0.2501352277314435,-0.15391362790289734
1306,FTO34,flatNominal,R-11C6,34,34,7.426397946504758,14.335724616512238,0.0,14.965,0.376,14.965,-0.376,0.495331762441222,0.10289963341320527,0.1977972764337003,-0.1130263477632832
1318,FTO35,flatNominal,R-11C7,35,35,7.401848127429755,14.323219200026047,0.0,14.965,0.376,14.965,-0.376,-0.7444371556630405,-0.434492270642169,0.20068561510770377,0.047391961859173076
661,FTO36,flatNominal,R-11C8,36,36,7.267092318720105,14.262320025494706,0.0,14.965,0.376,14.965,-0.376,-0.5646913451388176,0.23819349856764896,0.1767430970337951,-0.06948487864159376
1169,FTO37,flatNominal,R-11C9,37,37,7.380335201061847,14.33946574535957,0.0,14.965,0.376,14.965,-0.376,0.15858746707669155,-0.10131136049272078,0.2020075701045655,-0.012698500134116523
1372,FTO38,flatNominal,R-11C10,38,38,7.361553054506222,14.2990838839372,0.0,14.965,0.376,14.965,-0.376,0.8679513846071776,0.2120423881506702,0.19151104564294275,-0.15976438354431047
1312,FTO39,flatNominal,R-11C11,39,39,7.364043191793485,14.3052586703807,0.0,14.965,0.376,14.965,-0.376,1.4506660336691495,-0.04313423463483721,0.09863926589397357,-0.053926952972980155
289,FTO40,flatNominal,R-11C12,40,40,7.387484302876415,14.33060686147871,0.0,14.965,0.376,14.965,-0.376,0.38565752294829103,-0.2493784999479948,0.19199883800928103,-0.10611343286472319
115,FTO41,flatNominal,R-11C13,41,41,7.306379183613173,14.275256542979644,0.0,14.965,0.376,14.965,-0.376,-0.375786640625035,0.6439422230698686,0.17144978282126785,-0.11285136977465522
1156,FTO42,flatNominal,R-11C14,42,42,7.284561511597682,14.246649639598681,0.0,14.965,0.376,14.965,-0.376,0.06378290707738184,-1.133510500207598,0.18620693913519612,-0.13356541573372296
155,FTO43,flatNominal,R-11C15,43,43,7.401774411453168,14.291913608921599,0.0,14.965,0.376,14.965,-0.376,0.3710323447590403,6.006082496155674,0.15295957625977027,-0.11486690622487533
293,FTO44,flatNominal,R-11C16,44,44,7.327219766651334,14.227475845446754,0.0,14.965,0.376,14.965,-0.376,0.4099069106067862,-0.09641221156248245,-0.026389418061663207,-0.22543671616418112
194,FTO45,flatNominal,R-10C1,45,45,7.334807631514638,14.2735726146348,0.0,14.965,0.376,14.965,-0.376,0.18431933649681678,0.4163470793469475,0.13422562959260756,-0.028776011361123992
425,FTO46,flatNominal,R-10C2,46,46,7.399619273363191,14.292163801736327,0.0,14.965,0.376,14.965,-0.376,-0.2502126262683987,-0.08252122684508457,0.18212258361029218,-0.09630123723014578
1331,FTO47,flatNominal,R-10C3,47,47,7.360575829701636,14.305444746297573,0.0,14.965,0.376,14.965,-0.376,-0.10182947615569093,-0.042781611685036525,0.2095165150414613,-0.14115458377322368
236,FTO49,flatNominal,R-10C5,49,49,7.474892097555402,14.367071165291998,0.0,14.965,0.376,14.965,-0.376,-0.00012719999685049715,1.007116355709889,0.23365501767423894,-0.19380585506959283
202,FTO50,flatNominal,R-10C6,50,50,7.337085343871228,14.34712010584528,0.0,14.965,0.376,14.965,-0.376,0.21156012440302635,-3.039733609810693,0.14401404333457268,-0.04185990993932009
1388,FTO52,flatNominal,R-10C8,52,52,7.355832754917248,14.25730571764714,0.0,14.965,0.376,14.965,-0.376,-0.6464830914965422,1.8918609491506675,0.29917583937045733,-0.30519669711762687
1106,FTO53,flatNominal,R-10C9,53,53,7.344392691824186,14.31840043576501,0.0,14.965,0.376,14.965,-0.376,-0.7373107008013156,-1.8912633787114659,0.34077934376181923,-0.12910456426219222
148,FTO54,flatNominal,R-10C10,54,54,7.39781504932444,14.362691543904617,0.0,14.965,0.376,14.965,-0.376,-0.403772042062865,1.1205539147384993,0.282792554731951,-0.12241335413936373
136,FTO56,flatNominal,R-10C12,56,56,7.402052695057208,14.337927420889804,0.0,14.965,0.376,14.965,-0.376,-0.3862812708236672,-0.11945669362057208,0.2609353823829758,-0.020205028756332635
587,FTO57,flatNominal,R-10C13,57,57,7.30494064070621,14.288453858569595,0.0,14.965,0.376,14.965,-0.376,-0.3780661133330298,1.4315089346693801,0.23168928743786996,-0.22969692632831423
215,FTO59,flatNominal,R-10C15,59,59,7.415094227517569,14.320324759982602,0.0,14.965,0.376,14.965,-0.376,7.6309310240198505,-0.17770240718485034,0.1981835206092204,-0.1824666011243571
444,FTO60,flatNominal,R-10C16,60,60,7.427728256827018,14.285010271612133,0.0,14.965,0.376,14.965,-0.376,10.472756469608798,-0.06929891876404987,0.10822639990798884,-0.11215077267652643
1229,FTO61,flatNominal,R-10C17,61,61,7.271947070537518,14.260815769039503,0.0,14.965,0.376,14.965,-0.376,-0.4345844607168084,0.05320346583570041,0.07026390598124409,-0.05748781095272049
859,FTO62,flatNominal,R-9C1,62,62,7.375571012851872,14.274382192916354,0.0,14.965,0.376,14.965,-0.376,-0.00627682363048035,-0.5600106934328596,0.1747648476847449,-0.07143528936899539
1373,FTO63,flatNominal,R-9C2,63,63,7.3427578410408625,14.282289261682733,0.0,14.965,0.376,14.965,-0.376,-0.05299166203045289,-0.082673744146327,0.1949678197940869,-0.15023082784311528
1152,FTO64,flatNominal,R-9C3,64,64,7.313299979740085,14.268243114690524,0.0,14.965,0.376,14.965,-0.376,-0.46313644496303336,0.05967750367278764,0.22521316178366282,-0.15339992905477315
1151,FTO65,flatNominal,R-9C4,65,65,7.296076145356996,14.267805441819258,0.0,14.965,0.376,14.965,-0.376,-0.32659031648409426,-0.4331840077883077,0.23153691044290908,-0.06053134929533121
808,FTO66,flatNominal,R-9C5,66,66,7.300803867564102,14.275180294377924,0.0,14.965,0.376,14.965,-0.376,-0.45378661047161,2.818010261892926,0.2429374149612497,-0.18713996993808907
1383,FTO67,flatNominal,R-9C6,67,67,7.296102077554348,14.26284361639536,0.0,14.965,0.376,14.965,-0.376,-1.2169320869723397,0.8116572251792196,0.3603778221044612,-0.17285757675743454
1108,FTO68,flatNominal,R-9C7,68,68,7.382158404959519,14.313268723871479,0.0,14.965,0.376,14.965,-0.376,-0.7295845442741445,0.06109057969036718,0.38017378694370446,-0.34330909180201147
1336,FTO69,flatNominal,R-9C8,69,69,7.440140028315845,14.357066815670972,0.0,14.965,0.376,14.965,-0.376,0.1342072890056695,-0.00377504953420757,0.3130966292383549,-0.24124755702394382
1187,FTO70,flatNominal,R-9C9,70,70,7.362315921680784,14.309557742470266,0.0,14.965,0.376,14.965,-0.376,-0.1450365295847983,0.038265064910902175,0.2790618413385107,-0.31996378364883277
1150,FTO71,flatNominal,R-9C10,71,71,7.310798216745852,14.266394296762083,0.0,14.965,0.376,14.965,-0.376,-0.5875273676726138,-0.14201178318165347,0.30922239584985173,0.05876985109158878
865,FTO72,flatNominal,R-9C11,72,72,7.317299952342744,14.259114518539574,0.0,14.965,0.376,14.965,-0.376,-0.5288530550190141,0.6241755442548045,0.37400003621062333,-0.030615230643764108
676,FTO73,flatNominal,R-9C12,73,73,7.310603458038166,14.218490289739766,0.0,14.965,0.376,14.965,-0.376,-1.1659850627132227,0.7675608519354141,0.37038207404362444,-0.0959546467147806
251,FTO74,flatNominal,R-9C13,74,74,7.500718844595717,14.364157476207506,0.0,14.965,0.376,14.965,-0.376,0.10048489451884139,3.746917587101852,0.30032766323956067,-0.11345741720253787
162,FTO75,flatNominal,R-9C14,75,75,7.321192265319464,14.205728907382639,0.0,14.965,0.376,14.965,-0.376,5.326232046905606,0.30469176691562877,0.23381622422585266,-0.1553887822973431
130,FTO76,flatNominal,R-9C15,76,76,7.294356234195325,14.267280466739054,0.0,14.965,0.376,14.965,-0.376,0.6003968743246852,-1.1899589509149628,0.19300918632739233,-0.10489577360764823
245,FTO77,flatNominal,R-9C16,77,77,7.307376101733008,14.252280212284928,0.0,14.965,0.376,14.965,-0.376,1.6736192793880285,2.631669968606811,0.22430964100249776,-0.15200914747491337
1100,FTO78,flatNominal,R-9C17,78,78,7.361696064809997,14.294506411979514,0.0,14.965,0.376,14.965,-0.376,1.4600509275713782,-2.163022227603942,0.08706686331728529,-0.05468907426835336
1302,FTO79,flatNominal,R-9C18,79,79,7.3381227589676525,14.207270038927772,0.0,14.965,0.376,14.965,-0.376,-0.8176997673144072,0.612064815917181,0.07425799622511563,-0.1052638902502611
880,FTO80,flatNominal,R-8C1,80,80,7.415702962848375,14.311865121855993,0.0,14.965,0.376,14.965,-0.376,-0.22311050529921034,1.2473013826824793,0.18251517992316774,-0.10033214131556299
898,FTO81,flatNominal,R-8C2,81,81,7.31793520857092,14.254677408102376,0.0,14.965,0.376,14.965,-0.376,-1.2881837927141757,1.3812367485747767,0.21973934670655965,-0.1467705905353597
103,FTO82,flatNominal,R-8C3,82,82,7.331680315401859,14.335646570058216,0.0,14.965,0.376,14.965,-0.376,-0.2742147142902575,0.6045806726619573,0.20628556791508487,-0.1255548787086487
1340,FTO83,flatNominal,R-8C4,83,83,7.475583654861231,14.339503775451881,0.0,14.965,0.376,14.965,-0.376,-0.08402045817913122,1.6984899667239415,0.1930673379764379,-0.026539513435476284
146,FTO84,flatNominal,R-8C5,84,84,7.428742452975601,14.351266724117227,0.0,14.965,0.376,14.965,-0.376,-0.013624178652422025,0.3993274176462752,0.2509441862832212,-0.17162887851559472
838,FTO85,flatNominal,R-8C6,85,85,7.302520786461576,14.234441930529119,0.0,14.965,0.376,14.965,-0.376,0.16152923479269976,0.13827081307543712,0.29654211417779036,-0.34190577262542654
1163,FTO86,flatNominal,R-8C7,86,86,7.312272069419275,14.291665099357735,0.0,14.965,0.376,14.965,-0.376,0.27579984897842413,0.4887380181665938,0.20686404200569342,-0.13988131890407382
1129,FTO87,flatNominal,R-8C8,87,87,7.2860183545782915,14.241727926783993,0.0,14.965,0.376,14.965,-0.376,-0.6260840037448733,0.3518390230339078,0.13919441143413902,-0.09521791189591751
948,FTO88,flatNominal,R-8C9,88,88,7.337836158987839,14.311716336965544,0.0,14.965,0.376,14.965,-0.376,-0.7690262000584598,0.018878764724017404,0.02846458479303871,-0.005252582247457228
1316,FTO90,flatNominal,R-8C11,90,90,7.355026004842813,14.242285032646219,0.0,14.965,0.376,14.965,-0.376,-0.20461810389182888,0.5003715371458711,0.035406893497484944,-0.13259432876195318
1338,FTO91,flatNominal,R-8C12,91,91,7.350529086686152,14.300295245548593,0.0,14.965,0.376,14.965,-0.376,-0.1271411262185984,-0.1603558639134984,0.13235461846438296,-0.16831695237432068
373,FTO92,flatNominal,R-8C13,92,92,7.337240699393262,14.286030797027847,0.0,14.965,0.376,14.965,-0.376,0.5711545839135191,-2.611009618776918,0.1845847223904306,-0.0984096307225153
159,FTO93,flatNominal,R-8C14,93,93,7.348628851779063,14.28226320957859,0.0,14.965,0.376,14.965,-0.376,0.6908457424884725,-0.008793382585025005,0.32340067029976205,-0.06351597086834641
1114,FTO94,flatNominal,R-8C15,94,94,7.340085491090188,14.313781564340912,0.0,14.965,0.376,14.965,-0.376,-0.40134276600550195,-0.029261720511632755,0.3341533806633226,-0.05549172876162936
641,FTO95,flatNominal,R-8C16,95,95,7.345656882362421,14.288594418387449,0.0,14.965,0.376,14.965,-0.376,-1.3022873497596967,-0.0405881593341009,0.2421542630999105,-0.10585424973509026
896,FTO96,flatNominal,R-8C17,96,96,7.3822454822383,14.286650648043931,0.0,14.965,0.376,14.965,-0.376,0.5430647729127607,-0.017711586391232843,0.15845745647370404,-0.08761740360737869
285,FTO97,flatNominal,R-8C18,97,97,7.35257182901344,14.388499518717639,0.0,14.965,0.376,14.965,-0.376,-1.5159596754391311,1.6569889437263585,0.1572226310236012,-0.08863242927261325
1131,FTO98,flatNominal,R-8C19,98,98,7.301280759098151,14.249068318329094,0.0,14.965,0.376,14.965,-0.376,-0.89020883890663,-0.07869591101868297,0.09100555761955681,-0.1666253818744545
1142,FTO99,flatNominal,R-7C1,99,99,7.379982108067104,14.33273092594379,0.0,14.965,0.376,14.965,-0.376,-0.039661337348934116,-0.49920101923329785,0.16618570014318565,-0.14551313847391245
235,FTO100,flatNominal,R-7C2,100,100,7.484202321721872,14.41293582726934,0.0,14.965,0.376,14.965,-0.376,0.004831219647131953,5.755369359019024,0.24794579979116182,-0.11951088486575401
153,FTO101,flatNominal,R-7C3,101,101,7.315862937030833,14.264373606605332,0.0,14.965,0.376,14.965,-0.376,0.7580781171862617,0.21430634148757513,0.2078342000350167,-0.13988469749904786
208,FTO103,flatNominal,R-7C5,103,103,7.336197539219861,14.332639308563767,0.0,14.965,0.376,14.965,-0.376,0.47164451407171376,0.31935194871757777,0.29396234305184665,-0.1901314216532649
1105,FTO104,flatNominal,R-7C6,104,104,7.366606049760951,14.350756741853326,0.0,14.965,0.376,14.965,-0.376,-0.2803674672312051,-0.003273334552903166,0.1312411542478102,-0.344238671584716
1025,FTO105,flatNominal,R-7C7,105,105,7.488013154251257,14.405728525087438,0.0,14.965,0.376,14.965,-0.376,-0.295189161995875,-0.09226094268088765,0.06015715381352815,-0.04233975143516693
187,FTO106,flatNominal,R-7C8,106,106,7.398007878885016,14.326474753610677,0.0,14.965,0.376,14.965,-0.376,-0.7233427150160494,-0.11668085231422076,0.18244381644661328,-0.1372249327637539
1194,FTO107,flatNominal,R-7C9,107,107,7.303677527058692,14.301243540914014,0.0,14.965,0.376,14.965,-0.376,-0.6461899873606713,0.4119195245244056,0.24574540054232122,-0.07804496104042277
1381,FTO108,flatNominal,R-7C10,108,108,7.41017020387948,14.351863623528182,0.0,14.965,0.376,14.965,-0.376,-0.055718921805572245,1.402460547223925,0.26069462515653347,-0.29117701474342667
1303,FTO109,flatNominal,R-7C11,109,109,7.316285770733394,14.27091166393699,0.0,14.965,0.376,14.965,-0.376,-0.10373817022720279,4.107921935666034,0.18818177742082956,-0.17393672148621633
1359,FTO110,flatNominal,R-7C12,110,110,7.409979791591118,14.359470550994025,0.0,14.965,0.376,14.965,-0.376,-0.44244726597874107,-0.08759272389225572,0.20764457518007903,-0.05110549629250809
120,FTO111,flatNominal,R-7C13,111,111,7.330507761235701,14.289234500447204,0.0,14.965,0.376,14.965,-0.376,-0.49383866431638684,-0.5684862130169165,0.21258287437817325,-0.21388240068364286
184,FTO112,flatNominal,R-7C14,112,112,7.296235441673395,14.248202448551226,0.0,14.965,0.376,14.965,-0.376,-0.4206255558774583,-0.1412167143827273,0.15819386967046234,-0.1107880424214114
1042,FTO113,flatNominal,R-7C15,113,113,7.411364354959114,14.285806072017033,0.0,14.965,0.376,14.965,-0.376,-0.8700151900774159,0.42875009858404944,0.23749390673570808,-0.11815914825501403
687,FTO114,flatNominal,R-7C16,114,114,7.390087457104231,14.31742977183808,0.0,14.965,0.376,14.965,-0.376,0.38399035837657586,0.43586681920477754,0.3377344221445514,-0.036967769726646206
871,FTO116,flatNominal,R-7C18,116,116,7.390814597907497,14.285154094598207,0.0,14.965,0.376,14.965,-0.376,-0.6462269806128492,0.6737106560325983,0.2147771531336903,-0.12811478922455175
126,FTO117,flatNominal,R-7C19,117,117,7.349356740718894,14.260543724374232,0.0,14.965,0.376,14.965,-0.376,0.13731983813768184,-0.014781517999633296,0.14318969218211217,-0.1075702074312884
1064,FTO118,flatNominal,R-7C20,118,118,7.295354442929554,14.266336292634502,0.0,14.965,0.376,14.965,-0.376,-0.4065250783664392,-0.4289409297394565,0.09034276348680542,-0.12529526474664898
647,FTO119,flatNominal,R-6C1,119,119,7.276663564598792,14.313181770898554,0.0,14.965,0.376,14.965,-0.376,1.1807457853541765,-2.774787306785863,0.1862918593423379,-0.1335918780491647
897,FTO121,flatNominal,R-6C3,121,121,7.378722449630095,14.312384445495328,0.0,14.965,0.376,14.965,-0.376,0.10684353280800028,-2.9844232915192244,0.21008926447767692,-0.16675186206488218
1341,FTO122,flatNominal,R-6C4,122,122,7.474945205536984,14.374172466730647,0.0,14.965,0.376,14.965,-0.376,-0.08176041642775868,-0.1156297703775434,0.20377869431642268,-0.1899725835891553
167,FTO123,flatNominal,R-6C5,123,123,7.450496272649943,14.366971513391317,0.0,14.965,0.376,14.965,-0.376,0.03879990756025125,-0.11907781526657173,0.30493548431386663,-0.21922026237270073
1347,FTO124,flatNominal,R-6C6,124,124,7.272690732651796,14.27821251215806,0.0,14.965,0.376,14.965,-0.376,-0.7058222071181522,-0.10652397675662047,0.1141689481260529,0.05986760178956069
824,FTO125,flatNominal,R-6C7,125,125,7.386592144793539,14.287018685042423,0.0,14.965,0.376,14.965,-0.376,0.594178953505093,2.6532101912967345,0.1854443288818746,-0.38766654815837653
1056,FTO127,flatNominal,R-6C9,127,127,7.3190019498913585,14.269135446764144,0.0,14.965,0.376,14.965,-0.376,0.03524299496406505,0.019699390290952586,0.19984470866365353,-0.5057042920434657
1112,FTO128,flatNominal,R-6C10,128,128,7.318509664679816,14.277125349428283,0.0,14.965,0.376,14.965,-0.376,0.469968271375236,-0.40291766957719316,0.24337033534657473,-0.08020427663443203
1153,FTO129,flatNominal,R-6C11,129,129,7.263194660853641,14.217613739196523,0.0,14.965,0.376,14.965,-0.376,-0.4850617381742947,-0.04094781556791559,0.2070132952410736,-0.10179884602569098
124,FTO130,flatNominal,R-6C12,130,130,7.379206944982088,14.317492835754942,0.0,14.965,0.376,14.965,-0.376,-1.5626810136997813,0.1803796575437033,0.22651992067055035,-0.14184840294687592
1363,FTO131,flatNominal,R-6C13,131,131,7.303021156084731,14.269533941056105,0.0,14.965,0.376,14.965,-0.376,-0.453388441540705,0.10844630975103865,0.28464847980902225,-0.09192741395076029
996,FTO133,flatNominal,R-6C15,133,133,7.387971789602871,14.332360580415452,0.0,14.965,0.376,14.965,-0.376,-1.020057245625048,0.7205954490646824,0.2909820316021621,-0.14808071083268107
804,FTO134,flatNominal,R-6C16,134,134,7.373588218580305,14.323548313087471,0.0,14.965,0.376,14.965,-0.376,-0.2392692614166575,0.5598671575152895,0.12983836558718068,-0.3181280507424948
715,FTO135,flatNominal,R-6C17,135,135,7.379639871912208,14.306778233410228,0.0,14.965,0.376,14.965,-0.376,-0.1587103928376096,0.3368188497940986,0.30094334785439636,-0.028372888541593123
831,FTO136,flatNominal,R-6C18,136,136,7.318117182199608,14.323336187532005,0.0,14.965,0.376,14.965,-0.376,0.8908559663489252,0.2320738749819033,0.24543923826878303,-0.1571160576537024
544,FTO137,flatNominal,R-6C19,137,137,7.348827839528688,14.334384756853943,0.0,14.965,0.376,14.965,-0.376,0.08481816138097768,1.467662141997422,0.16330318717630823,-0.08493356958079405
129,FTO139,flatNominal,R-6C21,139,139,7.426573431841945,14.316855132900091,0.0,14.965,0.376,14.965,-0.376,0.13990848482966706,0.07709822931691199,0.07027890097602199,-0.17524644663569228
624,FTO140,flatNominal,R-5C1,140,140,7.358662077804667,14.309360679790652,0.0,14.965,0.376,14.965,-0.376,0.7106350582843332,-0.3676514340602063,0.20502189757586536,-0.17964747003401169
489,FTO141,flatNominal,R-5C2,141,141,7.353153035160494,14.297497344350953,0.0,14.965,0.376,14.965,-0.376,-0.7900348820839628,3.678517530080496,0.19559270403394594,-0.21020850814701625
238,FTO142,flatNominal,R-5C3,142,142,7.327733268403443,14.195085334496982,0.0,14.965,0.376,14.965,-0.376,0.36025810795771374,-0.06768127660142728,0.20717183180439916,-0.153339077831821
1391,FTO143,flatNominal,R-5C4,143,143,7.356165698534263,14.275294920379112,0.0,14.965,0.376,14.965,-0.376,0.8607697656721905,1.0132523864665546,0.19612816762710095,-0.26065561680828075
189,FTO144,flatNominal,R-5C5,144,144,7.3841444254708435,14.312622178846999,0.0,14.965,0.376,14.965,-0.376,-0.2713003953156716,0.11987199957868716,0.24836735825487863,-0.21863652710005954
1170,FTO145,flatNominal,R-5C6,145,145,7.332979202180099,14.281489501121362,0.0,14.965,0.376,14.965,-0.376,-0.6743685902303069,-0.1710145983927257,0.1491514969720097,-0.14193902281192183
1296,FTO146,flatNominal,R-5C7,146,146,7.421841674149971,14.368065971725967,0.0,14.965,0.376,14.965,-0.376,-0.6395344798570539,-0.04240989268126856,0.20895689009827426,-0.18059038940172573
1374,FTO147,flatNominal,R-5C8,147,147,7.406274536630134,14.352489342204779,0.0,14.965,0.376,14.965,-0.376,0.09929197344172863,-0.029657098360270657,0.2233037891577992,-0.21006321235355097
1149,FTO148,flatNominal,R-5C9,148,148,7.313584341278609,14.2752617366474,0.0,14.965,0.376,14.965,-0.376,-0.0712918706714537,0.00662579128775565,0.1348544751197153,-0.13422740412749737
1349,FTO149,flatNominal,R-5C10,149,149,7.399569808573131,14.362421857354114,0.0,14.965,0.376,14.965,-0.376,-0.8749722115160743,-0.20787383542017498,0.17518760643842754,-0.08945936519672358
78,FTO150,flatNominal,R-5C11,150,150,7.277362783407185,14.234824497895792,0.0,14.965,0.376,14.965,-0.376,-0.18081350105429866,-0.10665108491738423,0.19599465270435576,-0.11589761095097323
1140,FTO151,flatNominal,R-5C12,151,151,7.3883038929746,14.290828274293784,0.0,14.965,0.376,14.965,-0.376,-0.8807478775716469,1.8789712771871574,0.17054243100859612,-0.0034977371381362562
1400,FTO152,flatNominal,R-5C13,152,152,7.367847125019045,14.270107572622745,0.0,14.965,0.376,14.965,-0.376,-0.4206442825036133,-0.018594635417007198,0.1978982804818773,-0.11764091308038144
1333,FTO153,flatNominal,R-5C14,153,153,7.393437207686186,14.325287243480247,0.0,14.965,0.376,14.965,-0.376,0.31068321847026265,0.1839271748766408,0.21889060902020976,-0.2755373223740814
950,FTO154,flatNominal,R-5C15,154,154,7.4352482822619645,14.340397982213688,0.0,14.965,0.376,14.965,-0.376,0.30470897884638204,-0.0058721563555087135,0.2158993382280178,-0.01027075262365015
631,FTO155,flatNominal,R-5C16,155,155,7.396889624729222,14.295836479492381,0.0,14.965,0.376,14.965,-0.376,0.2301893374190771,0.47871719245508954,0.279148153620248,0.003202908155095935
640,FTO156,flatNominal,R-5C17,156,156,7.319072780544945,14.24417503348249,0.0,14.965,0.376,14.965,-0.376,2.7209249406917086,1.2124546753157819,0.10984942069589634,-0.17678795653622795
665,FTO157,flatNominal,R-5C18,157,157,7.402697154801146,14.338213285746697,0.0,14.965,0.376,14.965,-0.376,-0.9158037774126597,0.6692551506610409,0.21932076726147332,-0.12593485830016818
742,FTO158,flatNominal,R-5C19,158,158,7.3053158178941455,14.300521290110556,0.0,14.965,0.376,14.965,-0.376,-0.6186469953586927,0.0041385817945564915,0.23939137430652402,-0.1418877402279916
1051,FTO159,flatNominal,R-5C20,159,159,7.343949123862721,14.364768279787613,0.0,14.965,0.376,14.965,-0.376,-0.0370136235137619,1.135192092589869,0.15462218705079822,-0.10945163950322236
1115,FTO160,flatNominal,R-5C21,160,160,7.3879535081323455,14.32259121070769,0.0,14.965,0.376,14.965,-0.376,0.19724615972212403,0.9086468414049843,0.0970191158627728,-0.15919964079142349
1158,FTO161,flatNominal,R-5C22,161,161,7.331935411798677,14.289281972837633,0.0,14.965,0.376,14.965,-0.376,-0.48938649296751463,0.3931365440410884,0.09901539018458255,-0.18111008481516122
695,FTO162,flatNominal,R-4C1,162,162,7.324766176440879,14.298366547620667,0.0,14.965,0.376,14.965,-0.376,-0.013150353934866538,-0.1183257533748504,0.19967123749866256,-0.17487599818257066
1395,FTO163,flatNominal,R-4C2,163,163,7.358696265330308,14.29274056907748,0.0,14.965,0.376,14.965,-0.376,-1.2428862596504378,0.2812031176738355,0.24692056280505656,-0.1452164366187394
177,FTO164,flatNominal,R-4C3,164,164,7.278038053422659,14.27733274977459,0.0,14.965,0.376,14.965,-0.376,-0.6210255608084715,-0.1221797387749985,0.2166091451274565,-0.18652214157311076
144,FTO165,flatNominal,R-4C4,165,165,7.391456631079256,14.3256378967888,0.0,14.965,0.376,14.965,-0.376,-0.3056067052280907,0.08620693243615314,0.18462777298910488,-0.1974330229127202
1308,FTO166,flatNominal,R-4C5,166,166,7.357007900346454,14.272853634652266,0.0,14.965,0.376,14.965,-0.376,-0.4922203361582615,0.3254157918121145,0.24620191538347008,-0.21742028760610088
1339,FTO168,flatNominal,R-4C7,168,168,7.387088980793897,14.31480836133808,0.0,14.965,0.376,14.965,-0.376,-0.1811969650467073,-0.08724863841208577,0.19845537004706457,-0.08732250958887504
179,FTO169,flatNominal,R-4C8,169,169,7.366368997178056,14.270090873864746,0.0,14.965,0.376,14.965,-0.376,-0.555935341120504,0.7703907356619032,0.1785607790263206,-0.09217285767362368
71,FTO170,flatNominal,R-4C9,170,170,7.36734993667209,14.294180508190562,0.0,14.965,0.376,14.965,-0.376,-0.5881281190980749,0.03459327443231583,0.2123417179866585,-0.08556237128794629
918,FTO171,flatNominal,R-4C10,171,171,7.30029220636782,14.262604693046995,0.0,14.965,0.376,14.965,-0.376,0.3412612845406044,-0.06484341441717258,0.1855986605167688,-0.15405939045079012
1324,FTO172,flatNominal,R-4C11,172,172,7.36852316933314,14.279079351250674,0.0,14.965,0.376,14.965,-0.376,-0.2841292882886755,2.1821029848955114,0.14203114522368726,-0.11939723836896643
140,FTO173,flatNominal,R-4C12,173,173,7.349257603511554,14.310211198020975,0.0,14.965,0.376,14.965,-0.376,0.5449396924146406,5.694592234068425,0.19340749058068835,-0.14155764071572713
1207,FTO174,flatNominal,R-4C13,174,174,7.331253640653552,14.306709414729347,0.0,14.965,0.376,14.965,-0.376,-0.792936754017772,0.14584214042523047,0.1773002413145619,-0.2191079452030668
275,FTO175,flatNominal,R-4C14,175,175,7.411570020920519,14.380435132551286,0.0,14.965,0.376,14.965,-0.376,-0.7254087113108856,-0.46221017332752373,0.20940035997722023,-0.1535280402204098
523,FTO176,flatNominal,R-4C15,176,176,7.3287885580027625,14.26906995363299,0.0,14.965,0.376,14.965,-0.376,-0.9577311182904192,2.296732644897849,0.23012104594161192,-0.14532921901247506
1334,FTO177,flatNominal,R-4C16,177,177,7.2923466642845645,14.223815938510633,0.0,14.965,0.376,14.965,-0.376,-0.5405104893246071,0.4903684143437608,0.22711881315301263,-0.08031832742800278
690,FTO178,flatNominal,R-4C17,178,178,7.404175013692877,14.374166379088567,0.0,14.965,0.376,14.965,-0.376,-0.5842743536731159,0.28240778133192657,0.16331664402757257,-0.07853742238186205
943,FTO180,flatNominal,R-4C19,180,180,7.38753310203956,14.32201868591717,0.0,14.965,0.376,14.965,-0.376,-0.24860118397968678,2.366690556995507,0.24323202992066492,0.04669572792510743
842,FTO181,flatNominal,R-4C20,181,181,7.422319868506369,14.317090128272945,0.0,14.965,0.376,14.965,-0.376,-0.6300695186340064,0.5639676899399545,0.23362529218596467,-0.11952524308898119
610,FTO182,flatNominal,R-4C21,182,182,7.289776804370855,14.219044910529817,0.0,14.965,0.376,14.965,-0.376,-1.1428937692235717,3.4842008046688346,0.0984573260447441,-0.05710254053362706
1232,FTO183,flatNominal,R-4C22,183,183,7.322905325486103,14.262727600682538,0.0,14.965,0.376,14.965,-0.376,0.6832320330915932,4.120842480291619,0.13588946767357502,-0.11797130100158039
1058,FTO184,flatNominal,R-4C23,184,184,7.367774938368589,14.311220620002585,0.0,14.965,0.376,14.965,-0.376,-0.6445361145252475,-0.37415773958742177,0.07308562738015795,-0.1720687893302647
1203,FTO185,flatNominal,R-3C1,185,185,7.292804244823375,14.26708422354488,0.0,14.965,0.376,14.965,-0.376,-0.029608500700780506,1.3206874734926475,0.20002526419321004,-0.17146186623456505
1378,FTO186,flatNominal,R-3C2,186,186,7.342860031252922,14.262189607524332,0.0,14.965,0.376,14.965,-0.376,0.34092741147901806,-0.14819522161319068,0.1909216618291014,-0.2025993116103567
147,FTO187,flatNominal,R-3C3,187,187,7.4265289172672775,14.343701237269965,0.0,14.965,0.376,14.965,-0.376,-0.7617604418628529,0.7764050964476675,0.18668290656877168,-0.19027920324611972
1167,FTO189,flatNominal,R-3C5,189,189,7.346892586211921,14.302423331936916,0.0,14.965,0.376,14.965,-0.376,-0.6200222925820205,-0.12918411131070892,0.24298611621074323,-0.25227256496537126
1172,FTO190,flatNominal,R-3C6,190,190,7.3288459884353845,14.2994882253324,0.0,14.965,0.376,14.965,-0.376,-0.3907909273387295,-0.006605928640382634,0.08552812728027635,-0.1105499701037574
1121,FTO191,flatNominal,R-3C7,191,191,7.34700683754402,14.290994080974167,0.0,14.965,0.376,14.965,-0.376,-1.2253105780707783,0.5480283856839965,0.15269715741565196,-0.14453627427197682
1351,FTO192,flatNominal,R-3C8,192,192,7.2644299277536675,14.170349866845704,0.0,14.965,0.376,14.965,-0.376,-0.11914709319054859,0.015490682143699135,0.15984453792422906,-0.2075480012241119
1078,FTO193,flatNominal,R-3C9,193,193,7.3331715255089795,14.343484868471604,0.0,14.965,0.376,14.965,-0.376,0.09557900265977363,0.940522402237078,0.2194839102103753,-0.2337761921322643
1083,FTO194,flatNominal,R-3C10,194,194,7.335702478212568,14.301252245302154,0.0,14.965,0.376,14.965,-0.376,-0.8581116328187125,-0.17542778638712567,0.2164152303683842,-0.3291627765133852
1330,FTO195,flatNominal,R-3C11,195,195,7.381200112735535,14.319614178703349,0.0,14.965,0.376,14.965,-0.376,-0.561224205765347,1.305434967404039,0.19406447220913348,-0.17715358848405136
1328,FTO196,flatNominal,R-3C12,196,196,7.383926082902445,14.320681271912544,0.0,14.965,0.376,14.965,-0.376,1.2449291059863496,0.8017907158019408,0.17967483415340552,-0.16200196840153627
1130,FTO197,flatNominal,R-3C13,197,197,7.301472989989335,14.276032635184247,0.0,14.965,0.376,14.965,-0.376,-0.23081858651971937,5.64904457954979,0.18748415964407303,-0.34767036741244567
1358,FTO198,flatNominal,R-3C14,198,198,7.349608668683612,14.29521520969072,0.0,14.965,0.376,14.965,-0.376,-0.47775145515642325,-0.09540411052089146,0.17456930243056515,-0.2339773350149822
1086,FTO199,flatNominal,R-3C15,199,199,7.3781702422898885,14.357173431894667,0.0,14.965,0.376,14.965,-0.376,0.34145394367722043,-0.20471703723080092,0.19380908816339432,-0.18676575648292898
1113,FTO200,flatNominal,R-3C16,200,200,7.325081267540087,14.290451262452343,0.0,14.965,0.376,14.965,-0.376,0.5785282095671925,-1.4246148172556403,0.20768200987342283,-0.0010723614349391526
256,FTO201,flatNominal,R-3C17,201,201,7.335180042999044,14.257236389918098,0.0,14.965,0.376,14.965,-0.376,1.319732086051223,-0.030633291610791234,0.21792518886833095,-0.13226838302344548
791,FTO202,flatNominal,R-3C18,202,202,7.438946302517447,14.283631093920432,0.0,14.965,0.376,14.965,-0.376,9.282171427115145,1.0752929038581625,0.2487371564270025,-0.040701593950501026
1208,FTO203,flatNominal,R-3C19,203,203,7.233148107629824,14.214216958159183,0.0,14.965,0.376,14.965,-0.376,0.16162829246710425,0.03932206658396423,0.08465945144525287,-0.1675823936090817
991,FTO204,flatNominal,R-3C20,204,204,7.389457184306011,14.301140322221288,0.0,14.965,0.376,14.965,-0.376,0.44562446287183244,1.3400607901004737,0.27512022441390016,-0.013452996617789176
714,FTO206,flatNominal,R-3C22,206,206,7.425159925064184,14.312198705596746,0.0,14.965,0.376,14.965,-0.376,0.12383420475702035,0.041274191475724885,0.13519035769805768,-0.10180533570094123
1326,FTO207,flatNominal,R-3C23,207,207,7.365671081980875,14.303337869786722,0.0,14.965,0.376,14.965,-0.376,-0.44409833521422615,1.2581304423205986,0.06282528941926019,-0.1480134817499647
107,FTO208,flatNominal,R-3C24,208,208,7.325972064486772,14.225902598965519,0.0,14.965,0.376,14.965,-0.376,0.14887409605613014,-0.10524829185987526,0.07174419238867244,-0.19465708087252034
650,FTO209,flatNominal,R-2C1,209,209,7.416389330909127,14.299635397959454,0.0,14.965,0.376,14.965,-0.376,0.04396693966624898,-0.3028329309559509,0.15432524786428725,0.027058794604627977
410,FTO210,flatNominal,R-2C2,210,210,7.376052838945481,14.311714876617213,0.0,14.965,0.376,14.965,-0.376,-0.3193851797324917,0.9265493784481312,0.2010871122265861,-0.15755847723913746
1276,FTO211,flatNominal,R-2C3,211,211,7.304108313190929,14.267739934167976,0.0,14.965,0.376,14.965,-0.376,-1.8212514217303333,3.4276971876826794,0.22608102264472965,-0.22000287503181873
415,FTO212,flatNominal,R-2C4,212,212,7.401103778088402,14.344190343862829,0.0,14.965,0.376,14.965,-0.376,-1.2720851121122538,-0.9879172610675815,0.20231952680726736,-0.19835784634293138
1143,FTO213,flatNominal,R-2C5,213,213,7.345644582480963,14.307646321148182,0.0,14.965,0.376,14.965,-0.376,0.12443817622392514,1.3713526396952216,0.22521341970113873,-0.32121613254390685
1162,FTO214,flatNominal,R-2C6,214,214,7.317305435750759,14.237443671808613,0.0,14.965,0.376,14.965,-0.376,-0.2937736709034161,-1.3342198137204824,0.15592281967579277,0.0408753250193769
1054,FTO215,flatNominal,R-2C7,215,215,7.401780643534784,14.386822515377535,0.0,14.965,0.376,14.965,-0.376,-0.1500601901991946,-0.01003650566401206,0.17254417866982374,-0.2818145180554511
1068,FTO216,flatNominal,R-2C8,216,216,7.388145798076309,14.338861207342404,0.0,14.965,0.376,14.965,-0.376,0.23205748446350347,-0.08508635505923828,0.20154513670253246,-0.274882070600744
1103,FTO217,flatNominal,R-2C9,217,217,7.3333560582004385,14.271059656800393,0.0,14.965,0.376,14.965,-0.376,-0.2916863822461636,-0.1161954727488014,0.18259616614904586,-0.32007461893036315
1135,FTO219,flatNominal,R-2C11,219,219,7.3928837474392495,14.355090427973831,0.0,14.965,0.376,14.965,-0.376,-0.10796301737683478,-0.19732689703952525,0.22481672307750525,-0.17435880106601606
1085,FTO221,flatNominal,R-2C13,221,221,7.295502788124336,14.263683537575096,0.0,14.965,0.376,14.965,-0.376,0.15894408955203632,-0.4650625233303153,0.1390569201859129,-0.015827454984322305
1289,FTO223,flatNominal,R-2C15,223,223,7.327079751218759,14.274077111043557,0.0,14.965,0.376,14.965,-0.376,-1.1661532091823053,0.259120678936522,0.2092669404049236,-0.10741537321441902
455,FTO225,flatNominal,R-2C17,225,225,7.307471081832131,14.248290515492965,0.0,14.965,0.376,14.965,-0.376,-1.0244564811430026,1.9713747817974552,0.1825485406931211,-0.13862687717031066
828,FTO226,flatNominal,R-2C18,226,226,7.411701035476732,14.354442405379654,0.0,14.965,0.376,14.965,-0.376,-0.12793152210303047,1.816815592987062,0.20854376817573336,-0.16759618296622744
989,FTO227,flatNominal,R-2C19,227,227,7.327980446184818,14.236793811922086,0.0,14.965,0.376,14.965,-0.376,0.39993997072444887,1.2594732294797648,0.2389500854615943,-0.11657407634573837
170,FTO228,flatNominal,R-2C20,228,228,7.4799739175601205,14.366229649409751,0.0,14.965,0.376,14.965,-0.376,-0.042628153919330884,3.28975187938848,0.08308602153158039,-0.4333991003441276
302,FTO229,flatNominal,R-2C21,229,229,7.364327543487303,14.277608306735647,0.0,14.965,0.376,14.965,-0.376,0.557159251712566,7.084258494270855,0.18407220701262914,-0.047264592214975996
753,FTO230,flatNominal,R-2C22,230,230,7.411592435942067,14.374987745989994,0.0,14.965,0.376,14.965,-0.376,0.5853119770406886,3.003062771622063,0.16181474284392888,0.025547426138463537
554,FTO231,flatNominal,R-2C23,231,231,7.2911361981726115,14.244314175045325,0.0,14.965,0.376,14.965,-0.376,-1.0362815176378326,0.5956956474902718,0.15944508602076812,-0.10472662376848119
138,FTO232,flatNominal,R-2C24,232,232,7.382743746713826,14.30802969872012,0.0,14.965,0.376,14.965,-0.376,-0.17772813918012217,-0.07313638540350255,0.08551083304428615,-0.1657455867841107
589,FTO233,flatNominal,R-2C25,233,233,7.40688514597879,14.330216510903528,0.0,14.965,0.376,14.965,-0.376,0.7347270670524954,-0.8896401825988496,0.060262811541158895,-0.382518483495786
1174,FTO234,flatNominal,R-1C1,234,234,7.330277934788218,14.26814764822215,0.0,14.965,0.376,14.965,-0.376,0.6017773830128782,-0.43718854743278157,0.14407937498591256,-0.11943743873594637
188,FTO235,flatNominal,R-1C2,235,235,7.330696327735147,14.259193214353813,0.0,14.965,0.376,14.965,-0.376,-0.9547071620202349,-0.3757278498144018,0.1875213415801878,-0.2026973048243665
743,FTO236,flatNominal,R-1C3,236,236,7.25545498967712,14.239875925601122,0.0,14.965,0.376,14.965,-0.376,0.257711873987164,0.058883685431592836,0.23193116847664638,-0.23685152778163746
1039,FTO237,flatNominal,R-1C4,237,237,7.377224670764631,14.31161062597354,0.0,14.965,0.376,14.965,-0.376,-0.5454603474328723,-0.04338115266325457,0.20451311566521968,-0.23655539075068188
905,FTO238,flatNominal,R-1C5,238,238,7.336798617247312,14.264428539800488,0.0,14.965,0.376,14.965,-0.376,-0.7571362635389703,0.013326276989064805,0.22613539952173975,-0.30164988548259475
1137,FTO239,flatNominal,R-1C6,239,239,7.207425530967335,14.15755247636812,0.0,14.965,0.376,14.965,-0.376,0.10556054687485124,-0.6798209800049647,0.24260738254559697,-0.11372472007136654
288,FTO240,flatNominal,R-1C7,240,240,7.385076822472088,14.31050696730373,0.0,14.965,0.376,14.965,-0.376,0.41385620647407356,1.0264843162769894,0.21981773394609053,-0.23095789540197426
1018,FTO241,flatNominal,R-1C8,241,241,7.346747466148477,14.34259723712405,0.0,14.965,0.376,14.965,-0.376,-0.4974662222916339,0.11453590168682215,0.2354372993253055,-0.23851140276813362
344,FTO242,flatNominal,R-1C9,242,242,7.3508692658255335,14.30767212309424,0.0,14.965,0.376,14.965,-0.376,0.4862334072388863,-0.09039182245421344,0.23057393069414178,-0.14688833587332797
380,FTO243,flatNominal,R-1C10,243,243,7.394426902948331,14.31675068824802,0.0,14.965,0.376,14.965,-0.376,1.2401048546271891,-1.4788434166424782,0.21722691390212318,-0.1294470196619608
944,FTO244,flatNominal,R-1C11,244,244,7.409369944555173,14.34266012181963,0.0,14.965,0.376,14.965,-0.376,0.045177789392005285,0.7874084666561652,0.1552060853588861,0.0014419547877142348
962,FTO245,flatNominal,R-1C12,245,245,7.3500432878090205,14.293696467283292,0.0,14.965,0.376,14.965,-0.376,-0.15430970707517716,1.3888437897468424,0.17869140953309195,-0.301494441441675
110,FTO246,flatNominal,R-1C13,246,246,7.377079049528276,14.253895253310919,0.0,14.965,0.376,14.965,-0.376,0.911434306860782,6.991655354097185,0.11586603841032288,-0.16301367682744713
3,FTO247,flatNominal,R-1C14,247,247,7.339959792232761,14.226285273457245,0.0,14.965,0.376,14.965,-0.376,0.4564206903837724,0.5464780406734594,0.12162658105350121,0.15389352921719718
1215,FTO248,flatNominal,R-1C15,248,248,7.295182783206167,14.266482508139912,0.0,14.965,0.376,14.965,-0.376,0.448451785391793,-0.2785719997620016,0.11787418591125007,-0.11281809549240218
1345,FTO249,flatNominal,R-1C16,249,249,7.364706044116262,14.29471943399097,0.0,14.965,0.376,14.965,-0.376,-0.009306598082614902,4.861111300643958,0.23620805528681593,-0.184950296722872
796,FTO250,flatNominal,R-1C17,250,250,7.319888959447157,14.262410004437248,0.0,14.965,0.376,14.965,-0.376,-0.20157743567688735,0.39000800223503207,0.30935570797099793,-0.004996977318738987
1000,FTO251,flatNominal,R-1C18,251,251,7.335115193006513,14.324053973520112,0.0,14.965,0.376,14.965,-0.376,-1.0763194429714065,2.2664955507888016,0.19030758326875194,-0.1076218737905081
581,FTO252,flatNominal,R-1C19,252,252,7.39194266482958,14.387630724549187,0.0,14.965,0.376,14.965,-0.376,-0.49905471835343873,-0.9466194014916472,0.12098821620421395,-0.19494903421150242
675,FTO253,flatNominal,R-1C20,253,253,7.230908045039408,14.221145129719595,0.0,14.965,0.376,14.965,-0.376,-0.3391171900499708,6.238284091278239,0.12870241631861312,-0.12338814622984569
975,FTO254,flatNominal,R-1C21,254,254,7.2973480213568545,14.297793954805458,0.0,14.965,0.376,14.965,-0.376,0.0007854174704307706,0.22825627734298556,0.24913623917900374,-0.17677144810479425
1081,FTO255,flatNominal,R-1C22,255,255,7.370665570705206,14.325804915610764,0.0,14.965,0.376,14.965,-0.376,-0.7145402844381602,-0.006445770233412996,0.14022479765660228,-0.03002143769292786
1266,FTO256,flatNominal,R-1C23,256,256,7.355364205114631,14.29143746763528,0.0,14.965,0.376,14.965,-0.376,-0.8574722102292716,8.581066168166698,0.1638939831773629,-0.1415892184000219
748,FTO257,flatNominal,R-1C24,257,257,7.350616286583589,14.320542474289352,0.0,14.965,0.376,14.965,-0.376,0.9240502947061973,-0.12582907216435008,0.09565192587956735,-0.14210533137775805
278,FTO258,flatNominal,R-1C25,258,258,7.309267526333701,14.260235792642822,0.0,14.965,0.376,14.965,-0.376,-0.3606489862726698,-0.27611195022923113,0.07746820760922586,-0.15267801980928705
394,FTO259,flatNominal,R-1C26,259,259,7.366672278327896,14.317910832459782,0.0,14.965,0.376,14.965,-0.376,0.6600909391853478,0.3421868975919809,0.096668872987223,-0.2433209314101821
663,FTO260,flatNominal,R0C1,260,260,7.310215960955994,14.269724711079588,0.0,14.965,0.376,14.965,-0.376,-0.536217529239823,1.3411911067019522,0.20226011655681098,-0.08988027782265258
1053,FTO261,flatNominal,R0C2,261,261,7.355414442255295,14.281726301975063,0.0,14.965,0.376,14.965,-0.376,-0.29118622571199604,0.0021317418154706337,0.1966515515088854,-0.13025403361882076
1396,FTO262,flatNominal,R0C3,262,262,7.386784245862184,14.327305130948833,0.0,14.965,0.376,14.965,-0.376,-1.218056347651434,0.012888248651627252,0.18358980567260696,-0.19694489408274737
592,FTO264,flatNominal,R0C5,264,264,7.359865656473176,14.2569915377946,0.0,14.965,0.376,14.965,-0.376,0.24263022036339685,-0.12936341562347733,0.1962414100379522,-0.24393555477839166
119,FTO265,flatNominal,R0C6,265,265,7.274095861685315,14.224594567508108,0.0,14.965,0.376,14.965,-0.376,-0.014429209977704348,1.3431099826646316,0.16805823034491568,-0.3684171218476959
307,FTO266,flatNominal,R0C7,266,266,7.323962539861654,14.256869931804752,0.0,14.965,0.376,14.965,-0.376,0.10588044665874208,0.08932062909645051,0.18723067800421503,0.008200533833427703
667,FTO268,flatNominal,R0C9,268,268,7.298112247969427,14.256865642565854,0.0,14.965,0.376,14.965,-0.376,-0.4164500575929902,1.8811547953407968,0.23436208350334717,-0.06527660184098574
1355,FTO269,flatNominal,R0C10,269,269,7.376440715968835,14.30070702922206,0.0,14.965,0.376,14.965,-0.376,-0.4255414564148124,0.6015953542185525,0.20527210670270804,-0.32339005983763636
1148,FTO270,flatNominal,R0C11,270,270,7.39326448717929,14.346270403599897,0.0,14.965,0.376,14.965,-0.376,-0.2643458162660866,1.277274562738576,0.15683518575472574,-0.30139270632105286
1063,FTO272,flatNominal,R0C13,272,272,7.323791013406462,14.27905591645167,0.0,14.965,0.376,14.965,-0.376,-0.24476987253880786,-0.15372238340796895,0.2212886177182823,-0.12688610869178202
984,FTO274,flatNominal,R0C15,274,274,7.370658355131452,14.327189318770593,0.0,14.965,0.376,14.965,-0.376,2.3963996628035242,0.662057350597943,0.13374046460168262,-0.2048274962342827
1036,FTO276,flatNominal,R0C17,276,276,7.409353194361557,14.31664657195056,0.0,14.965,0.376,14.965,-0.376,-0.3468365011764526,0.6350144720256039,0.04654253135400397,-0.0955137743177251
805,FTO277,flatNominal,R0C18,277,277,7.354641863293765,14.245645504405955,0.0,14.965,0.376,14.965,-0.376,0.1319283628930821,0.331316773673706,0.18926154460357913,-0.005714162418268169
932,FTO278,flatNominal,R0C19,278,278,7.259831518092289,14.256132261072995,0.0,14.965,0.376,14.965,-0.376,0.8065515413789324,-0.1932683875824145,0.23476227675206568,-0.1295771059363886
784,FTO280,flatNominal,R0C21,280,280,7.353963284201852,14.281200474779364,0.0,14.965,0.376,14.965,-0.376,0.03869663754749994,-0.46042230101708775,0.21621271987637566,-0.19513645533736826
1125,FTO281,flatNominal,R0C22,281,281,7.372371145711886,14.300221958468207,0.0,14.965,0.376,14.965,-0.376,-0.8221313503406659,-0.41676001728023493,0.15033567691450575,0.041929952750659076
1370,FTO282,flatNominal,R0C23,282,282,7.365528186188476,14.30673697646995,0.0,14.965,0.376,14.965,-0.376,-0.35199550334532026,-2.068713990942771,0.14224199396228523,0.017607006534950623
613,FTO284,flatNominal,R0C25,284,284,7.309464799845657,14.214761364398473,0.0,14.965,0.376,14.965,-0.376,-0.4928319928668254,2.9144975000501954,0.06903737341607975,-0.14779828341336235
870,FTO285,flatNominal,R0C26,285,285,7.428382576225775,14.312953625645747,0.0,14.965,0.376,14.965,-0.376,0.3471398613237274,-0.008620239208103866,0.10737646141163332,-0.3186049210553163
999,FTO286,flatNominal,R0C27,286,286,7.410265834388819,14.319775729775246,0.0,14.965,0.376,14.965,-0.376,0.44568833129180147,0.3318399850143954,0.06730088886403884,-0.23938526493226325
483,FTO287,flatNominal,R+13C1,287,287,7.485393939281643,14.388244103562641,0.0,14.965,0.376,14.965,-0.376,0.08519829737742801,-0.38124725134912135,0.21652372420653235,-0.2651469780281616
1034,FTO288,flatNominal,R+13C2,288,288,7.437078049406356,14.321837173093476,0.0,14.965,0.376,14.965,-0.376,-0.008258851463862293,1.1411028835543287,0.31008205428914615,-0.15334149575900388
857,FTO289,flatNominal,R+13C3,289,289,7.425174475566375,14.313345373794794,0.0,14.965,0.376,14.965,-0.376,0.08722536861300796,0.5124726026505948,0.3043732454173854,-0.21573930290407212
877,FTO290,flatNominal,R+13C4,290,290,7.34437173144546,14.316850327699191,0.0,14.965,0.376,14.965,-0.376,0.874096687479027,0.4351607494078596,0.22876251081836146,-0.1404140683923911
1190,FTO291,flatNominal,R+13C5,291,291,7.308383667176316,14.312820318633033,0.0,14.965,0.376,14.965,-0.376,0.3400600372582662,0.6792373289594996,0.14152081555913945,-0.23737970958969953
1364,FTO292,flatNominal,R+13C6,292,292,7.410608677601337,14.317811530213024,0.0,14.965,0.376,14.965,-0.376,0.30407388273288916,-4.495126595123491,0.15782739247425756,-0.23297703326710917
1252,FTO293,flatNominal,R+13C7,293,293,7.321138609536699,14.271803084180103,0.0,14.965,0.376,14.965,-0.376,-0.16457386316699057,-0.07668022155543244,0.16134946777630854,-0.22427950442705466
488,FTO294,flatNominal,R+13C8,294,294,7.355339753264324,14.305447825842727,0.0,14.965,0.376,14.965,-0.376,0.2963926419028265,0.9967119047980582,0.13752209825277065,-0.2631657278812895
894,FTO295,flatNominal,R+13C9,295,295,7.286954932247516,14.22452233549023,0.0,14.965,0.376,14.965,-0.376,0.23989261835716433,0.08828696092462737,0.1603404863481079,-0.23562796832197017
1044,FTO296,flatNominal,R+13C10,296,296,7.249514225942896,14.214849526331141,0.0,14.965,0.376,14.965,-0.376,0.5014973200582108,-0.12973758836789728,0.14998114794403297,-0.2160268300504719
228,FTO297,flatNominal,R+13C11,297,297,7.375018061351481,14.367341645249178,0.0,14.965,0.376,14.965,-0.376,0.1477075780463323,-0.05154586859970987,0.20949760626847308,-0.2863030864739092
417,FTO298,flatNominal,R+13C12,298,298,7.374780692827572,14.328518053544732,0.0,14.965,0.376,14.965,-0.376,0.2654252806541076,0.8511015530122091,0.2976944013693006,-0.24949044951914912
605,FTO299,flatNominal,R+13C13,299,299,7.354514742404643,14.326319798736884,0.0,14.965,0.376,14.965,-0.376,-0.7462960649516961,-4.51708681782464,0.26957745164907726,-0.3092188029391547
361,FTO300,flatNominal,R+13C14,300,300,7.403977529774933,14.35890305501701,0.0,14.965,0.376,14.965,-0.376,0.6053663083021016,-0.09344246895470446,0.12242585104147656,-0.205110612671023
1144,FTO301,flatNominal,R+12C1,301,301,7.391376602103743,14.314776872325464,0.0,14.965,0.376,14.965,-0.376,0.624845211287733,2.448963141424301,0.2839639180871852,-0.11879243184625123
333,FTO302,flatNominal,R+12C2,302,302,7.3124534399293575,14.241172221685723,0.0,14.965,0.376,14.965,-0.376,0.30940973381531245,0.5950293713001806,0.27871631507786165,-0.17033612469026332
1365,FTO303,flatNominal,R+12C3,303,303,7.388868173730944,14.34956233814587,0.0,14.965,0.376,14.965,-0.376,-0.00041258562028422484,0.23936237220475753,0.13838470740618783,-0.25096592653048033
372,FTO304,flatNominal,R+12C4,304,304,7.400088052153114,14.32212020847531,0.0,14.965,0.376,14.965,-0.376,0.2985386774788269,-0.43812671201639763,0.11643830511320392,-0.21787262394881732
940,FTO305,flatNominal,R+12C5,305,305,7.464030028829495,14.394189557452478,0.0,14.965,0.376,14.965,-0.376,-0.0030358493290519248,-0.2239349020256259,0.19021225965167665,-0.36775389959658616
40,FTO306,flatNominal,R+12C6,306,306,7.296561816040149,14.218299375672181,0.0,14.965,0.376,14.965,-0.376,1.0924098151625166,-0.5855016013235502,0.11562527774262545,-0.1882210886575817
1287,FTO307,flatNominal,R+12C7,307,307,7.278515023745492,14.25829928492501,0.0,14.965,0.376,14.965,-0.376,0.46728569389788704,0.4766847599313178,0.11150405899013938,-0.24420303134775934
452,FTO309,flatNominal,R+12C9,309,309,7.462566304751837,14.287409380471654,0.0,14.965,0.376,14.965,-0.376,1.2227228352861044,-0.16165797766301016,0.09754850151078087,-0.18573881225943895
885,FTO310,flatNominal,R+12C10,310,310,7.279286405144828,14.21490831592482,0.0,14.965,0.376,14.965,-0.376,0.3530518292034492,0.3282846516087761,0.08361574038053388,-0.1868347348248468
1176,FTO311,flatNominal,R+12C11,311,311,7.386040469142715,14.360556161113482,0.0,14.965,0.376,14.965,-0.376,-0.781973804997151,0.05394333205426601,0.13106469824612352,-0.1949454362320991
954,FTO312,flatNominal,R+12C12,312,312,7.35172360924641,14.245948196075481,0.0,14.965,0.376,14.965,-0.376,0.46313224188250607,-5.8993603720294026,0.1255829228259643,-0.2156431481341885
402,FTO313,flatNominal,R+12C13,313,313,7.371913266159457,14.300495983007036,0.0,14.965,0.376,14.965,-0.376,-0.06734618443695226,1.7807450040732284,0.08791947143953151,-0.2081747985539187
654,FTO314,flatNominal,R+12C14,314,314,7.287237004110701,14.289900436217057,0.0,14.965,0.376,14.965,-0.376,-1.4822785009963948,4.931628159524218,0.23635345800575785,-0.22950885000930676
938,FTO315,flatNominal,R+12C15,315,315,7.391106081853156,14.301122388962884,0.0,14.965,0.376,14.965,-0.376,-0.014639444511503714,1.6959781575275932,0.21995383560640983,-0.33182462903871607
343,FTO316,flatNominal,R+11C1,316,316,7.337218806589492,14.266139136249379,0.0,14.965,0.376,14.965,-0.376,-0.12591381533119048,0.5385819823198515,0.23155427060121836,-0.1720088632741153
396,FTO317,flatNominal,R+11C2,317,317,7.365123241465563,14.316367243924983,0.0,14.965,0.376,14.965,-0.376,1.1308604684936934,1.1087501515338758,0.19197074360750715,-0.2436543693717577
514,FTO318,flatNominal,R+11C3,318,318,7.34429699317996,14.341636626595365,0.0,14.965,0.376,14.965,-0.376,0.7293592197078232,3.176477185644582,0.161012404988126,-0.2230544971396644
630,FTO319,flatNominal,R+11C4,319,319,7.414486054595807,14.334996005204149,0.0,14.965,0.376,14.965,-0.376,0.5708845354954866,4.120783766861707,0.11528370589658635,-0.2263985730115517
786,FTO320,flatNominal,R+11C5,320,320,7.399989050443949,14.348607627451896,0.0,14.965,0.376,14.965,-0.376,-1.0902563994048369,3.1342119982194965,0.12611069282986317,-0.1770284719730895
322,FTO321,flatNominal,R+11C6,321,321,7.353364791933367,14.31806171161219,0.0,14.965,0.376,14.965,-0.376,-0.6512769866413068,2.1938246175969165,0.10431337543348737,-0.20482943898743727
757,FTO322,flatNominal,R+11C7,322,322,7.349408421306081,14.302647223410302,0.0,14.965,0.376,14.965,-0.376,0.6282409854450091,0.4613543289758294,0.10223337243582445,-0.24723771428884883
910,FTO323,flatNominal,R+11C8,323,323,7.346260359724492,14.255578782870648,0.0,14.965,0.376,14.965,-0.376,-0.13429694001212109,3.1919312269225006,0.10019470242899046,-0.2412887663899134
598,FTO324,flatNominal,R+11C9,324,324,7.360886779278873,14.322859173896797,0.0,14.965,0.376,14.965,-0.376,0.27090327360612765,0.9157642094192069,0.08882576419539762,-0.1884992197194562
1069,FTO325,flatNominal,R+11C10,325,325,7.3264514450735945,14.304211523188494,0.0,14.965,0.376,14.965,-0.376,1.1292273264121002,-0.1282126916913574,0.10507718461321697,-0.23315182779367777
906,FTO326,flatNominal,R+11C11,326,326,7.319006414584181,14.31979098847138,0.0,14.965,0.376,14.965,-0.376,0.05555963371322041,-0.20352806483159838,0.07704138857458272,-0.20811117480493696
1300,FTO327,flatNominal,R+11C12,327,327,7.271852514790156,14.216053464360469,0.0,14.965,0.376,14.965,-0.376,0.7952505423736096,0.5201258683807415,0.0859623854283088,-0.18916747952001153
866,FTO328,flatNominal,R+11C13,328,328,7.320680457674844,14.304719928954924,0.0,14.965,0.376,14.965,-0.376,-0.4087343986806616,0.3283929962536985,0.0972029224073711,-0.2206256239558497
895,FTO329,flatNominal,R+11C14,329,329,7.341986545904531,14.250354336638802,0.0,14.965,0.376,14.965,-0.376,-0.3810698609022894,-0.40708212760358387,0.13906673371237854,-0.18348107708904116
432,FTO330,flatNominal,R+11C15,330,330,7.365328083071758,14.313607399616266,0.0,14.965,0.376,14.965,-0.376,-0.8359778585407492,0.12753958177089794,0.12130609909054955,-0.223166245822214
678,FTO331,flatNominal,R+11C16,331,331,7.22998553315123,14.229746276883278,0.0,14.965,0.376,14.965,-0.376,0.09628936132924756,1.0963928934615872,0.24396368833762902,-0.2887668437252572
1177,FTO332,flatNominal,R+10C1,332,332,7.338274507726874,14.237512546249166,0.0,14.965,0.376,14.965,-0.376,-0.7308400072211889,4.58807669324637,0.1881441519481476,-0.2087785590489207
691,FTO333,flatNominal,R+10C2,333,333,7.419863290421851,14.36339116537601,0.0,14.965,0.376,14.965,-0.376,-1.5108303728156474,3.6968951356384823,0.17533894013805662,-0.318178074128875
264,FTO334,flatNominal,R+10C3,334,334,7.452598789364988,14.378709025171878,0.0,14.965,0.376,14.965,-0.376,3.489767831108883,-0.26209638693958703,0.14257998172311867,-0.2605331656918867
572,FTO336,flatNominal,R+10C5,336,336,7.2648095571351385,14.277800433870173,0.0,14.965,0.376,14.965,-0.376,0.052731685467968026,-0.216092791827421,0.11846899449963423,-0.1671179794820387
648,FTO337,flatNominal,R+10C6,337,337,7.317034474255573,14.331809599694429,0.0,14.965,0.376,14.965,-0.376,-0.7503441755360861,3.4017065505380333,0.12316383630792122,-0.23378047249301956
956,FTO339,flatNominal,R+10C8,339,339,7.364330611919767,14.257211549546073,0.0,14.965,0.376,14.965,-0.376,0.013879029237799644,3.544250272859256,0.0317782303124295,-0.19299522759497134
199,FTO340,flatNominal,R+10C9,340,340,7.382767537281412,14.339085529653742,0.0,14.965,0.376,14.965,-0.376,-0.10727199610572337,0.5786736572568143,-0.014975034315719182,-0.2221160171287551
760,FTO341,flatNominal,R+10C10,341,341,7.275696599475755,14.310820030495432,0.0,14.965,0.376,14.965,-0.376,-0.16138893904619783,1.029856465148329,0.041549097291374265,-0.20334286976938232
840,FTO343,flatNominal,R+10C12,343,343,7.459779903230349,14.380999579303039,0.0,14.965,0.376,14.965,-0.376,-0.21745092295073423,1.6690855040754515,0.06959041282490248,-0.23320988798232975
903,FTO344,flatNominal,R+10C13,344,344,7.354347694009595,14.293669783201526,0.0,14.965,0.376,14.965,-0.376,-0.1325428851607444,-0.14882112322406457,0.07567063842791083,-0.2041128985637854
1013,FTO346,flatNominal,R+10C15,346,346,7.388146734258563,14.307531480420483,0.0,14.965,0.376,14.965,-0.376,5.533198804254068,2.140879402721821,0.11216225048110785,-0.21185868681941725
819,FTO347,flatNominal,R+10C16,347,347,7.337973221239496,14.315332532449244,0.0,14.965,0.376,14.965,-0.376,-0.27113954643947513,0.16039488687962944,0.12961904190447315,-0.22614302125115568
1091,FTO348,flatNominal,R+10C17,348,348,7.297103346923486,14.241896777026994,0.0,14.965,0.376,14.965,-0.376,0.4778660150555385,0.26839808853693115,0.129570955636009,-0.2860248733070331
809,FTO349,flatNominal,R+9C1,349,349,7.313000262982182,14.275594146333708,0.0,14.965,0.376,14.965,-0.376,-0.4117109783711044,3.299288986735732,0.17662482637188273,-0.16407037421395404
1213,FTO350,flatNominal,R+9C2,350,350,7.3491454349850995,14.313462493284163,0.0,14.965,0.376,14.965,-0.376,-1.1718862650250104,0.11842445742072435,0.1704139685029868,-0.2349651071786609
891,FTO351,flatNominal,R+9C3,351,351,7.392793035566678,14.264066614298999,0.0,14.965,0.376,14.965,-0.376,-0.033537905831445086,-0.13436339593176674,0.15976496134311252,-0.23539120404890637
1285,FTO352,flatNominal,R+9C4,352,352,7.355899521946441,14.302446796350466,0.0,14.965,0.376,14.965,-0.376,0.07997978231948578,-0.1490934590620835,0.12751576504618267,-0.22413755364354776
1246,FTO353,flatNominal,R+9C5,353,353,7.309418332074821,14.270151769593477,0.0,14.965,0.376,14.965,-0.376,-0.11811916665753273,-0.21214523721009876,0.1341075939616594,-0.13935116539272804
409,FTO354,flatNominal,R+9C6,354,354,7.369830254332807,14.297249808051038,0.0,14.965,0.376,14.965,-0.376,-0.7200735706617158,9.215424572086889,0.07015387215975931,-0.21024289761152093
580,FTO355,flatNominal,R+9C7,355,355,7.326797661466058,14.271752720602185,0.0,14.965,0.376,14.965,-0.376,-0.6643086409476762,0.7015993577596896,0.00813210219246404,-0.2514699059267745
1028,FTO356,flatNominal,R+9C8,356,356,7.4365546964171445,14.333756384290984,0.0,14.965,0.376,14.965,-0.376,9.599086332501491,0.8196345652098431,-0.0007532553863124811,-0.001900470101042237
721,FTO357,flatNominal,R+9C9,357,357,7.326240429074039,14.288463240216952,0.0,14.965,0.376,14.965,-0.376,-0.5849398123071544,-0.20919984940433028,0.0270428683741912,-0.23746548319171604
985,FTO358,flatNominal,R+9C10,358,358,7.334296837387434,14.278878326470918,0.0,14.965,0.376,14.965,-0.376,-1.1132274049916484,-2.1612781400189482,0.017862809382468266,-0.2645351689591094
963,FTO359,flatNominal,R+9C11,359,359,7.317567343242885,14.209772639048824,0.0,14.965,0.376,14.965,-0.376,-0.3290919929187526,0.40083945618369915,0.0005125797111770499,-0.26248605727516555
635,FTO360,flatNominal,R+9C12,360,360,7.40618172866848,14.343527838463503,0.0,14.965,0.376,14.965,-0.376,0.6601388646639567,0.3722565321478808,-0.05951102442658342,-0.17913658258814516
1070,FTO361,flatNominal,R+9C13,361,361,7.317778733045589,14.265417817698028,0.0,14.965,0.376,14.965,-0.376,0.14196009274249827,0.06780003401002381,0.00025330535088243856,-0.16736401971640472
973,FTO362,flatNominal,R+9C14,362,362,7.40370060302139,14.34805529355702,0.0,14.965,0.376,14.965,-0.376,-0.05847123235710366,-0.20372998373361492,0.08268679168929995,-0.20958833119792405
868,FTO363,flatNominal,R+9C15,363,363,7.377041537240466,14.27012991367797,0.0,14.965,0.376,14.965,-0.376,-0.019852214936649536,-0.07257376181810408,0.06571418039461857,-0.17619918828397968
787,FTO364,flatNominal,R+9C16,364,364,7.3185811355082135,14.296317073919205,0.0,14.965,0.376,14.965,-0.376,0.7565977999664985,-0.1709403187812085,0.07291287325799478,-0.18226592758402593
626,FTO365,flatNominal,R+9C17,365,365,7.375154361476658,14.353715822153983,0.0,14.965,0.376,14.965,-0.376,-0.36648526623103866,-0.11354547016499456,0.1090211800244457,-0.22029658371922783
830,FTO366,flatNominal,R+9C18,366,366,7.389434091732772,14.372627321508345,0.0,14.965,0.376,14.965,-0.376,0.07861588881168532,0.1785131884895388,0.1251446727586527,-0.2622742659548596
588,FTO367,flatNominal,R+8C1,367,367,7.342658351607328,14.309126204504086,0.0,14.965,0.376,14.965,-0.376,0.4955400719911104,0.36678202657267706,0.19649210987800314,-0.19903309425065252
1226,FTO368,flatNominal,R+8C2,368,368,7.279315295924118,14.294101281887777,0.0,14.965,0.376,14.965,-0.376,0.8797584044210133,0.009776168403771282,0.14736112244320798,-0.21322472345200835
565,FTO369,flatNominal,R+8C3,369,369,7.410989933535321,14.355916948717274,0.0,14.965,0.376,14.965,-0.376,-1.0064938057838624,2.1528151349615334,0.1487065732684774,-0.27095170365405075
608,FTO370,flatNominal,R+8C4,370,370,7.359116084231708,14.27106779151797,0.0,14.965,0.376,14.965,-0.376,-0.5702483515755311,4.536973298177937,0.13868959746548362,-0.12028804209399359
160,FTO371,flatNominal,R+8C5,371,371,7.391205743413417,14.390808450169542,0.0,14.965,0.376,14.965,-0.376,-0.023537976722823817,0.2857636567540085,0.05422806085799014,-0.2700987923382404
1270,FTO372,flatNominal,R+8C6,372,372,7.36578007110176,14.332746385192323,0.0,14.965,0.376,14.965,-0.376,-0.17518254182744264,1.0284524785080615,-0.008559286023089883,-0.2797473907647836
437,FTO373,flatNominal,R+8C7,373,373,7.3747308249560435,14.253355600828133,0.0,14.965,0.376,14.965,-0.376,0.36144362232647376,15.910093177619881,0.1613533980148358,-0.2320888115178073
422,FTO374,flatNominal,R+8C8,374,374,7.342164716246965,14.347541795777065,0.0,14.965,0.376,14.965,-0.376,0.268133084613716,1.0921958236261526,0.26327504127162404,-0.1760807383155557
1049,FTO375,flatNominal,R+8C9,375,375,7.451775923589682,14.307013503449053,0.0,14.965,0.376,14.965,-0.376,0.2681041967521713,0.4133180811801157,0.18872012187695278,-0.2782145802745549
716,FTO377,flatNominal,R+8C11,377,377,7.3753712066204935,14.304370713600623,0.0,14.965,0.376,14.965,-0.376,-0.4307474328755922,-0.19293620734653366,0.1539777518450219,-0.24787966853926824
781,FTO378,flatNominal,R+8C12,378,378,7.3659679049299545,14.29894657385766,0.0,14.965,0.376,14.965,-0.376,-0.021953954297611853,-0.0715886623489511,0.225519066012701,-0.18408279584542772
901,FTO379,flatNominal,R+8C13,379,379,7.36353334000269,14.25974075163541,0.0,14.965,0.376,14.965,-0.376,-0.41006229287396795,-1.1473442456395544,0.07796138195140595,-0.23394943974500088
964,FTO380,flatNominal,R+8C14,380,380,7.356172132840853,14.304396239902621,0.0,14.965,0.376,14.965,-0.376,0.42268174929272756,-0.03253353020379008,-0.013549133416849785,-0.13104664314825562
493,FTO381,flatNominal,R+8C15,381,381,7.3435930605305595,14.327052751356549,0.0,14.965,0.376,14.965,-0.376,-0.3898939217614927,1.391600284147406,-0.005836608219435374,-0.09296390298373108
1182,FTO382,flatNominal,R+8C16,382,382,7.332064304697935,14.26886613941219,0.0,14.965,0.376,14.965,-0.376,-0.7474618084835223,-0.14435360668855376,0.08831060769942416,-0.14402960966647535
692,FTO383,flatNominal,R+8C17,383,383,7.379937172804572,14.233748492364244,0.0,14.965,0.376,14.965,-0.376,0.029878872406480107,3.2561144742456376,0.08761821638443312,-0.20226840747831867
660,FTO384,flatNominal,R+8C18,384,384,7.3776163700492114,14.328487273267884,0.0,14.965,0.376,14.965,-0.376,-0.8448065932229387,0.5135356364548284,0.11720491067921658,-0.1585756337776918
1109,FTO385,flatNominal,R+8C19,385,385,7.321981742199731,14.255082939678434,0.0,14.965,0.376,14.965,-0.376,-1.240119039853186,-0.9807176146353694,0.09928362392351395,-0.2272117288921667
793,FTO386,flatNominal,R+7C1,386,386,7.325892250510088,14.265442060958947,0.0,14.965,0.376,14.965,-0.376,-0.29402663224069514,-0.09015137175244306,0.20832973088756365,-0.23519025307997118
994,FTO387,flatNominal,R+7C2,387,387,7.421983525211291,14.30828781850656,0.0,14.965,0.376,14.965,-0.376,0.3909067615221537,0.310554980381169,0.14083394175071165,-0.18620525956442868
766,FTO388,flatNominal,R+7C3,388,388,7.392867958372583,14.338071444166985,0.0,14.965,0.376,14.965,-0.376,0.01586343574393353,2.7727489188856596,0.13477222134689718,-0.34037430695810506
664,FTO390,flatNominal,R+7C5,390,390,7.337672296067675,14.292102635943644,0.0,14.965,0.376,14.965,-0.376,-0.46332317571939297,-0.3741387276152589,0.0279912910161351,-0.3513398198267603
802,FTO391,flatNominal,R+7C6,391,391,7.284180256166892,14.245158775169829,0.0,14.965,0.376,14.965,-0.376,0.16019529314530961,0.6020068574464746,0.19726498233003248,-0.31423262706274396
16,FTO392,flatNominal,R+7C7,392,392,7.384134775326895,14.345293013140957,0.0,14.965,0.376,14.965,-0.376,-0.24557696864454562,-5.635416519132288,0.21213820116888743,-0.21419619597114165
448,FTO393,flatNominal,R+7C8,393,393,7.4281598731353595,14.325965527771492,0.0,14.965,0.376,14.965,-0.376,0.5233999381276577,8.883867567595486,0.22528428680458504,-0.2951895173435193
904,FTO394,flatNominal,R+7C9,394,394,7.4180259407019795,14.343910899120434,0.0,14.965,0.376,14.965,-0.376,-0.4743492662096894,0.8935887440210589,0.15049123170218215,-0.2116569922520392
481,FTO395,flatNominal,R+7C10,395,395,7.341352534065528,14.276583403630456,0.0,14.965,0.376,14.965,-0.376,0.6958143713228833,0.06560721468492309,0.1477239173954589,-0.201503054199778
818,FTO396,flatNominal,R+7C11,396,396,7.344389888715962,14.321070834124065,0.0,14.965,0.376,14.965,-0.376,0.21106651347002967,4.862053873034483,0.10588406094885626,-0.10982842378619542
619,FTO397,flatNominal,R+7C12,397,397,7.451305105948536,14.320855278490825,0.0,14.965,0.376,14.965,-0.376,-0.6408075189611656,-1.4307709818992318,0.12088649656380333,-0.3563719920206951
1241,FTO398,flatNominal,R+7C13,398,398,7.366371328004803,14.333007296418,0.0,14.965,0.376,14.965,-0.376,-0.56472136327313,0.24402005355498033,0.08812448277115119,-0.16061659904594272
604,FTO399,flatNominal,R+7C14,399,399,7.3413908021603165,14.347160826149109,0.0,14.965,0.376,14.965,-0.376,0.2505613316587303,0.5693298153060564,0.17560059926683072,-0.15584068302959597
1043,FTO400,flatNominal,R+7C15,400,400,7.379300606519183,14.342293437976972,0.0,14.965,0.376,14.965,-0.376,0.5038817741680958,-0.1198658854355524,0.05575047313033528,-0.23250944681233654
1240,FTO401,flatNominal,R+7C16,401,401,7.358110516117421,14.304048850081438,0.0,14.965,0.376,14.965,-0.376,0.00032863211599394647,0.5829358615386343,-0.015215135985616125,-0.10832493776699621
698,FTO403,flatNominal,R+7C18,403,403,7.430492807479129,14.36839853005779,0.0,14.965,0.376,14.965,-0.376,-0.5822706434798293,-0.03424275406438197,0.09504405835652859,-0.17003995481919584
200,FTO404,flatNominal,R+7C19,404,404,7.374746194598388,14.315204362335464,0.0,14.965,0.376,14.965,-0.376,-0.5469080637413591,0.03387407594176182,0.11419165446426649,-0.19095043723438063
1155,FTO405,flatNominal,R+7C20,405,405,7.353263343939404,14.282361493266542,0.0,14.965,0.376,14.965,-0.376,0.2550258984495627,2.1849513966874325,0.15976843010035924,-0.19070163520119732
383,FTO406,flatNominal,R+6C1,406,406,7.309947176967406,14.266540153743598,0.0,14.965,0.376,14.965,-0.376,-0.4369915412320967,0.37088059797893463,0.2196237663814635,-0.1635519723419038
1011,FTO408,flatNominal,R+6C3,408,408,7.395020422291732,14.34769433407188,0.0,14.965,0.376,14.965,-0.376,0.3817556245990001,0.4466054810399385,0.11793400654727834,-0.25003051305291324
325,FTO409,flatNominal,R+6C4,409,409,7.283560958797188,14.211773738046897,0.0,14.965,0.376,14.965,-0.376,-0.9433674670006583,-8.708383444477409,0.1294138794408092,-0.17715912565650452
612,FTO410,flatNominal,R+6C5,410,410,7.370694868438532,14.367544011751951,0.0,14.965,0.376,14.965,-0.376,0.5422908033777484,-0.16142164137159054,0.0803129951528751,-0.4603223957099426
1290,FTO411,flatNominal,R+6C6,411,411,7.223899580139147,14.244387947007219,0.0,14.965,0.376,14.965,-0.376,-0.12124994758960313,1.0672576049115627,0.2438157000174952,-0.34079633464010134
1251,FTO412,flatNominal,R+6C7,412,412,7.313293262484512,14.251274813204907,0.0,14.965,0.376,14.965,-0.376,-0.2952904328000816,0.7439351338429756,0.12249133934693829,-0.248489796040861
717,FTO414,flatNominal,R+6C9,414,414,7.255951799357021,14.245084353768831,0.0,14.965,0.376,14.965,-0.376,0.07049846741374251,1.2372237833512216,0.1667831935610137,-0.24902018086790903
506,FTO415,flatNominal,R+6C10,415,415,7.34954525303305,14.284142703945616,0.0,14.965,0.376,14.965,-0.376,0.7857030859290771,0.15470016839662207,0.14310640697064597,-0.2577975584715227
623,FTO416,flatNominal,R+6C11,416,416,7.405303115500729,14.334344695031279,0.0,14.965,0.376,14.965,-0.376,0.8629343786914534,-7.898252825127277,0.17690767887678335,-0.2336767219100809
849,FTO417,flatNominal,R+6C12,417,417,7.438011130884152,14.38381595612081,0.0,14.965,0.376,14.965,-0.376,0.42945036707321066,-1.7223657867636208,0.0853141335390772,-0.17100223398805747
730,FTO418,flatNominal,R+6C13,418,418,7.378192184065448,14.321641564358757,0.0,14.965,0.376,14.965,-0.376,0.5564758905953898,2.044301221130419,0.14328845539647114,-0.2534364414060485
577,FTO420,flatNominal,R+6C15,420,420,7.27425946440866,14.276792142975216,0.0,14.965,0.376,14.965,-0.376,0.5520842683784258,1.1587468360169415,0.05080046762895123,-0.2890542380005754
790,FTO421,flatNominal,R+6C16,421,421,7.4408364074069855,14.324923184418253,0.0,14.965,0.376,14.965,-0.376,-0.3467364460352517,1.3097770484822844,0.1430397485886132,-0.21948713708835982
681,FTO422,flatNominal,R+6C17,422,422,7.3408240361008446,14.331234082746272,0.0,14.965,0.376,14.965,-0.376,-0.11596659037906322,-3.4202623684607776,0.03221283354182435,-0.10734363981352088
908,FTO423,flatNominal,R+6C18,423,423,7.380423375687979,14.308940347949791,0.0,14.965,0.376,14.965,-0.376,0.679902595077837,-1.3515033755185946,0.03433737913565495,-0.1168740189649175
501,FTO424,flatNominal,R+6C19,424,424,7.331561103961367,14.273181099333977,0.0,14.965,0.376,14.965,-0.376,-0.6837133274170266,3.846924687689449,0.06697900376237932,-0.1296894060707127
706,FTO426,flatNominal,R+6C21,426,426,7.288922591201272,14.275049217737472,0.0,14.965,0.376,14.965,-0.376,-1.0000728205364646,2.0328355729226044,0.13620767748968748,-0.24717259761315177
1098,FTO427,flatNominal,R+5C1,427,427,7.302575777282805,14.262614818702776,0.0,14.965,0.376,14.965,-0.376,-1.1328427555796057,-0.03262529927059252,0.1891597516361396,-0.14084006654087536
1093,FTO428,flatNominal,R+5C2,428,428,7.319228846818307,14.291426220430623,0.0,14.965,0.376,14.965,-0.376,0.9740454179006465,-0.07604511431787625,0.2075798390022623,-0.312386847375237
795,FTO429,flatNominal,R+5C3,429,429,7.298450902171629,14.259459252450865,0.0,14.965,0.376,14.965,-0.376,-0.29129604500167705,-0.04443320091702547,0.1899527789560873,-0.1361834698690634
627,FTO430,flatNominal,R+5C4,430,430,7.375680888764639,14.305548121009114,0.0,14.965,0.376,14.965,-0.376,0.24762316518153044,0.6159824079767215,0.16486879938672483,-0.3948404383616053
466,FTO431,flatNominal,R+5C5,431,431,7.399695648948937,14.298392436281775,0.0,14.965,0.376,14.965,-0.376,2.8614168656522447,4.673816542829271,0.17831079675844352,-0.22305506176054712
639,FTO432,flatNominal,R+5C6,432,432,7.3440917348186385,14.2737112155183,0.0,14.965,0.376,14.965,-0.376,0.5186613464478856,-0.06509827700990199,0.24241098717715354,-0.10166882559603493
1281,FTO433,flatNominal,R+5C7,433,433,7.302521482595473,14.277822543551034,0.0,14.965,0.376,14.965,-0.376,-0.2972103843581408,0.27213392704546474,0.1427283527767699,-0.19041808090175094
1095,FTO434,flatNominal,R+5C8,434,434,7.343192698274782,14.311845921742616,0.0,14.965,0.376,14.965,-0.376,-0.03751255150443865,0.6279350339816763,0.09439899375081671,-0.09640763615880951
741,FTO435,flatNominal,R+5C9,435,435,7.396087288264599,14.403926052672414,0.0,14.965,0.376,14.965,-0.376,-0.39656030815408916,-0.6839713358827367,0.15610760686277245,-0.21718028712826765
495,FTO436,flatNominal,R+5C10,436,436,7.455082146849254,14.326628941186591,0.0,14.965,0.376,14.965,-0.376,-0.28015461760025,-0.6866211316420213,0.1672978333772032,-0.23838946747606288
1040,FTO437,flatNominal,R+5C11,437,437,7.337265411238877,14.274826979845182,0.0,14.965,0.376,14.965,-0.376,0.43504293807425254,0.0753746208273769,0.11274391756754387,-0.16943748562105154
668,FTO438,flatNominal,R+5C12,438,438,7.263900211784659,14.226388379973585,0.0,14.965,0.376,14.965,-0.376,-0.031612462874929484,-0.6962985402186435,0.11957548331752048,-0.35444620467604243
827,FTO439,flatNominal,R+5C13,439,439,7.421742279062131,14.378442948174332,0.0,14.965,0.376,14.965,-0.376,-0.5009696605726072,0.0910722095535315,0.09209191034944805,-0.1685236939828011
814,FTO440,flatNominal,R+5C14,440,440,7.32749456026364,14.250853663910148,0.0,14.965,0.376,14.965,-0.376,0.547622880816734,0.02428304357644557,0.124136766850985,-0.22245923934061917
965,FTO441,flatNominal,R+5C15,441,441,7.358188747461454,14.32540626456959,0.0,14.965,0.376,14.965,-0.376,0.6897305296678423,-3.228461406914618,0.1846121329697733,-0.03668565557374146
475,FTO442,flatNominal,R+5C16,442,442,7.358746691806318,14.227108695663265,0.0,14.965,0.376,14.965,-0.376,-1.5671558746549643,1.3883936718266938,0.06413252295254793,-0.2625878686875591
52,FTO443,flatNominal,R+5C17,443,443,7.379432153123637,14.305484562179482,0.0,14.965,0.376,14.965,-0.376,0.9437591138496604,2.976763311131384,0.16488171307692645,-0.27049344280992593
1017,FTO444,flatNominal,R+5C18,444,444,7.380484370501473,14.344952560104659,0.0,14.965,0.376,14.965,-0.376,0.2115654214363823,-0.14456914157063644,0.08637384338446731,-0.1354080123893075
63,FTO445,flatNominal,R+5C19,445,445,7.397199797508227,14.36115386036827,0.0,14.965,0.376,14.965,-0.376,-0.9677181994913989,10.515265353469735,0.09444510328208415,-0.10446886384466507
689,FTO446,flatNominal,R+5C20,446,446,7.359171183944308,14.286209852597175,0.0,14.965,0.376,14.965,-0.376,-1.6127841013850424,-0.1880406038453729,0.09054151760161161,-0.15944203521045605
1046,FTO447,flatNominal,R+5C21,447,447,7.369877392718232,14.348962994938885,0.0,14.965,0.376,14.965,-0.376,0.3475736814741463,-0.15665783099012773,0.09556483851861584,-0.14130997766805722
847,FTO448,flatNominal,R+5C22,448,448,7.390033529002825,14.287851600442679,0.0,14.965,0.376,14.965,-0.376,0.7566469574120913,10.853061364925818,0.12503546439220764,-0.2321477163636074
674,FTO449,flatNominal,R+4C1,449,449,7.400859103296853,14.318973060451945,0.0,14.965,0.376,14.965,-0.376,-0.2749273546619319,-0.3939334003978628,0.17251757296707126,-0.23658706561516532
971,FTO450,flatNominal,R+4C2,450,450,7.37955578084852,14.332444044433183,0.0,14.965,0.376,14.965,-0.376,-0.5402752291634401,5.358771908579586,0.1408700450570113,-0.21381770219399185
436,FTO451,flatNominal,R+4C3,451,451,7.434184939519657,14.303339120724065,0.0,14.965,0.376,14.965,-0.376,-1.2354289328471124,2.273314415038657,0.16600346504138813,-0.2571601107709252
233,FTO452,flatNominal,R+4C4,452,452,7.407624587805566,14.308818525586275,0.0,14.965,0.376,14.965,-0.376,0.6618083317581153,0.9560479863481743,0.20361001020013306,-0.3081896344895174
820,FTO453,flatNominal,R+4C5,453,453,7.312348804987159,14.314304016973109,0.0,14.965,0.376,14.965,-0.376,-0.7549082676269545,0.9914266702279773,0.17181338633960933,-0.1633524982261176
990,FTO455,flatNominal,R+4C7,455,455,7.376820949654104,14.326579309135882,0.0,14.965,0.376,14.965,-0.376,0.6376604804482404,0.32434940922687244,0.20842343219165776,-0.3121109035913523
995,FTO456,flatNominal,R+4C8,456,456,7.3135566956655165,14.293098432458162,0.0,14.965,0.376,14.965,-0.376,-0.326115978525131,1.8250022493703317,0.09195050657515401,-0.11043569618891276
761,FTO457,flatNominal,R+4C9,457,457,7.451399786268741,14.330772575854594,0.0,14.965,0.376,14.965,-0.376,0.00215137777141878,2.9417820520526083,0.18566505947159445,-0.19226446035765843
192,FTO458,flatNominal,R+4C10,458,458,7.374926704105251,14.369804157895619,0.0,14.965,0.376,14.965,-0.376,0.10537183540701833,0.5441099124416244,0.15055818095669157,-0.2023156773186572
1037,FTO459,flatNominal,R+4C11,459,459,7.329840274245622,14.271069056096128,0.0,14.965,0.376,14.965,-0.376,0.08883461281985314,0.010861627246743825,0.1207901042115938,-0.2862489886845861
638,FTO460,flatNominal,R+4C12,460,460,7.4334679751858355,14.300426266102107,0.0,14.965,0.376,14.965,-0.376,8.019746492835994,-8.903424859824787,0.11122791720891181,-0.21191667428694713
1376,FTO461,flatNominal,R+4C13,461,461,7.315663103217616,14.284552897834423,0.0,14.965,0.376,14.965,-0.376,0.22577835006173236,-0.542395987279655,0.06506581402860756,-0.06508975032404375
1382,FTO462,flatNominal,R+4C14,462,462,7.415569275972665,14.331195816253135,0.0,14.965,0.376,14.965,-0.376,0.0931900133638593,1.4833684125510587,0.06834370550275534,-0.18934693570454955
261,FTO463,flatNominal,R+4C15,463,463,7.362661656039548,14.298430027673989,0.0,14.965,0.376,14.965,-0.376,0.5919698023861633,-0.5589021073338316,0.08643813325885362,-0.17842561315221012
816,FTO464,flatNominal,R+4C16,464,464,7.337533238305793,14.268543391813104,0.0,14.965,0.376,14.965,-0.376,-0.22604165637485893,-0.024505106798015413,0.0693115619172375,-0.014237655252023874
463,FTO465,flatNominal,R+4C17,465,465,7.3762454029488325,14.30730459179962,0.0,14.965,0.376,14.965,-0.376,-0.04628317472660134,0.24547286984128822,0.13069463756157568,-0.21501125826399042
852,FTO467,flatNominal,R+4C19,467,467,7.400924227223976,14.315341196968651,0.0,14.965,0.376,14.965,-0.376,1.6246875094251818,0.30038090435927123,0.07022473303400195,-0.06310289854376509
460,FTO468,flatNominal,R+4C20,468,468,7.410055911119189,14.333626454772972,0.0,14.965,0.376,14.965,-0.376,-0.9977529041005935,6.022135313389296,0.09604367246870457,-0.15776036175700445
899,FTO469,flatNominal,R+4C21,469,469,7.31343708080184,14.214464639578889,0.0,14.965,0.376,14.965,-0.376,-0.7413457511937708,0.3102429435900874,0.07284174915805469,-0.15330059182409625
806,FTO470,flatNominal,R+4C22,470,470,7.357881950139725,14.313954303457967,0.0,14.965,0.376,14.965,-0.376,-1.0505557578826192,0.2422165010937715,0.10730216086306366,-0.1576736278628877
872,FTO471,flatNominal,R+4C23,471,471,7.374666359594101,14.250590837081337,0.0,14.965,0.376,14.965,-0.376,-0.09023319357822684,0.16453957587636925,0.1154822572272876,-0.21902508795772682
839,FTO472,flatNominal,R+3C1,472,472,7.313624970987757,14.297779484581813,0.0,14.965,0.376,14.965,-0.376,-0.9302759251729238,-0.3306774729727974,0.192531569453101,-0.21195535858975487
886,FTO473,flatNominal,R+3C2,473,473,7.3418686338317105,14.29238715551384,0.0,14.965,0.376,14.965,-0.376,-0.1200584953656532,2.9417257187897823,0.2041024792802554,-0.20846428219999613
669,FTO474,flatNominal,R+3C3,474,474,7.343210406730977,14.242376955052096,0.0,14.965,0.376,14.965,-0.376,-1.0906558925941918,1.5998253273416774,0.19174805219854651,-0.2762532483368917
1357,FTO476,flatNominal,R+3C5,476,476,7.40736930824987,14.349235905547912,0.0,14.965,0.376,14.965,-0.376,0.9797342191704369,0.2843086932079466,0.1057119563438452,-0.4382274658816951
1346,FTO477,flatNominal,R+3C6,477,477,7.351186782201704,14.316423448313886,0.0,14.965,0.376,14.965,-0.376,-0.475433422607622,0.3682620458178839,0.20775037083992812,0.09478289996036109
979,FTO478,flatNominal,R+3C7,478,478,7.379413682247673,14.269845562405447,0.0,14.965,0.376,14.965,-0.376,-0.06533882196306924,2.5470103141557123,0.13517050441082554,-0.21049533490646688
1354,FTO479,flatNominal,R+3C8,479,479,7.399617262308985,14.293440223947865,0.0,14.965,0.376,14.965,-0.376,-0.5461667328887639,0.4007947854843267,0.13983431832024126,-0.2845309058935791
260,FTO480,flatNominal,R+3C9,480,480,7.375371730813736,14.24469481982961,0.0,14.965,0.376,14.965,-0.376,0.46010197948870735,0.6653624025516511,0.15429668269473712,-0.4355755308567983
503,FTO481,flatNominal,R+3C10,481,481,7.3295822642318536,14.246629694367902,0.0,14.965,0.376,14.965,-0.376,-1.0053869722207418,2.5528035755280616,0.18210329360984806,-0.2941162883543959
914,FTO482,flatNominal,R+3C11,482,482,7.352338483820691,14.340257309525194,0.0,14.965,0.376,14.965,-0.376,0.7445374788257868,0.010887112577369467,0.16260527586002982,-0.2649514377835374
1126,FTO483,flatNominal,R+3C12,483,483,7.335511217426719,14.292522269030417,0.0,14.965,0.376,14.965,-0.376,0.10916661357390316,0.06151606122549002,0.15186325656468785,-0.1275679049968313
296,FTO484,flatNominal,R+3C13,484,484,7.50405648189701,14.345719574917828,0.0,14.965,0.376,14.965,-0.376,0.6792972555749923,1.6235110083842692,0.1664290763620948,-0.16547827373130924
575,FTO485,flatNominal,R+3C14,485,485,7.399026733658544,14.3215416329434,0.0,14.965,0.376,14.965,-0.376,0.5855431408658035,0.4857717625955313,0.11197126601554486,-0.16978353678299282
694,FTO486,flatNominal,R+3C15,486,486,7.401304518282679,14.315204753633077,0.0,14.965,0.376,14.965,-0.376,-1.00135120333228,-0.6214437312768484,0.1483559348308831,0.20458778936346658
1329,FTO487,flatNominal,R+3C16,487,487,7.398237876666635,14.322351420257785,0.0,14.965,0.376,14.965,-0.376,1.0786533429645222,0.05415372831962298,0.12097743606296413,-0.042775109134748086
825,FTO488,flatNominal,R+3C17,488,488,7.354614122771605,14.322504553262283,0.0,14.965,0.376,14.965,-0.376,-0.10845331270475818,-1.4766829293578059,0.11201252891773676,-0.0620545259862784
719,FTO489,flatNominal,R+3C18,489,489,7.271055667218277,14.255448613557997,0.0,14.965,0.376,14.965,-0.376,-1.2376600807886862,0.03162971530051669,0.07186246770149135,-0.35751333549307807
902,FTO490,flatNominal,R+3C19,490,490,7.363480973444867,14.30038123833533,0.0,14.965,0.376,14.965,-0.376,0.8228107039156838,3.0582955971411896,0.1710290125240652,-0.20917842113770427
912,FTO491,flatNominal,R+3C20,491,491,7.316563842308593,14.283147141751972,0.0,14.965,0.376,14.965,-0.376,0.15438198904348055,-0.8048033310280568,0.09524547042191292,0.03967157556239077
835,FTO493,flatNominal,R+3C22,493,493,7.277347920161494,14.25293224285121,0.0,14.965,0.376,14.965,-0.376,0.2249204755208028,-0.14395483041898408,0.11260713719195757,-0.1569150144271055
832,FTO494,flatNominal,R+3C23,494,494,7.4161509192498505,14.3821780089412,0.0,14.965,0.376,14.965,-0.376,0.35371300820088336,1.2239096213485707,0.09572575569751424,-0.1781042321969605
1019,FTO495,flatNominal,R+3C24,495,495,7.2989008860873845,14.254604121546166,0.0,14.965,0.376,14.965,-0.376,-0.5679712871567963,1.8170336972413703,0.10124466199143696,-0.22789195160400808
1267,FTO496,flatNominal,R+2C1,496,496,7.374258961512664,14.339104216944497,0.0,14.965,0.376,14.965,-0.376,0.24799926795505406,0.7116642948439754,0.27786551119738784,-0.08357170808379011
733,FTO497,flatNominal,R+2C2,497,497,7.30028145699437,14.240514122669957,0.0,14.965,0.376,14.965,-0.376,-0.42256142616573117,0.12452231197054298,0.19561025831341977,-0.18723857894453616
552,FTO498,flatNominal,R+2C3,498,498,7.402701469260839,14.33581919205993,0.0,14.965,0.376,14.965,-0.376,-1.351982592912524,-0.19967372933784802,0.2046757112507731,-0.2199038430049453
1342,FTO499,flatNominal,R+2C4,499,499,7.393418379049765,14.32635445278579,0.0,14.965,0.376,14.965,-0.376,-0.14149620310491212,-0.07603835522564958,0.18780349922118988,-0.3000361925984205
1323,FTO500,flatNominal,R+2C5,500,500,7.344531525991025,14.294032247387776,0.0,14.965,0.376,14.965,-0.376,0.7589894368358723,0.02342719062913584,0.17006702275030833,-0.40506418990159293
1026,FTO501,flatNominal,R+2C6,501,501,7.294022370739946,14.251766447076374,0.0,14.965,0.376,14.965,-0.376,-0.2670889969344771,-0.1764071479328248,0.20206653367042135,-0.008969448205075147
1200,FTO502,flatNominal,R+2C7,502,502,7.265661006015216,14.260889780552764,0.0,14.965,0.376,14.965,-0.376,0.8947622317966325,-0.16321337111101764,0.14054426149402044,-0.3035207667868778
1032,FTO503,flatNominal,R+2C8,503,503,7.396631772864949,14.317209440808599,0.0,14.965,0.376,14.965,-0.376,-0.2372652834463299,-0.023571205239871093,0.2277564784808061,-0.08220436308537422
789,FTO504,flatNominal,R+2C9,504,504,7.282993807382146,14.240780190731684,0.0,14.965,0.376,14.965,-0.376,-0.13512848058868515,-0.06028473803442771,0.17225089667691584,-0.10343454054447089
599,FTO506,flatNominal,R+2C11,506,506,7.370425339288802,14.301645546461259,0.0,14.965,0.376,14.965,-0.376,0.8880313570635361,4.6658756564355075,0.1503891795812555,-0.20155355215839724
986,FTO508,flatNominal,R+2C13,508,508,7.321852718490589,14.298809074552487,0.0,14.965,0.376,14.965,-0.376,0.012516290203924715,0.6662030576227526,0.16590272472963688,-0.20759065594402817
693,FTO510,flatNominal,R+2C15,510,510,7.3421720748802315,14.376772982478334,0.0,14.965,0.376,14.965,-0.376,0.9885202332039317,-0.31777918142466094,0.16068052027096816,-0.28989496264819653
450,FTO512,flatNominal,R+2C17,512,512,7.31277498024571,14.272970685975523,0.0,14.965,0.376,14.965,-0.376,-0.2868549118359702,0.36888540062635056,0.10571855093427196,-0.13606239684168434
709,FTO513,flatNominal,R+2C18,513,513,7.287251762377704,14.300295684399385,0.0,14.965,0.376,14.965,-0.376,-0.01716010217960802,0.4966563033195691,0.13252512102912378,-0.15381483927537393
765,FTO514,flatNominal,R+2C19,514,514,7.500345693399167,14.375132717164046,0.0,14.965,0.376,14.965,-0.376,-0.22117568514872346,-1.968195125380674,0.13201450114871696,-0.00530380371827763
936,FTO515,flatNominal,R+2C20,515,515,7.45694547037135,14.385539787067337,0.0,14.965,0.376,14.965,-0.376,1.0933879717157253,-0.10455396762750681,0.15998984301603184,-0.29870532218955514
921,FTO516,flatNominal,R+2C21,516,516,7.363154643256246,14.375611968203481,0.0,14.965,0.376,14.965,-0.376,0.41068144383465716,1.0400225755493768,0.10263906808127178,0.03578588488376672
762,FTO517,flatNominal,R+2C22,517,517,7.432345926224359,14.389173556546826,0.0,14.965,0.376,14.965,-0.376,-0.450696827390699,6.762350195573952,0.12668751493733268,-0.15995162649492067
1301,FTO518,flatNominal,R+2C23,518,518,7.36438299149274,14.328517855385483,0.0,14.965,0.376,14.965,-0.376,0.017805553614111923,0.42964638912474185,0.11320014545797721,-0.21244109864466362
951,FTO519,flatNominal,R+2C24,519,519,7.437410490963673,14.342474890968681,0.0,14.965,0.376,14.965,-0.376,-0.02572517478535272,0.2732071241174004,0.09706413638994361,-0.2058016309352735
375,FTO520,flatNominal,R+2C25,520,520,7.340111011839478,14.268044125379284,0.0,14.965,0.376,14.965,-0.376,0.14653128588173675,0.09073107316961453,0.14517882139062618,-0.40071792902711584
550,FTO521,flatNominal,R+1C1,521,521,7.410515826563795,14.39525161684545,0.0,14.965,0.376,14.965,-0.376,0.33550110387355825,1.6493831512248573,0.2434537832788247,-0.13810304827164427
597,FTO522,flatNominal,R+1C2,522,522,7.427027033861927,14.351737286500768,0.0,14.965,0.376,14.965,-0.376,-0.482605915299358,-0.05891227554655163,0.20964328229268017,-0.2143802447687354
533,FTO523,flatNominal,R+1C3,523,523,7.3147570205379235,14.313484606998056,0.0,14.965,0.376,14.965,-0.376,-1.339526067634476,3.435958389621986,0.18928988186137652,-0.22835463588524146
1260,FTO524,flatNominal,R+1C4,524,524,7.391236971121369,14.35234414969007,0.0,14.965,0.376,14.965,-0.376,0.6339064193608471,-0.14248773222074715,0.18092093408587157,-0.1765176909071432
1201,FTO525,flatNominal,R+1C5,525,525,7.402988107950129,14.354084929512466,0.0,14.965,0.376,14.965,-0.376,-0.21440132646075397,9.58957189608763,0.16718438108528025,-0.36483797009549146
469,FTO526,flatNominal,R+1C6,526,526,7.267193955377977,14.236262829349476,0.0,14.965,0.376,14.965,-0.376,-0.4199175197720217,-4.184792152165899,0.14231045636353537,-0.22990929822147446
875,FTO527,flatNominal,R+1C7,527,527,7.333026412379796,14.232298587623895,0.0,14.965,0.376,14.965,-0.376,-0.503112737225694,0.15302610520803425,0.19331781107053392,-0.10712728623990955
310,FTO528,flatNominal,R+1C8,528,528,7.249651205564756,14.229694578352868,0.0,14.965,0.376,14.965,-0.376,-1.0567850025099865,0.3852549654905686,0.22542703430913075,-0.26694049857096686
1272,FTO529,flatNominal,R+1C9,529,529,7.375468272695811,14.362915181149356,0.0,14.965,0.376,14.965,-0.376,-0.14023197683652613,-0.06289880708107495,0.1967667490879516,-0.2784149850418778
1222,FTO530,flatNominal,R+1C10,530,530,7.410564220624461,14.272554697028273,0.0,14.965,0.376,14.965,-0.376,0.0999598282199149,0.12738052983915565,0.2523467762620707,-0.311399667679497
1202,FTO531,flatNominal,R+1C11,531,531,7.378407107545814,14.33482611761725,0.0,14.965,0.376,14.965,-0.376,-1.009232203058083,-0.08590581039150626,0.23897914885102176,-0.18847216903294292
1012,FTO532,flatNominal,R+1C12,532,532,7.301175037462024,14.270860469589758,0.0,14.965,0.376,14.965,-0.376,2.585773701914741,2.793449375580672,0.14816877344230275,-0.08231333537984843
846,FTO533,flatNominal,R+1C13,533,533,7.415205268778729,14.30418401506334,0.0,14.965,0.376,14.965,-0.376,-0.1116479663590894,0.8633162064237524,0.20642160717968366,-0.17067793559857863
548,FTO534,flatNominal,R+1C14,534,534,7.3478162972457755,14.315249138489182,0.0,14.965,0.376,14.965,-0.376,0.23765218933083898,0.493103313238822,0.17453552574683207,-0.34895871724911337
671,FTO535,flatNominal,R+1C15,535,535,7.365900602979774,14.324881249706898,0.0,14.965,0.376,14.965,-0.376,0.2692630438121886,0.3384856031016895,0.1779724772243101,-0.17912046771326123
1016,FTO536,flatNominal,R+1C16,536,536,7.317510161118993,14.249704067258772,0.0,14.965,0.376,14.965,-0.376,-0.4991118179432698,0.23321212118775914,0.15715979367964725,-0.28455356435047857
600,FTO537,flatNominal,R+1C17,537,537,7.325785057799041,14.331892021830647,0.0,14.965,0.376,14.965,-0.376,0.33332340204384675,1.623915679320215,0.14969894512171444,-0.01790752565014166
837,FTO538,flatNominal,R+1C18,538,538,7.353584767694693,14.28238449621636,0.0,14.965,0.376,14.965,-0.376,-0.2473357490651675,-0.38125599227766044,0.12763064477935188,-0.12977887145737008
1094,FTO539,flatNominal,R+1C19,539,539,7.240973182852982,14.195486696831141,0.0,14.965,0.376,14.965,-0.376,-0.16784544456653971,-0.11230502142148387,0.11234328461793396,-0.05434673742575781
779,FTO540,flatNominal,R+1C20,540,540,7.35299977523777,14.287941547414103,0.0,14.965,0.376,14.965,-0.376,1.3367346128993236,3.156819295927663,0.12399811342430814,-0.024055470143809425
724,FTO541,flatNominal,R+1C21,541,541,7.436085558662004,14.370745900932482,0.0,14.965,0.376,14.965,-0.376,-0.42449478188799417,0.6846297622683519,0.10750891255262321,-0.2280332368514033
997,FTO542,flatNominal,R+1C22,542,542,7.322301021635394,14.25872719925406,0.0,14.965,0.376,14.965,-0.376,0.054494587562946235,1.060372913553714,0.09740914169574719,-0.06866561071981725
1023,FTO543,flatNominal,R+1C23,543,543,7.423449770830744,14.32944413864856,0.0,14.965,0.376,14.965,-0.376,0.5549920301154563,-0.062220837797330474,0.09107774416071766,-0.1548183953402435
942,FTO544,flatNominal,R+1C24,544,544,7.358719590042978,14.308997313863777,0.0,14.965,0.376,14.965,-0.376,0.46854142463296106,0.2802842799913484,0.0805720036841813,-0.13759663801571023
1096,FTO545,flatNominal,R+1C25,545,545,7.3099540916308845,14.269559815091181,0.0,14.965,0.376,14.965,-0.376,0.7063078787352034,0.6722881230466388,0.10364250667649441,-0.19309224174170758
507,FTO546,flatNominal,R+1C26,546,546,7.303886890135426,14.277061756952168,0.0,14.965,0.376,14.965,-0.376,-0.6720823048982588,1.612287801871549,0.12195459726116725,-0.26180221050397495
