,index,positionerID,robotailID,wokID,holeID,apSpecID,bossSpecID,alphaArmLen,metX,metY,apX,apY,bossX,bossY,alphaOffset,betaOffset,dx,dy
0,0,821,FTO0,APO,R-13C1,0,0,7.4,14.314,0,14.965,0.376,14.965,-0.376,0,0,0,0
1,1,1097,FTO1,APO,R-13C2,1,1,7.4,14.314,0,14.965,0.376,14.965,-0.376,0,0,0,0
2,2,1120,FTO2,APO,R-13C3,2,2,7.4,14.314,0,14.965,0.376,14.965,-0.376,0,0,0,0
3,3,986,FTO3,APO,R-13C4,3,3,7.4,14.314,0,14.965,0.376,14.965,-0.376,0,0,0,0
4,4,1072,FTO4,APO,R-13C5,4,4,7.4,14.314,0,14.965,0.376,14.965,-0.376,0,0,0,0
5,5,1096,FTO5,APO,R-13C6,5,5,7.4,14.314,0,14.965,0.376,14.965,-0.376,0,0,0,0
6,6,1111,FTO6,APO,R-13C7,6,6,7.4,14.314,0,14.965,0.376,14.965,-0.376,0,0,0,0
7,7,866,FTO7,APO,R-13C8,7,7,7.4,14.314,0,14.965,0.376,14.965,-0.376,0,0,0,0
8,8,934,FTO8,APO,R-13C9,8,8,7.4,14.314,0,14.965,0.376,14.965,-0.376,0,0,0,0
9,9,945,FTO9,APO,R-13C10,9,9,7.4,14.314,0,14.965,0.376,14.965,-0.376,0,0,0,0
10,10,892,FTO10,APO,R-13C11,10,10,7.4,14.314,0,14.965,0.376,14.965,-0.376,0,0,0,0
11,11,907,FTO11,APO,R-13C12,11,11,7.4,14.314,0,14.965,0.376,14.965,-0.376,0,0,0,0
12,12,935,FTO12,APO,R-13C13,12,12,7.4,14.314,0,14.965,0.376,14.965,-0.376,0,0,0,0
13,13,944,FTO13,APO,R-13C14,13,13,7.4,14.314,0,14.965,0.376,14.965,-0.376,0,0,0,0
14,14,741,FTO14,APO,R-12C1,14,14,7.4,14.314,0,14.965,0.376,14.965,-0.376,0,0,0,0
15,15,835,FTO15,APO,R-12C2,15,15,7.4,14.314,0,14.965,0.376,14.965,-0.376,0,0,0,0
16,16,787,FTO16,APO,R-12C3,16,16,7.4,14.314,0,14.965,0.376,14.965,-0.376,0,0,0,0
17,17,902,FTO17,APO,R-12C4,17,17,7.4,14.314,0,14.965,0.376,14.965,-0.376,0,0,0,0
18,18,748,FTO18,APO,R-12C5,18,18,7.4,14.314,0,14.965,0.376,14.965,-0.376,0,0,0,0
19,19,631,FTO19,APO,R-12C6,19,19,7.4,14.314,0,14.965,0.376,14.965,-0.376,0,0,0,0
20,20,796,FTO20,APO,R-12C7,20,20,7.4,14.314,0,14.965,0.376,14.965,-0.376,0,0,0,0
21,22,769,FTO21,APO,R-12C9,21,21,7.4,14.314,0,14.965,0.376,14.965,-0.376,0,0,0,0
22,23,794,FTO22,APO,R-12C10,22,22,7.4,14.314,0,14.965,0.376,14.965,-0.376,0,0,0,0
23,24,706,FTO23,APO,R-12C11,23,23,7.4,14.314,0,14.965,0.376,14.965,-0.376,0,0,0,0
24,25,806,FTO24,APO,R-12C12,24,24,7.4,14.314,0,14.965,0.376,14.965,-0.376,0,0,0,0
25,26,724,FTO25,APO,R-12C13,25,25,7.4,14.314,0,14.965,0.376,14.965,-0.376,0,0,0,0
26,27,895,FTO26,APO,R-12C14,26,26,7.4,14.314,0,14.965,0.376,14.965,-0.376,0,0,0,0
27,28,470,FTO27,APO,R-12C15,27,27,7.4,14.314,0,14.965,0.376,14.965,-0.376,0,0,0,0
28,29,624,FTO28,APO,R-11C1,28,28,7.4,14.314,0,14.965,0.376,14.965,-0.376,0,0,0,0
29,30,650,FTO29,APO,R-11C2,29,29,7.4,14.314,0,14.965,0.376,14.965,-0.376,0,0,0,0
30,31,876,FTO30,APO,R-11C3,30,30,7.4,14.314,0,14.965,0.376,14.965,-0.376,0,0,0,0
31,32,819,FTO31,APO,R-11C4,31,31,7.4,14.314,0,14.965,0.376,14.965,-0.376,0,0,0,0
32,33,1069,FTO32,APO,R-11C5,32,32,7.4,14.314,0,14.965,0.376,14.965,-0.376,0,0,0,0
33,34,899,FTO33,APO,R-11C6,33,33,7.4,14.314,0,14.965,0.376,14.965,-0.376,0,0,0,0
34,35,897,FTO34,APO,R-11C7,34,34,7.4,14.314,0,14.965,0.376,14.965,-0.376,0,0,0,0
35,36,999,FTO35,APO,R-11C8,35,35,7.4,14.314,0,14.965,0.376,14.965,-0.376,0,0,0,0
36,37,1036,FTO36,APO,R-11C9,36,36,7.4,14.314,0,14.965,0.376,14.965,-0.376,0,0,0,0
37,38,984,FTO37,APO,R-11C10,37,37,7.4,14.314,0,14.965,0.376,14.965,-0.376,0,0,0,0
38,39,970,FTO38,APO,R-11C11,38,38,7.4,14.314,0,14.965,0.376,14.965,-0.376,0,0,0,0
39,40,772,FTO39,APO,R-11C12,39,39,7.4,14.314,0,14.965,0.376,14.965,-0.376,0,0,0,0
40,41,823,FTO40,APO,R-11C13,40,40,7.4,14.314,0,14.965,0.376,14.965,-0.376,0,0,0,0
41,42,798,FTO41,APO,R-11C14,41,41,7.4,14.314,0,14.965,0.376,14.965,-0.376,0,0,0,0
42,43,560,FTO42,APO,R-11C15,42,42,7.4,14.314,0,14.965,0.376,14.965,-0.376,0,0,0,0
43,44,448,FTO43,APO,R-11C16,43,43,7.4,14.314,0,14.965,0.376,14.965,-0.376,0,0,0,0
44,45,663,FTO44,APO,R-10C1,44,44,7.4,14.314,0,14.965,0.376,14.965,-0.376,0,0,0,0
45,46,403,FTO45,APO,R-10C2,45,45,7.4,14.314,0,14.965,0.376,14.965,-0.376,0,0,0,0
46,47,676,FTO46,APO,R-10C3,46,46,7.4,14.314,0,14.965,0.376,14.965,-0.376,0,0,0,0
47,49,802,FTO47,APO,R-10C5,47,47,7.4,14.314,0,14.965,0.376,14.965,-0.376,0,0,0,0
48,50,1046,FTO48,APO,R-10C6,48,48,7.4,14.314,0,14.965,0.376,14.965,-0.376,0,0,0,0
49,52,937,FTO49,APO,R-10C8,49,49,7.4,14.314,0,14.965,0.376,14.965,-0.376,0,0,0,0
50,53,738,FTO50,APO,R-10C9,50,50,7.4,14.314,0,14.965,0.376,14.965,-0.376,0,0,0,0
51,54,1168,FTO51,APO,R-10C10,51,51,7.4,14.314,0,14.965,0.376,14.965,-0.376,0,0,0,0
52,56,981,FTO52,APO,R-10C12,52,52,7.4,14.314,0,14.965,0.376,14.965,-0.376,0,0,0,0
53,57,688,FTO53,APO,R-10C13,53,53,7.4,14.314,0,14.965,0.376,14.965,-0.376,0,0,0,0
54,59,322,FTO54,APO,R-10C15,54,54,7.4,14.314,0,14.965,0.376,14.965,-0.376,0,0,0,0
55,60,296,FTO55,APO,R-10C16,55,55,7.4,14.314,0,14.965,0.376,14.965,-0.376,0,0,0,0
56,61,805,FTO56,APO,R-10C17,56,56,7.4,14.314,0,14.965,0.376,14.965,-0.376,0,0,0,0
57,62,695,FTO57,APO,R-9C1,57,57,7.4,14.314,0,14.965,0.376,14.965,-0.376,0,0,0,0
58,63,1174,FTO58,APO,R-9C2,58,58,7.4,14.314,0,14.965,0.376,14.965,-0.376,0,0,0,0
59,64,838,FTO59,APO,R-9C3,59,59,7.4,14.314,0,14.965,0.376,14.965,-0.376,0,0,0,0
60,65,651,FTO60,APO,R-9C4,60,60,7.4,14.314,0,14.965,0.376,14.965,-0.376,0,0,0,0
61,66,903,FTO61,APO,R-9C5,61,61,7.4,14.314,0,14.965,0.376,14.965,-0.376,0,0,0,0
62,67,626,FTO62,APO,R-9C6,62,62,7.4,14.314,0,14.965,0.376,14.965,-0.376,0,0,0,0
63,68,1125,FTO63,APO,R-9C7,63,63,7.4,14.314,0,14.965,0.376,14.965,-0.376,0,0,0,0
64,69,1035,FTO64,APO,R-9C8,64,64,7.4,14.314,0,14.965,0.376,14.965,-0.376,0,0,0,0
65,70,891,FTO65,APO,R-9C9,65,65,7.4,14.314,0,14.965,0.376,14.965,-0.376,0,0,0,0
66,71,886,FTO66,APO,R-9C10,66,66,7.4,14.314,0,14.965,0.376,14.965,-0.376,0,0,0,0
67,72,781,FTO67,APO,R-9C11,67,67,7.4,14.314,0,14.965,0.376,14.965,-0.376,0,0,0,0
68,73,982,FTO68,APO,R-9C12,68,68,7.4,14.314,0,14.965,0.376,14.965,-0.376,0,0,0,0
69,74,697,FTO69,APO,R-9C13,69,69,7.4,14.314,0,14.965,0.376,14.965,-0.376,0,0,0,0
70,75,826,FTO70,APO,R-9C14,70,70,7.4,14.314,0,14.965,0.376,14.965,-0.376,0,0,0,0
71,76,267,FTO71,APO,R-9C15,71,71,7.4,14.314,0,14.965,0.376,14.965,-0.376,0,0,0,0
72,77,898,FTO72,APO,R-9C16,72,72,7.4,14.314,0,14.965,0.376,14.965,-0.376,0,0,0,0
73,78,613,FTO73,APO,R-9C17,73,73,7.4,14.314,0,14.965,0.376,14.965,-0.376,0,0,0,0
74,79,784,FTO74,APO,R-9C18,74,74,7.4,14.314,0,14.965,0.376,14.965,-0.376,0,0,0,0
75,80,1203,FTO75,APO,R-8C1,75,75,7.4,14.314,0,14.965,0.376,14.965,-0.376,0,0,0,0
76,81,1149,FTO76,APO,R-8C2,76,76,7.4,14.314,0,14.965,0.376,14.965,-0.376,0,0,0,0
77,82,404,FTO77,APO,R-8C3,77,77,7.4,14.314,0,14.965,0.376,14.965,-0.376,0,0,0,0
78,83,1084,FTO78,APO,R-8C4,78,78,7.4,14.314,0,14.965,0.376,14.965,-0.376,0,0,0,0
79,84,797,FTO79,APO,R-8C5,79,79,7.4,14.314,0,14.965,0.376,14.965,-0.376,0,0,0,0
80,85,975,FTO80,APO,R-8C6,80,80,7.4,14.314,0,14.965,0.376,14.965,-0.376,0,0,0,0
81,86,689,FTO81,APO,R-8C7,81,81,7.4,14.314,0,14.965,0.376,14.965,-0.376,0,0,0,0
82,87,855,FTO82,APO,R-8C8,82,82,7.4,14.314,0,14.965,0.376,14.965,-0.376,0,0,0,0
83,88,1137,FTO83,APO,R-8C9,83,83,7.4,14.314,0,14.965,0.376,14.965,-0.376,0,0,0,0
84,90,671,FTO84,APO,R-8C11,84,84,7.4,14.314,0,14.965,0.376,14.965,-0.376,0,0,0,0
85,91,1024,FTO85,APO,R-8C12,85,85,7.4,14.314,0,14.965,0.376,14.965,-0.376,0,0,0,0
86,92,844,FTO86,APO,R-8C13,86,86,7.4,14.314,0,14.965,0.376,14.965,-0.376,0,0,0,0
87,93,924,FTO87,APO,R-8C14,87,87,7.4,14.314,0,14.965,0.376,14.965,-0.376,0,0,0,0
88,94,230,FTO88,APO,R-8C15,88,88,7.4,14.314,0,14.965,0.376,14.965,-0.376,0,0,0,0
89,95,673,FTO89,APO,R-8C16,89,89,7.4,14.314,0,14.965,0.376,14.965,-0.376,0,0,0,0
90,96,971,FTO90,APO,R-8C17,90,90,7.4,14.314,0,14.965,0.376,14.965,-0.376,0,0,0,0
91,97,382,FTO91,APO,R-8C18,91,91,7.4,14.314,0,14.965,0.376,14.965,-0.376,0,0,0,0
92,98,830,FTO92,APO,R-8C19,92,92,7.4,14.314,0,14.965,0.376,14.965,-0.376,0,0,0,0
93,99,1053,FTO93,APO,R-7C1,93,93,7.4,14.314,0,14.965,0.376,14.965,-0.376,0,0,0,0
94,100,1124,FTO94,APO,R-7C2,94,94,7.4,14.314,0,14.965,0.376,14.965,-0.376,0,0,0,0
95,101,647,FTO95,APO,R-7C3,95,95,7.4,14.314,0,14.965,0.376,14.965,-0.376,0,0,0,0
96,103,1065,FTO96,APO,R-7C5,96,96,7.4,14.314,0,14.965,0.376,14.965,-0.376,0,0,0,0
97,104,1082,FTO97,APO,R-7C6,97,97,7.4,14.314,0,14.965,0.376,14.965,-0.376,0,0,0,0
98,105,1081,FTO98,APO,R-7C7,98,98,7.4,14.314,0,14.965,0.376,14.965,-0.376,0,0,0,0
99,106,906,FTO99,APO,R-7C8,99,99,7.4,14.314,0,14.965,0.376,14.965,-0.376,0,0,0,0
100,107,868,FTO100,APO,R-7C9,100,100,7.4,14.314,0,14.965,0.376,14.965,-0.376,0,0,0,0
101,108,1074,FTO101,APO,R-7C10,101,101,7.4,14.314,0,14.965,0.376,14.965,-0.376,0,0,0,0
102,109,1152,FTO102,APO,R-7C11,102,102,7.4,14.314,0,14.965,0.376,14.965,-0.376,0,0,0,0
103,110,931,FTO103,APO,R-7C12,103,103,7.4,14.314,0,14.965,0.376,14.965,-0.376,0,0,0,0
104,111,992,FTO104,APO,R-7C13,104,104,7.4,14.314,0,14.965,0.376,14.965,-0.376,0,0,0,0
105,112,16,FTO105,APO,R-7C14,105,105,7.4,14.314,0,14.965,0.376,14.965,-0.376,0,0,0,0
106,113,204,FTO106,APO,R-7C15,106,106,7.4,14.314,0,14.965,0.376,14.965,-0.376,0,0,0,0
107,114,333,FTO107,APO,R-7C16,107,107,7.4,14.314,0,14.965,0.376,14.965,-0.376,0,0,0,0
108,116,1007,FTO108,APO,R-7C18,108,108,7.4,14.314,0,14.965,0.376,14.965,-0.376,0,0,0,0
109,117,1223,FTO109,APO,R-7C19,109,109,7.4,14.314,0,14.965,0.376,14.965,-0.376,0,0,0,0
110,118,910,FTO110,APO,R-7C20,110,110,7.4,14.314,0,14.965,0.376,14.965,-0.376,0,0,0,0
111,119,410,FTO111,APO,R-6C1,111,111,7.4,14.314,0,14.965,0.376,14.965,-0.376,0,0,0,0
112,121,525,FTO112,APO,R-6C3,112,112,7.4,14.314,0,14.965,0.376,14.965,-0.376,0,0,0,0
113,122,1014,FTO113,APO,R-6C4,113,113,7.4,14.314,0,14.965,0.376,14.965,-0.376,0,0,0,0
114,123,1166,FTO114,APO,R-6C5,114,114,7.4,14.314,0,14.965,0.376,14.965,-0.376,0,0,0,0
115,124,642,FTO115,APO,R-6C6,115,115,7.4,14.314,0,14.965,0.376,14.965,-0.376,0,0,0,0
116,125,833,FTO116,APO,R-6C7,116,116,7.4,14.314,0,14.965,0.376,14.965,-0.376,0,0,0,0
117,127,824,FTO117,APO,R-6C9,117,117,7.4,14.314,0,14.965,0.376,14.965,-0.376,0,0,0,0
118,128,847,FTO118,APO,R-6C10,118,118,7.4,14.314,0,14.965,0.376,14.965,-0.376,0,0,0,0
119,129,1098,FTO119,APO,R-6C11,119,119,7.4,14.314,0,14.965,0.376,14.965,-0.376,0,0,0,0
120,130,1163,FTO120,APO,R-6C12,120,120,7.4,14.314,0,14.965,0.376,14.965,-0.376,0,0,0,0
121,131,1157,FTO121,APO,R-6C13,121,121,7.4,14.314,0,14.965,0.376,14.965,-0.376,0,0,0,0
122,133,571,FTO122,APO,R-6C15,122,122,7.4,14.314,0,14.965,0.376,14.965,-0.376,0,0,0,0
123,134,213,FTO123,APO,R-6C16,123,123,7.4,14.314,0,14.965,0.376,14.965,-0.376,0,0,0,0
124,135,1216,FTO124,APO,R-6C17,124,124,7.4,14.314,0,14.965,0.376,14.965,-0.376,0,0,0,0
125,136,41,FTO125,APO,R-6C18,125,125,7.4,14.314,0,14.965,0.376,14.965,-0.376,0,0,0,0
126,137,383,FTO126,APO,R-6C19,126,126,7.4,14.314,0,14.965,0.376,14.965,-0.376,0,0,0,0
127,139,493,FTO127,APO,R-6C21,127,127,7.4,14.314,0,14.965,0.376,14.965,-0.376,0,0,0,0
128,140,712,FTO128,APO,R-5C1,128,128,7.4,14.314,0,14.965,0.376,14.965,-0.376,0,0,0,0
129,141,1273,FTO129,APO,R-5C2,129,129,7.4,14.314,0,14.965,0.376,14.965,-0.376,0,0,0,0
130,142,591,FTO130,APO,R-5C3,130,130,7.4,14.314,0,14.965,0.376,14.965,-0.376,0,0,0,0
131,143,938,FTO131,APO,R-5C4,131,131,7.4,14.314,0,14.965,0.376,14.965,-0.376,0,0,0,0
132,144,1122,FTO132,APO,R-5C5,132,132,7.4,14.314,0,14.965,0.376,14.965,-0.376,0,0,0,0
133,145,955,FTO133,APO,R-5C6,133,133,7.4,14.314,0,14.965,0.376,14.965,-0.376,0,0,0,0
134,146,636,FTO134,APO,R-5C7,134,134,7.4,14.314,0,14.965,0.376,14.965,-0.376,0,0,0,0
135,147,634,FTO135,APO,R-5C8,135,135,7.4,14.314,0,14.965,0.376,14.965,-0.376,0,0,0,0
136,148,670,FTO136,APO,R-5C9,136,136,7.4,14.314,0,14.965,0.376,14.965,-0.376,0,0,0,0
137,149,885,FTO137,APO,R-5C10,137,137,7.4,14.314,0,14.965,0.376,14.965,-0.376,0,0,0,0
138,150,942,FTO138,APO,R-5C11,138,138,7.4,14.314,0,14.965,0.376,14.965,-0.376,0,0,0,0
139,151,1095,FTO139,APO,R-5C12,139,139,7.4,14.314,0,14.965,0.376,14.965,-0.376,0,0,0,0
140,152,1270,FTO140,APO,R-5C13,140,140,7.4,14.314,0,14.965,0.376,14.965,-0.376,0,0,0,0
141,153,313,FTO141,APO,R-5C14,141,141,7.4,14.314,0,14.965,0.376,14.965,-0.376,0,0,0,0
142,154,391,FTO142,APO,R-5C15,142,142,7.4,14.314,0,14.965,0.376,14.965,-0.376,0,0,0,0
143,155,1222,FTO143,APO,R-5C16,143,143,7.4,14.314,0,14.965,0.376,14.965,-0.376,0,0,0,0
144,156,40,FTO144,APO,R-5C17,144,144,7.4,14.314,0,14.965,0.376,14.965,-0.376,0,0,0,0
145,157,598,FTO145,APO,R-5C18,145,145,7.4,14.314,0,14.965,0.376,14.965,-0.376,0,0,0,0
146,158,782,FTO146,APO,R-5C19,146,146,7.4,14.314,0,14.965,0.376,14.965,-0.376,0,0,0,0
147,159,1230,FTO147,APO,R-5C20,147,147,7.4,14.314,0,14.965,0.376,14.965,-0.376,0,0,0,0
148,160,1030,FTO148,APO,R-5C21,148,148,7.4,14.314,0,14.965,0.376,14.965,-0.376,0,0,0,0
149,161,905,FTO149,APO,R-5C22,149,149,7.4,14.314,0,14.965,0.376,14.965,-0.376,0,0,0,0
150,162,1018,FTO150,APO,R-4C1,150,150,7.4,14.314,0,14.965,0.376,14.965,-0.376,0,0,0,0
151,163,722,FTO151,APO,R-4C2,151,151,7.4,14.314,0,14.965,0.376,14.965,-0.376,0,0,0,0
152,164,1142,FTO152,APO,R-4C3,152,152,7.4,14.314,0,14.965,0.376,14.965,-0.376,0,0,0,0
153,165,914,FTO153,APO,R-4C4,153,153,7.4,14.314,0,14.965,0.376,14.965,-0.376,0,0,0,0
154,166,1139,FTO154,APO,R-4C5,154,154,7.4,14.314,0,14.965,0.376,14.965,-0.376,0,0,0,0
155,168,960,FTO155,APO,R-4C7,155,155,7.4,14.314,0,14.965,0.376,14.965,-0.376,0,0,0,0
156,169,958,FTO156,APO,R-4C8,156,156,7.4,14.314,0,14.965,0.376,14.965,-0.376,0,0,0,0
157,170,679,FTO157,APO,R-4C9,157,157,7.4,14.314,0,14.965,0.376,14.965,-0.376,0,0,0,0
158,171,761,FTO158,APO,R-4C10,158,158,7.4,14.314,0,14.965,0.376,14.965,-0.376,0,0,0,0
159,172,757,FTO159,APO,R-4C11,159,159,7.4,14.314,0,14.965,0.376,14.965,-0.376,0,0,0,0
160,173,933,FTO160,APO,R-4C12,160,160,7.4,14.314,0,14.965,0.376,14.965,-0.376,0,0,0,0
161,174,893,FTO161,APO,R-4C13,161,161,7.4,14.314,0,14.965,0.376,14.965,-0.376,0,0,0,0
162,175,1285,FTO162,APO,R-4C14,162,162,7.4,14.314,0,14.965,0.376,14.965,-0.376,0,0,0,0
163,176,1367,FTO163,APO,R-4C15,163,163,7.4,14.314,0,14.965,0.376,14.965,-0.376,0,0,0,0
164,177,1138,FTO164,APO,R-4C16,164,164,7.4,14.314,0,14.965,0.376,14.965,-0.376,0,0,0,0
165,178,316,FTO165,APO,R-4C17,165,165,7.4,14.314,0,14.965,0.376,14.965,-0.376,0,0,0,0
166,180,557,FTO166,APO,R-4C19,166,166,7.4,14.314,0,14.965,0.376,14.965,-0.376,0,0,0,0
167,181,380,FTO167,APO,R-4C20,167,167,7.4,14.314,0,14.965,0.376,14.965,-0.376,0,0,0,0
168,182,1267,FTO168,APO,R-4C21,168,168,7.4,14.314,0,14.965,0.376,14.965,-0.376,0,0,0,0
169,183,393,FTO169,APO,R-4C22,169,169,7.4,14.314,0,14.965,0.376,14.965,-0.376,0,0,0,0
170,184,872,FTO170,APO,R-4C23,170,170,7.4,14.314,0,14.965,0.376,14.965,-0.376,0,0,0,0
171,185,962,FTO171,APO,R-3C1,171,171,7.4,14.314,0,14.965,0.376,14.965,-0.376,0,0,0,0
172,186,1209,FTO172,APO,R-3C2,172,172,7.4,14.314,0,14.965,0.376,14.965,-0.376,0,0,0,0
173,187,880,FTO173,APO,R-3C3,173,173,7.4,14.314,0,14.965,0.376,14.965,-0.376,0,0,0,0
174,189,904,FTO174,APO,R-3C5,174,174,7.4,14.314,0,14.965,0.376,14.965,-0.376,0,0,0,0
175,190,1015,FTO175,APO,R-3C6,175,175,7.4,14.314,0,14.965,0.376,14.965,-0.376,0,0,0,0
176,191,997,FTO176,APO,R-3C7,176,176,7.4,14.314,0,14.965,0.376,14.965,-0.376,0,0,0,0
177,192,396,FTO177,APO,R-3C8,177,177,7.4,14.314,0,14.965,0.376,14.965,-0.376,0,0,0,0
178,193,691,FTO178,APO,R-3C9,178,178,7.4,14.314,0,14.965,0.376,14.965,-0.376,0,0,0,0
179,194,733,FTO179,APO,R-3C10,179,179,7.4,14.314,0,14.965,0.376,14.965,-0.376,0,0,0,0
180,195,736,FTO180,APO,R-3C11,180,180,7.4,14.314,0,14.965,0.376,14.965,-0.376,0,0,0,0
181,196,1164,FTO181,APO,R-3C12,181,181,7.4,14.314,0,14.965,0.376,14.965,-0.376,0,0,0,0
182,197,1089,FTO182,APO,R-3C13,182,182,7.4,14.314,0,14.965,0.376,14.965,-0.376,0,0,0,0
183,198,1159,FTO183,APO,R-3C14,183,183,7.4,14.314,0,14.965,0.376,14.965,-0.376,0,0,0,0
184,199,1305,FTO184,APO,R-3C15,184,184,7.4,14.314,0,14.965,0.376,14.965,-0.376,0,0,0,0
185,200,593,FTO185,APO,R-3C16,185,185,7.4,14.314,0,14.965,0.376,14.965,-0.376,0,0,0,0
186,201,1301,FTO186,APO,R-3C17,186,186,7.4,14.314,0,14.965,0.376,14.965,-0.376,0,0,0,0
187,202,863,FTO187,APO,R-3C18,187,187,7.4,14.314,0,14.965,0.376,14.965,-0.376,0,0,0,0
188,203,608,FTO188,APO,R-3C19,188,188,7.4,14.314,0,14.965,0.376,14.965,-0.376,0,0,0,0
189,204,511,FTO189,APO,R-3C20,189,189,7.4,14.314,0,14.965,0.376,14.965,-0.376,0,0,0,0
190,206,192,FTO190,APO,R-3C22,190,190,7.4,14.314,0,14.965,0.376,14.965,-0.376,0,0,0,0
191,207,1220,FTO191,APO,R-3C23,191,191,7.4,14.314,0,14.965,0.376,14.965,-0.376,0,0,0,0
192,208,572,FTO192,APO,R-3C24,192,192,7.4,14.314,0,14.965,0.376,14.965,-0.376,0,0,0,0
193,209,1161,FTO193,APO,R-2C1,193,193,7.4,14.314,0,14.965,0.376,14.965,-0.376,0,0,0,0
194,210,1255,FTO194,APO,R-2C2,194,194,7.4,14.314,0,14.965,0.376,14.965,-0.376,0,0,0,0
195,211,1091,FTO195,APO,R-2C3,195,195,7.4,14.314,0,14.965,0.376,14.965,-0.376,0,0,0,0
196,212,1061,FTO196,APO,R-2C4,196,196,7.4,14.314,0,14.965,0.376,14.965,-0.376,0,0,0,0
197,213,1155,FTO197,APO,R-2C5,197,197,7.4,14.314,0,14.965,0.376,14.965,-0.376,0,0,0,0
198,214,1109,FTO198,APO,R-2C6,198,198,7.4,14.314,0,14.965,0.376,14.965,-0.376,0,0,0,0
199,215,1154,FTO199,APO,R-2C7,199,199,7.4,14.314,0,14.965,0.376,14.965,-0.376,0,0,0,0
200,216,1134,FTO200,APO,R-2C8,200,200,7.4,14.314,0,14.965,0.376,14.965,-0.376,0,0,0,0
201,217,436,FTO201,APO,R-2C9,201,201,7.4,14.314,0,14.965,0.376,14.965,-0.376,0,0,0,0
202,219,597,FTO202,APO,R-2C11,202,202,7.4,14.314,0,14.965,0.376,14.965,-0.376,0,0,0,0
203,221,1176,FTO203,APO,R-2C13,203,203,7.4,14.314,0,14.965,0.376,14.965,-0.376,0,0,0,0
204,223,1195,FTO204,APO,R-2C15,204,204,7.4,14.314,0,14.965,0.376,14.965,-0.376,0,0,0,0
205,225,1329,FTO205,APO,R-2C17,205,205,7.4,14.314,0,14.965,0.376,14.965,-0.376,0,0,0,0
206,226,1198,FTO206,APO,R-2C18,206,206,7.4,14.314,0,14.965,0.376,14.965,-0.376,0,0,0,0
207,227,52,FTO207,APO,R-2C19,207,207,7.4,14.314,0,14.965,0.376,14.965,-0.376,0,0,0,0
208,228,160,FTO208,APO,R-2C20,208,208,7.4,14.314,0,14.965,0.376,14.965,-0.376,0,0,0,0
209,229,1370,FTO209,APO,R-2C21,209,209,7.4,14.314,0,14.965,0.376,14.965,-0.376,0,0,0,0
210,230,199,FTO210,APO,R-2C22,210,210,7.4,14.314,0,14.965,0.376,14.965,-0.376,0,0,0,0
211,231,194,FTO211,APO,R-2C23,211,211,7.4,14.314,0,14.965,0.376,14.965,-0.376,0,0,0,0
212,232,388,FTO212,APO,R-2C24,212,212,7.4,14.314,0,14.965,0.376,14.965,-0.376,0,0,0,0
213,233,562,FTO213,APO,R-2C25,213,213,7.4,14.314,0,14.965,0.376,14.965,-0.376,0,0,0,0
214,234,1278,FTO214,APO,R-1C1,214,214,7.4,14.314,0,14.965,0.376,14.965,-0.376,0,0,0,0
215,235,717,FTO215,APO,R-1C2,215,215,7.4,14.314,0,14.965,0.376,14.965,-0.376,0,0,0,0
216,236,432,FTO216,APO,R-1C3,216,216,7.4,14.314,0,14.965,0.376,14.965,-0.376,0,0,0,0
217,237,563,FTO217,APO,R-1C4,217,217,7.4,14.314,0,14.965,0.376,14.965,-0.376,0,0,0,0
218,238,1276,FTO218,APO,R-1C5,218,218,7.4,14.314,0,14.965,0.376,14.965,-0.376,0,0,0,0
219,239,759,FTO219,APO,R-1C6,219,219,7.4,14.314,0,14.965,0.376,14.965,-0.376,0,0,0,0
220,240,702,FTO220,APO,R-1C7,220,220,7.4,14.314,0,14.965,0.376,14.965,-0.376,0,0,0,0
221,241,628,FTO221,APO,R-1C8,221,221,7.4,14.314,0,14.965,0.376,14.965,-0.376,0,0,0,0
222,242,1033,FTO222,APO,R-1C9,222,222,7.4,14.314,0,14.965,0.376,14.965,-0.376,0,0,0,0
223,243,929,FTO223,APO,R-1C10,223,223,7.4,14.314,0,14.965,0.376,14.965,-0.376,0,0,0,0
224,244,1039,FTO224,APO,R-1C11,224,224,7.4,14.314,0,14.965,0.376,14.965,-0.376,0,0,0,0
225,245,808,FTO225,APO,R-1C12,225,225,7.4,14.314,0,14.965,0.376,14.965,-0.376,0,0,0,0
226,246,503,FTO226,APO,R-1C13,226,226,7.4,14.314,0,14.965,0.376,14.965,-0.376,0,0,0,0
227,247,264,FTO227,APO,R-1C14,227,227,7.4,14.314,0,14.965,0.376,14.965,-0.376,0,0,0,0
228,248,1177,FTO228,APO,R-1C15,228,228,7.4,14.314,0,14.965,0.376,14.965,-0.376,0,0,0,0
229,249,462,FTO229,APO,R-1C16,229,229,7.4,14.314,0,14.965,0.376,14.965,-0.376,0,0,0,0
230,250,405,FTO230,APO,R-1C17,230,230,7.4,14.314,0,14.965,0.376,14.965,-0.376,0,0,0,0
231,251,548,FTO231,APO,R-1C18,231,231,7.4,14.314,0,14.965,0.376,14.965,-0.376,0,0,0,0
232,252,544,FTO232,APO,R-1C19,232,232,7.4,14.314,0,14.965,0.376,14.965,-0.376,0,0,0,0
233,253,343,FTO233,APO,R-1C20,233,233,7.4,14.314,0,14.965,0.376,14.965,-0.376,0,0,0,0
234,254,1218,FTO234,APO,R-1C21,234,234,7.4,14.314,0,14.965,0.376,14.965,-0.376,0,0,0,0
235,255,1252,FTO235,APO,R-1C22,235,235,7.4,14.314,0,14.965,0.376,14.965,-0.376,0,0,0,0
236,256,229,FTO236,APO,R-1C23,236,236,7.4,14.314,0,14.965,0.376,14.965,-0.376,0,0,0,0
237,257,268,FTO237,APO,R-1C24,237,237,7.4,14.314,0,14.965,0.376,14.965,-0.376,0,0,0,0
238,258,793,FTO238,APO,R-1C25,238,238,7.4,14.314,0,14.965,0.376,14.965,-0.376,0,0,0,0
239,259,718,FTO239,APO,R-1C26,239,239,7.4,14.314,0,14.965,0.376,14.965,-0.376,0,0,0,0
240,260,1045,FTO240,APO,R0C1,240,240,7.4,14.314,0,14.965,0.376,14.965,-0.376,0,0,0,0
241,261,1002,FTO241,APO,R0C2,241,241,7.4,14.314,0,14.965,0.376,14.965,-0.376,0,0,0,0
242,262,767,FTO242,APO,R0C3,242,242,7.4,14.314,0,14.965,0.376,14.965,-0.376,0,0,0,0
243,264,750,FTO243,APO,R0C5,243,243,7.4,14.314,0,14.965,0.376,14.965,-0.376,0,0,0,0
244,265,550,FTO244,APO,R0C6,244,244,7.4,14.314,0,14.965,0.376,14.965,-0.376,0,0,0,0
245,266,546,FTO245,APO,R0C7,245,245,7.4,14.314,0,14.965,0.376,14.965,-0.376,0,0,0,0
246,268,1201,FTO246,APO,R0C9,246,246,7.4,14.314,0,14.965,0.376,14.965,-0.376,0,0,0,0
247,269,1076,FTO247,APO,R0C10,247,247,7.4,14.314,0,14.965,0.376,14.965,-0.376,0,0,0,0
248,270,846,FTO248,APO,R0C11,248,248,7.4,14.314,0,14.965,0.376,14.965,-0.376,0,0,0,0
249,272,859,FTO249,APO,R0C13,249,249,7.4,14.314,0,14.965,0.376,14.965,-0.376,0,0,0,0
250,274,249,FTO250,APO,R0C15,250,250,7.4,14.314,0,14.965,0.376,14.965,-0.376,0,0,0,0
251,276,288,FTO251,APO,R0C17,251,251,7.4,14.314,0,14.965,0.376,14.965,-0.376,0,0,0,0
252,277,610,FTO252,APO,R0C18,252,252,7.4,14.314,0,14.965,0.376,14.965,-0.376,0,0,0,0
253,278,778,FTO253,APO,R0C19,253,253,7.4,14.314,0,14.965,0.376,14.965,-0.376,0,0,0,0
254,280,302,FTO254,APO,R0C21,254,254,7.4,14.314,0,14.965,0.376,14.965,-0.376,0,0,0,0
255,281,200,FTO255,APO,R0C22,255,255,7.4,14.314,0,14.965,0.376,14.965,-0.376,0,0,0,0
256,282,715,FTO256,APO,R0C23,256,256,7.4,14.314,0,14.965,0.376,14.965,-0.376,0,0,0,0
257,284,660,FTO257,APO,R0C25,257,257,7.4,14.314,0,14.965,0.376,14.965,-0.376,0,0,0,0
258,285,193,FTO258,APO,R0C26,258,258,7.4,14.314,0,14.965,0.376,14.965,-0.376,0,0,0,0
259,286,170,FTO259,APO,R0C27,259,259,7.4,14.314,0,14.965,0.376,14.965,-0.376,0,0,0,0
260,287,409,FTO260,APO,R+13C1,260,260,7.4,14.314,0,14.965,0.376,14.965,-0.376,0,0,0,0
261,288,554,FTO261,APO,R+13C2,261,261,7.4,14.314,0,14.965,0.376,14.965,-0.376,0,0,0,0
262,289,475,FTO262,APO,R+13C3,262,262,7.4,14.314,0,14.965,0.376,14.965,-0.376,0,0,0,0
263,290,703,FTO263,APO,R+13C4,263,263,7.4,14.314,0,14.965,0.376,14.965,-0.376,0,0,0,0
264,291,818,FTO264,APO,R+13C5,264,264,7.4,14.314,0,14.965,0.376,14.965,-0.376,0,0,0,0
265,292,586,FTO265,APO,R+13C6,265,265,7.4,14.314,0,14.965,0.376,14.965,-0.376,0,0,0,0
266,293,615,FTO266,APO,R+13C7,266,266,7.4,14.314,0,14.965,0.376,14.965,-0.376,0,0,0,0
267,294,675,FTO267,APO,R+13C8,267,267,7.4,14.314,0,14.965,0.376,14.965,-0.376,0,0,0,0
268,295,623,FTO268,APO,R+13C9,268,268,7.4,14.314,0,14.965,0.376,14.965,-0.376,0,0,0,0
269,296,577,FTO269,APO,R+13C10,269,269,7.4,14.314,0,14.965,0.376,14.965,-0.376,0,0,0,0
270,297,579,FTO270,APO,R+13C11,270,270,7.4,14.314,0,14.965,0.376,14.965,-0.376,0,0,0,0
271,298,698,FTO271,APO,R+13C12,271,271,7.4,14.314,0,14.965,0.376,14.965,-0.376,0,0,0,0
272,299,501,FTO272,APO,R+13C13,272,272,7.4,14.314,0,14.965,0.376,14.965,-0.376,0,0,0,0
273,300,463,FTO273,APO,R+13C14,273,273,7.4,14.314,0,14.965,0.376,14.965,-0.376,0,0,0,0
274,301,437,FTO274,APO,R+12C1,274,274,7.4,14.314,0,14.965,0.376,14.965,-0.376,0,0,0,0
275,302,455,FTO275,APO,R+12C2,275,275,7.4,14.314,0,14.965,0.376,14.965,-0.376,0,0,0,0
276,303,1274,FTO276,APO,R+12C3,276,276,7.4,14.314,0,14.965,0.376,14.965,-0.376,0,0,0,0
277,304,1005,FTO277,APO,R+12C4,277,277,7.4,14.314,0,14.965,0.376,14.965,-0.376,0,0,0,0
278,305,973,FTO278,APO,R+12C5,278,278,7.4,14.314,0,14.965,0.376,14.965,-0.376,0,0,0,0
279,306,1003,FTO279,APO,R+12C6,279,279,7.4,14.314,0,14.965,0.376,14.965,-0.376,0,0,0,0
280,307,991,FTO280,APO,R+12C7,280,280,7.4,14.314,0,14.965,0.376,14.965,-0.376,0,0,0,0
281,309,1023,FTO281,APO,R+12C9,281,281,7.4,14.314,0,14.965,0.376,14.965,-0.376,0,0,0,0
282,310,1044,FTO282,APO,R+12C10,282,282,7.4,14.314,0,14.965,0.376,14.965,-0.376,0,0,0,0
283,311,1092,FTO283,APO,R+12C11,283,283,7.4,14.314,0,14.965,0.376,14.965,-0.376,0,0,0,0
284,312,1052,FTO284,APO,R+12C12,284,284,7.4,14.314,0,14.965,0.376,14.965,-0.376,0,0,0,0
285,313,614,FTO285,APO,R+12C13,285,285,7.4,14.314,0,14.965,0.376,14.965,-0.376,0,0,0,0
286,314,460,FTO286,APO,R+12C14,286,286,7.4,14.314,0,14.965,0.376,14.965,-0.376,0,0,0,0
287,315,508,FTO287,APO,R+12C15,287,287,7.4,14.314,0,14.965,0.376,14.965,-0.376,0,0,0,0
288,316,635,FTO288,APO,R+11C1,288,288,7.4,14.314,0,14.965,0.376,14.965,-0.376,0,0,0,0
289,317,483,FTO289,APO,R+11C2,289,289,7.4,14.314,0,14.965,0.376,14.965,-0.376,0,0,0,0
290,318,668,FTO290,APO,R+11C3,290,290,7.4,14.314,0,14.965,0.376,14.965,-0.376,0,0,0,0
291,319,1013,FTO291,APO,R+11C4,291,291,7.4,14.314,0,14.965,0.376,14.965,-0.376,0,0,0,0
292,320,909,FTO292,APO,R+11C5,292,292,7.4,14.314,0,14.965,0.376,14.965,-0.376,0,0,0,0
293,321,616,FTO293,APO,R+11C6,293,293,7.4,14.314,0,14.965,0.376,14.965,-0.376,0,0,0,0
294,322,596,FTO294,APO,R+11C7,294,294,7.4,14.314,0,14.965,0.376,14.965,-0.376,0,0,0,0
295,323,576,FTO295,APO,R+11C8,295,295,7.4,14.314,0,14.965,0.376,14.965,-0.376,0,0,0,0
296,324,584,FTO296,APO,R+11C9,296,296,7.4,14.314,0,14.965,0.376,14.965,-0.376,0,0,0,0
297,325,595,FTO297,APO,R+11C10,297,297,7.4,14.314,0,14.965,0.376,14.965,-0.376,0,0,0,0
298,326,652,FTO298,APO,R+11C11,298,298,7.4,14.314,0,14.965,0.376,14.965,-0.376,0,0,0,0
299,327,966,FTO299,APO,R+11C12,299,299,7.4,14.314,0,14.965,0.376,14.965,-0.376,0,0,0,0
300,328,646,FTO300,APO,R+11C13,300,300,7.4,14.314,0,14.965,0.376,14.965,-0.376,0,0,0,0
301,329,1113,FTO301,APO,R+11C14,301,301,7.4,14.314,0,14.965,0.376,14.965,-0.376,0,0,0,0
302,330,894,FTO302,APO,R+11C15,302,302,7.4,14.314,0,14.965,0.376,14.965,-0.376,0,0,0,0
303,331,38,FTO303,APO,R+11C16,303,303,7.4,14.314,0,14.965,0.376,14.965,-0.376,0,0,0,0
304,332,521,FTO304,APO,R+10C1,304,304,7.4,14.314,0,14.965,0.376,14.965,-0.376,0,0,0,0
305,333,701,FTO305,APO,R+10C2,305,305,7.4,14.314,0,14.965,0.376,14.965,-0.376,0,0,0,0
306,334,581,FTO306,APO,R+10C3,306,306,7.4,14.314,0,14.965,0.376,14.965,-0.376,0,0,0,0
307,336,1038,FTO307,APO,R+10C5,307,307,7.4,14.314,0,14.965,0.376,14.965,-0.376,0,0,0,0
308,337,755,FTO308,APO,R+10C6,308,308,7.4,14.314,0,14.965,0.376,14.965,-0.376,0,0,0,0
309,339,507,FTO309,APO,R+10C8,309,309,7.4,14.314,0,14.965,0.376,14.965,-0.376,0,0,0,0
310,340,513,FTO310,APO,R+10C9,310,310,7.4,14.314,0,14.965,0.376,14.965,-0.376,0,0,0,0
311,341,786,FTO311,APO,R+10C10,311,311,7.4,14.314,0,14.965,0.376,14.965,-0.376,0,0,0,0
312,343,667,FTO312,APO,R+10C12,312,312,7.4,14.314,0,14.965,0.376,14.965,-0.376,0,0,0,0
313,344,813,FTO313,APO,R+10C13,313,313,7.4,14.314,0,14.965,0.376,14.965,-0.376,0,0,0,0
314,346,837,FTO314,APO,R+10C15,314,314,7.4,14.314,0,14.965,0.376,14.965,-0.376,0,0,0,0
315,347,989,FTO315,APO,R+10C16,315,315,7.4,14.314,0,14.965,0.376,14.965,-0.376,0,0,0,0
316,348,1371,FTO316,APO,R+10C17,316,316,7.4,14.314,0,14.965,0.376,14.965,-0.376,0,0,0,0
317,349,656,FTO317,APO,R+9C1,317,317,7.4,14.314,0,14.965,0.376,14.965,-0.376,0,0,0,0
318,350,683,FTO318,APO,R+9C2,318,318,7.4,14.314,0,14.965,0.376,14.965,-0.376,0,0,0,0
319,351,889,FTO319,APO,R+9C3,319,319,7.4,14.314,0,14.965,0.376,14.965,-0.376,0,0,0,0
320,352,441,FTO320,APO,R+9C4,320,320,7.4,14.314,0,14.965,0.376,14.965,-0.376,0,0,0,0
321,353,947,FTO321,APO,R+9C5,321,321,7.4,14.314,0,14.965,0.376,14.965,-0.376,0,0,0,0
322,354,617,FTO322,APO,R+9C6,322,322,7.4,14.314,0,14.965,0.376,14.965,-0.376,0,0,0,0
323,355,785,FTO323,APO,R+9C7,323,323,7.4,14.314,0,14.965,0.376,14.965,-0.376,0,0,0,0
324,356,504,FTO324,APO,R+9C8,324,324,7.4,14.314,0,14.965,0.376,14.965,-0.376,0,0,0,0
325,357,692,FTO325,APO,R+9C9,325,325,7.4,14.314,0,14.965,0.376,14.965,-0.376,0,0,0,0
326,358,696,FTO326,APO,R+9C10,326,326,7.4,14.314,0,14.965,0.376,14.965,-0.376,0,0,0,0
327,359,831,FTO327,APO,R+9C11,327,327,7.4,14.314,0,14.965,0.376,14.965,-0.376,0,0,0,0
328,360,630,FTO328,APO,R+9C12,328,328,7.4,14.314,0,14.965,0.376,14.965,-0.376,0,0,0,0
329,361,812,FTO329,APO,R+9C13,329,329,7.4,14.314,0,14.965,0.376,14.965,-0.376,0,0,0,0
330,362,1048,FTO330,APO,R+9C14,330,330,7.4,14.314,0,14.965,0.376,14.965,-0.376,0,0,0,0
331,363,827,FTO331,APO,R+9C15,331,331,7.4,14.314,0,14.965,0.376,14.965,-0.376,0,0,0,0
332,364,450,FTO332,APO,R+9C16,332,332,7.4,14.314,0,14.965,0.376,14.965,-0.376,0,0,0,0
333,365,775,FTO333,APO,R+9C17,333,333,7.4,14.314,0,14.965,0.376,14.965,-0.376,0,0,0,0
334,366,1016,FTO334,APO,R+9C18,334,334,7.4,14.314,0,14.965,0.376,14.965,-0.376,0,0,0,0
335,367,514,FTO335,APO,R+8C1,335,335,7.4,14.314,0,14.965,0.376,14.965,-0.376,0,0,0,0
336,368,565,FTO336,APO,R+8C2,336,336,7.4,14.314,0,14.965,0.376,14.965,-0.376,0,0,0,0
337,369,963,FTO337,APO,R+8C3,337,337,7.4,14.314,0,14.965,0.376,14.965,-0.376,0,0,0,0
338,370,713,FTO338,APO,R+8C4,338,338,7.4,14.314,0,14.965,0.376,14.965,-0.376,0,0,0,0
339,371,482,FTO339,APO,R+8C5,339,339,7.4,14.314,0,14.965,0.376,14.965,-0.376,0,0,0,0
340,372,849,FTO340,APO,R+8C6,340,340,7.4,14.314,0,14.965,0.376,14.965,-0.376,0,0,0,0
341,373,452,FTO341,APO,R+8C7,341,341,7.4,14.314,0,14.965,0.376,14.965,-0.376,0,0,0,0
342,374,640,FTO342,APO,R+8C8,342,342,7.4,14.314,0,14.965,0.376,14.965,-0.376,0,0,0,0
343,375,588,FTO343,APO,R+8C9,343,343,7.4,14.314,0,14.965,0.376,14.965,-0.376,0,0,0,0
344,377,638,FTO344,APO,R+8C11,344,344,7.4,14.314,0,14.965,0.376,14.965,-0.376,0,0,0,0
345,378,662,FTO345,APO,R+8C12,345,345,7.4,14.314,0,14.965,0.376,14.965,-0.376,0,0,0,0
346,379,520,FTO346,APO,R+8C13,346,346,7.4,14.314,0,14.965,0.376,14.965,-0.376,0,0,0,0
347,380,1000,FTO347,APO,R+8C14,347,347,7.4,14.314,0,14.965,0.376,14.965,-0.376,0,0,0,0
348,381,742,FTO348,APO,R+8C15,348,348,7.4,14.314,0,14.965,0.376,14.965,-0.376,0,0,0,0
349,382,435,FTO349,APO,R+8C16,349,349,7.4,14.314,0,14.965,0.376,14.965,-0.376,0,0,0,0
350,383,545,FTO350,APO,R+8C17,350,350,7.4,14.314,0,14.965,0.376,14.965,-0.376,0,0,0,0
351,384,375,FTO351,APO,R+8C18,351,351,7.4,14.314,0,14.965,0.376,14.965,-0.376,0,0,0,0
352,385,1300,FTO352,APO,R+8C19,352,352,7.4,14.314,0,14.965,0.376,14.965,-0.376,0,0,0,0
353,386,1264,FTO353,APO,R+7C1,353,353,7.4,14.314,0,14.965,0.376,14.965,-0.376,0,0,0,0
354,387,512,FTO354,APO,R+7C2,354,354,7.4,14.314,0,14.965,0.376,14.965,-0.376,0,0,0,0
355,388,979,FTO355,APO,R+7C3,355,355,7.4,14.314,0,14.965,0.376,14.965,-0.376,0,0,0,0
356,390,709,FTO356,APO,R+7C5,356,356,7.4,14.314,0,14.965,0.376,14.965,-0.376,0,0,0,0
357,391,1021,FTO357,APO,R+7C6,357,357,7.4,14.314,0,14.965,0.376,14.965,-0.376,0,0,0,0
358,392,1262,FTO358,APO,R+7C7,358,358,7.4,14.314,0,14.965,0.376,14.965,-0.376,0,0,0,0
359,393,753,FTO359,APO,R+7C8,359,359,7.4,14.314,0,14.965,0.376,14.965,-0.376,0,0,0,0
360,394,415,FTO360,APO,R+7C9,360,360,7.4,14.314,0,14.965,0.376,14.965,-0.376,0,0,0,0
361,395,606,FTO361,APO,R+7C10,361,361,7.4,14.314,0,14.965,0.376,14.965,-0.376,0,0,0,0
362,396,687,FTO362,APO,R+7C11,362,362,7.4,14.314,0,14.965,0.376,14.965,-0.376,0,0,0,0
363,397,822,FTO363,APO,R+7C12,363,363,7.4,14.314,0,14.965,0.376,14.965,-0.376,0,0,0,0
364,398,466,FTO364,APO,R+7C13,364,364,7.4,14.314,0,14.965,0.376,14.965,-0.376,0,0,0,0
365,399,665,FTO365,APO,R+7C14,365,365,7.4,14.314,0,14.965,0.376,14.965,-0.376,0,0,0,0
366,400,752,FTO366,APO,R+7C15,366,366,7.4,14.314,0,14.965,0.376,14.965,-0.376,0,0,0,0
367,401,434,FTO367,APO,R+7C16,367,367,7.4,14.314,0,14.965,0.376,14.965,-0.376,0,0,0,0
368,403,852,FTO368,APO,R+7C18,368,368,7.4,14.314,0,14.965,0.376,14.965,-0.376,0,0,0,0
369,404,63,FTO369,APO,R+7C19,369,369,7.4,14.314,0,14.965,0.376,14.965,-0.376,0,0,0,0
370,405,840,FTO370,APO,R+7C20,370,370,7.4,14.314,0,14.965,0.376,14.965,-0.376,0,0,0,0
371,406,669,FTO371,APO,R+6C1,371,371,7.4,14.314,0,14.965,0.376,14.965,-0.376,0,0,0,0
372,408,1028,FTO372,APO,R+6C3,372,372,7.4,14.314,0,14.965,0.376,14.965,-0.376,0,0,0,0
373,409,1126,FTO373,APO,R+6C4,373,373,7.4,14.314,0,14.965,0.376,14.965,-0.376,0,0,0,0
374,410,1050,FTO374,APO,R+6C5,374,374,7.4,14.314,0,14.965,0.376,14.965,-0.376,0,0,0,0
375,411,1070,FTO375,APO,R+6C6,375,375,7.4,14.314,0,14.965,0.376,14.965,-0.376,0,0,0,0
376,412,1043,FTO376,APO,R+6C7,376,376,7.4,14.314,0,14.965,0.376,14.965,-0.376,0,0,0,0
377,414,625,FTO377,APO,R+6C9,377,377,7.4,14.314,0,14.965,0.376,14.965,-0.376,0,0,0,0
378,415,1037,FTO378,APO,R+6C10,378,378,7.4,14.314,0,14.965,0.376,14.965,-0.376,0,0,0,0
379,416,619,FTO379,APO,R+6C11,379,379,7.4,14.314,0,14.965,0.376,14.965,-0.376,0,0,0,0
380,417,604,FTO380,APO,R+6C12,380,380,7.4,14.314,0,14.965,0.376,14.965,-0.376,0,0,0,0
381,418,710,FTO381,APO,R+6C13,381,381,7.4,14.314,0,14.965,0.376,14.965,-0.376,0,0,0,0
382,420,530,FTO382,APO,R+6C15,382,382,7.4,14.314,0,14.965,0.376,14.965,-0.376,0,0,0,0
383,421,603,FTO383,APO,R+6C16,383,383,7.4,14.314,0,14.965,0.376,14.965,-0.376,0,0,0,0
384,422,681,FTO384,APO,R+6C17,384,384,7.4,14.314,0,14.965,0.376,14.965,-0.376,0,0,0,0
385,423,398,FTO385,APO,R+6C18,385,385,7.4,14.314,0,14.965,0.376,14.965,-0.376,0,0,0,0
386,424,832,FTO386,APO,R+6C19,386,386,7.4,14.314,0,14.965,0.376,14.965,-0.376,0,0,0,0
387,426,51,FTO387,APO,R+6C21,387,387,7.4,14.314,0,14.965,0.376,14.965,-0.376,0,0,0,0
388,427,839,FTO388,APO,R+5C1,388,388,7.4,14.314,0,14.965,0.376,14.965,-0.376,0,0,0,0
389,428,648,FTO389,APO,R+5C2,389,389,7.4,14.314,0,14.965,0.376,14.965,-0.376,0,0,0,0
390,429,422,FTO390,APO,R+5C3,390,390,7.4,14.314,0,14.965,0.376,14.965,-0.376,0,0,0,0
391,430,599,FTO391,APO,R+5C4,391,391,7.4,14.314,0,14.965,0.376,14.965,-0.376,0,0,0,0
392,431,878,FTO392,APO,R+5C5,392,392,7.4,14.314,0,14.965,0.376,14.965,-0.376,0,0,0,0
393,432,500,FTO393,APO,R+5C6,393,393,7.4,14.314,0,14.965,0.376,14.965,-0.376,0,0,0,0
394,433,1171,FTO394,APO,R+5C7,394,394,7.4,14.314,0,14.965,0.376,14.965,-0.376,0,0,0,0
395,434,600,FTO395,APO,R+5C8,395,395,7.4,14.314,0,14.965,0.376,14.965,-0.376,0,0,0,0
396,435,1287,FTO396,APO,R+5C9,396,396,7.4,14.314,0,14.965,0.376,14.965,-0.376,0,0,0,0
397,436,1040,FTO397,APO,R+5C10,397,397,7.4,14.314,0,14.965,0.376,14.965,-0.376,0,0,0,0
398,437,800,FTO398,APO,R+5C11,398,398,7.4,14.314,0,14.965,0.376,14.965,-0.376,0,0,0,0
399,438,814,FTO399,APO,R+5C12,399,399,7.4,14.314,0,14.965,0.376,14.965,-0.376,0,0,0,0
400,439,664,FTO400,APO,R+5C13,400,400,7.4,14.314,0,14.965,0.376,14.965,-0.376,0,0,0,0
401,440,678,FTO401,APO,R+5C14,401,401,7.4,14.314,0,14.965,0.376,14.965,-0.376,0,0,0,0
402,441,861,FTO402,APO,R+5C15,402,402,7.4,14.314,0,14.965,0.376,14.965,-0.376,0,0,0,0
403,442,426,FTO403,APO,R+5C16,403,403,7.4,14.314,0,14.965,0.376,14.965,-0.376,0,0,0,0
404,443,804,FTO404,APO,R+5C17,404,404,7.4,14.314,0,14.965,0.376,14.965,-0.376,0,0,0,0
405,444,940,FTO405,APO,R+5C18,405,405,7.4,14.314,0,14.965,0.376,14.965,-0.376,0,0,0,0
406,445,871,FTO406,APO,R+5C19,406,406,7.4,14.314,0,14.965,0.376,14.965,-0.376,0,0,0,0
407,446,721,FTO407,APO,R+5C20,407,407,7.4,14.314,0,14.965,0.376,14.965,-0.376,0,0,0,0
408,447,190,FTO408,APO,R+5C21,408,408,7.4,14.314,0,14.965,0.376,14.965,-0.376,0,0,0,0
409,448,228,FTO409,APO,R+5C22,409,409,7.4,14.314,0,14.965,0.376,14.965,-0.376,0,0,0,0
410,449,809,FTO410,APO,R+4C1,410,410,7.4,14.314,0,14.965,0.376,14.965,-0.376,0,0,0,0
411,450,654,FTO411,APO,R+4C2,411,411,7.4,14.314,0,14.965,0.376,14.965,-0.376,0,0,0,0
412,451,926,FTO412,APO,R+4C3,412,412,7.4,14.314,0,14.965,0.376,14.965,-0.376,0,0,0,0
413,452,1020,FTO413,APO,R+4C4,413,413,7.4,14.314,0,14.965,0.376,14.965,-0.376,0,0,0,0
414,453,875,FTO414,APO,R+4C5,414,414,7.4,14.314,0,14.965,0.376,14.965,-0.376,0,0,0,0
415,455,585,FTO415,APO,R+4C7,415,415,7.4,14.314,0,14.965,0.376,14.965,-0.376,0,0,0,0
416,456,555,FTO416,APO,R+4C8,416,416,7.4,14.314,0,14.965,0.376,14.965,-0.376,0,0,0,0
417,457,495,FTO417,APO,R+4C9,417,417,7.4,14.314,0,14.965,0.376,14.965,-0.376,0,0,0,0
418,458,1094,FTO418,APO,R+4C10,418,418,7.4,14.314,0,14.965,0.376,14.965,-0.376,0,0,0,0
419,459,536,FTO419,APO,R+4C11,419,419,7.4,14.314,0,14.965,0.376,14.965,-0.376,0,0,0,0
420,460,693,FTO420,APO,R+4C12,420,420,7.4,14.314,0,14.965,0.376,14.965,-0.376,0,0,0,0
421,461,499,FTO421,APO,R+4C13,421,421,7.4,14.314,0,14.965,0.376,14.965,-0.376,0,0,0,0
422,462,816,FTO422,APO,R+4C14,422,422,7.4,14.314,0,14.965,0.376,14.965,-0.376,0,0,0,0
423,463,954,FTO423,APO,R+4C15,423,423,7.4,14.314,0,14.965,0.376,14.965,-0.376,0,0,0,0
424,464,943,FTO424,APO,R+4C16,424,424,7.4,14.314,0,14.965,0.376,14.965,-0.376,0,0,0,0
425,465,474,FTO425,APO,R+4C17,425,425,7.4,14.314,0,14.965,0.376,14.965,-0.376,0,0,0,0
426,467,729,FTO426,APO,R+4C19,426,426,7.4,14.314,0,14.965,0.376,14.965,-0.376,0,0,0,0
427,468,469,FTO427,APO,R+4C20,427,427,7.4,14.314,0,14.965,0.376,14.965,-0.376,0,0,0,0
428,469,716,FTO428,APO,R+4C21,428,428,7.4,14.314,0,14.965,0.376,14.965,-0.376,0,0,0,0
429,470,1208,FTO429,APO,R+4C22,429,429,7.4,14.314,0,14.965,0.376,14.965,-0.376,0,0,0,0
430,471,344,FTO430,APO,R+4C23,430,430,7.4,14.314,0,14.965,0.376,14.965,-0.376,0,0,0,0
431,472,486,FTO431,APO,R+3C1,431,431,7.4,14.314,0,14.965,0.376,14.965,-0.376,0,0,0,0
432,473,956,FTO432,APO,R+3C2,432,432,7.4,14.314,0,14.965,0.376,14.965,-0.376,0,0,0,0
433,474,580,FTO433,APO,R+3C3,433,433,7.4,14.314,0,14.965,0.376,14.965,-0.376,0,0,0,0
434,476,890,FTO434,APO,R+3C5,434,434,7.4,14.314,0,14.965,0.376,14.965,-0.376,0,0,0,0
435,477,1062,FTO435,APO,R+3C6,435,435,7.4,14.314,0,14.965,0.376,14.965,-0.376,0,0,0,0
436,478,995,FTO436,APO,R+3C7,436,436,7.4,14.314,0,14.965,0.376,14.965,-0.376,0,0,0,0
437,479,766,FTO437,APO,R+3C8,437,437,7.4,14.314,0,14.965,0.376,14.965,-0.376,0,0,0,0
438,480,537,FTO438,APO,R+3C9,438,438,7.4,14.314,0,14.965,0.376,14.965,-0.376,0,0,0,0
439,481,575,FTO439,APO,R+3C10,439,439,7.4,14.314,0,14.965,0.376,14.965,-0.376,0,0,0,0
440,482,1146,FTO440,APO,R+3C11,440,440,7.4,14.314,0,14.965,0.376,14.965,-0.376,0,0,0,0
441,483,732,FTO441,APO,R+3C12,441,441,7.4,14.314,0,14.965,0.376,14.965,-0.376,0,0,0,0
442,484,659,FTO442,APO,R+3C13,442,442,7.4,14.314,0,14.965,0.376,14.965,-0.376,0,0,0,0
443,485,877,FTO443,APO,R+3C14,443,443,7.4,14.314,0,14.965,0.376,14.965,-0.376,0,0,0,0
444,486,870,FTO444,APO,R+3C15,444,444,7.4,14.314,0,14.965,0.376,14.965,-0.376,0,0,0,0
445,487,762,FTO445,APO,R+3C16,445,445,7.4,14.314,0,14.965,0.376,14.965,-0.376,0,0,0,0
446,488,765,FTO446,APO,R+3C17,446,446,7.4,14.314,0,14.965,0.376,14.965,-0.376,0,0,0,0
447,489,768,FTO447,APO,R+3C18,447,447,7.4,14.314,0,14.965,0.376,14.965,-0.376,0,0,0,0
448,490,791,FTO448,APO,R+3C19,448,448,7.4,14.314,0,14.965,0.376,14.965,-0.376,0,0,0,0
449,491,779,FTO449,APO,R+3C20,449,449,7.4,14.314,0,14.965,0.376,14.965,-0.376,0,0,0,0
450,493,921,FTO450,APO,R+3C22,450,450,7.4,14.314,0,14.965,0.376,14.965,-0.376,0,0,0,0
451,494,372,FTO451,APO,R+3C23,451,451,7.4,14.314,0,14.965,0.376,14.965,-0.376,0,0,0,0
452,495,417,FTO452,APO,R+3C24,452,452,7.4,14.314,0,14.965,0.376,14.965,-0.376,0,0,0,0
453,496,674,FTO453,APO,R+2C1,453,453,7.4,14.314,0,14.965,0.376,14.965,-0.376,0,0,0,0
454,497,968,FTO454,APO,R+2C2,454,454,7.4,14.314,0,14.965,0.376,14.965,-0.376,0,0,0,0
455,498,506,FTO455,APO,R+2C3,455,455,7.4,14.314,0,14.965,0.376,14.965,-0.376,0,0,0,0
456,499,1012,FTO456,APO,R+2C4,456,456,7.4,14.314,0,14.965,0.376,14.965,-0.376,0,0,0,0
457,500,644,FTO457,APO,R+2C5,457,457,7.4,14.314,0,14.965,0.376,14.965,-0.376,0,0,0,0
458,501,994,FTO458,APO,R+2C6,458,458,7.4,14.314,0,14.965,0.376,14.965,-0.376,0,0,0,0
459,502,1006,FTO459,APO,R+2C7,459,459,7.4,14.314,0,14.965,0.376,14.965,-0.376,0,0,0,0
460,503,985,FTO460,APO,R+2C8,460,460,7.4,14.314,0,14.965,0.376,14.965,-0.376,0,0,0,0
461,504,1144,FTO461,APO,R+2C9,461,461,7.4,14.314,0,14.965,0.376,14.965,-0.376,0,0,0,0
462,506,988,FTO462,APO,R+2C11,462,462,7.4,14.314,0,14.965,0.376,14.965,-0.376,0,0,0,0
463,508,965,FTO463,APO,R+2C13,463,463,7.4,14.314,0,14.965,0.376,14.965,-0.376,0,0,0,0
464,510,936,FTO464,APO,R+2C15,464,464,7.4,14.314,0,14.965,0.376,14.965,-0.376,0,0,0,0
465,512,760,FTO465,APO,R+2C17,465,465,7.4,14.314,0,14.965,0.376,14.965,-0.376,0,0,0,0
466,513,912,FTO466,APO,R+2C18,466,466,7.4,14.314,0,14.965,0.376,14.965,-0.376,0,0,0,0
467,514,418,FTO467,APO,R+2C19,467,467,7.4,14.314,0,14.965,0.376,14.965,-0.376,0,0,0,0
468,515,714,FTO468,APO,R+2C20,468,468,7.4,14.314,0,14.965,0.376,14.965,-0.376,0,0,0,0
469,516,719,FTO469,APO,R+2C21,469,469,7.4,14.314,0,14.965,0.376,14.965,-0.376,0,0,0,0
470,517,828,FTO470,APO,R+2C22,470,470,7.4,14.314,0,14.965,0.376,14.965,-0.376,0,0,0,0
471,518,948,FTO471,APO,R+2C23,471,471,7.4,14.314,0,14.965,0.376,14.965,-0.376,0,0,0,0
472,519,1266,FTO472,APO,R+2C24,472,472,7.4,14.314,0,14.965,0.376,14.965,-0.376,0,0,0,0
473,520,825,FTO473,APO,R+2C25,473,473,7.4,14.314,0,14.965,0.376,14.965,-0.376,0,0,0,0
474,521,776,FTO474,APO,R+1C1,474,474,7.4,14.314,0,14.965,0.376,14.965,-0.376,0,0,0,0
475,522,789,FTO475,APO,R+1C2,475,475,7.4,14.314,0,14.965,0.376,14.965,-0.376,0,0,0,0
476,523,402,FTO476,APO,R+1C3,476,476,7.4,14.314,0,14.965,0.376,14.965,-0.376,0,0,0,0
477,524,707,FTO477,APO,R+1C4,477,477,7.4,14.314,0,14.965,0.376,14.965,-0.376,0,0,0,0
478,525,488,FTO478,APO,R+1C5,478,478,7.4,14.314,0,14.965,0.376,14.965,-0.376,0,0,0,0
479,526,730,FTO479,APO,R+1C6,479,479,7.4,14.314,0,14.965,0.376,14.965,-0.376,0,0,0,0
480,527,605,FTO480,APO,R+1C7,480,480,7.4,14.314,0,14.965,0.376,14.965,-0.376,0,0,0,0
481,528,481,FTO481,APO,R+1C8,481,481,7.4,14.314,0,14.965,0.376,14.965,-0.376,0,0,0,0
482,529,964,FTO482,APO,R+1C9,482,482,7.4,14.314,0,14.965,0.376,14.965,-0.376,0,0,0,0
483,530,361,FTO483,APO,R+1C10,483,483,7.4,14.314,0,14.965,0.376,14.965,-0.376,0,0,0,0
484,531,901,FTO484,APO,R+1C11,484,484,7.4,14.314,0,14.965,0.376,14.965,-0.376,0,0,0,0
485,532,998,FTO485,APO,R+1C12,485,485,7.4,14.314,0,14.965,0.376,14.965,-0.376,0,0,0,0
486,533,489,FTO486,APO,R+1C13,486,486,7.4,14.314,0,14.965,0.376,14.965,-0.376,0,0,0,0
487,534,857,FTO487,APO,R+1C14,487,487,7.4,14.314,0,14.965,0.376,14.965,-0.376,0,0,0,0
488,535,1051,FTO488,APO,R+1C15,488,488,7.4,14.314,0,14.965,0.376,14.965,-0.376,0,0,0,0
489,536,1160,FTO489,APO,R+1C16,489,489,7.4,14.314,0,14.965,0.376,14.965,-0.376,0,0,0,0
490,537,932,FTO490,APO,R+1C17,490,490,7.4,14.314,0,14.965,0.376,14.965,-0.376,0,0,0,0
491,538,1049,FTO491,APO,R+1C18,491,491,7.4,14.314,0,14.965,0.376,14.965,-0.376,0,0,0,0
492,539,1019,FTO492,APO,R+1C19,492,492,7.4,14.314,0,14.965,0.376,14.965,-0.376,0,0,0,0
493,540,1017,FTO493,APO,R+1C20,493,493,7.4,14.314,0,14.965,0.376,14.965,-0.376,0,0,0,0
494,541,951,FTO494,APO,R+1C21,494,494,7.4,14.314,0,14.965,0.376,14.965,-0.376,0,0,0,0
495,542,949,FTO495,APO,R+1C22,495,495,7.4,14.314,0,14.965,0.376,14.965,-0.376,0,0,0,0
496,543,1334,FTO496,APO,R+1C23,496,496,7.4,14.314,0,14.965,0.376,14.965,-0.376,0,0,0,0
497,544,261,FTO497,APO,R+1C24,497,497,7.4,14.314,0,14.965,0.376,14.965,-0.376,0,0,0,0
498,545,231,FTO498,APO,R+1C25,498,498,7.4,14.314,0,14.965,0.376,14.965,-0.376,0,0,0,0
499,546,842,FTO499,APO,R+1C26,499,499,7.4,14.314,0,14.965,0.376,14.965,-0.376,0,0,0,0
