,site,holeID,id,xWok,yWok,zWok,col,row,xyVar
0,LCO,R+12C8,F201062,-0.31100671437679567,233.02089864649668,143.1,8.0,12.0,6.142462189185473e-05
1,LCO,R+10C14,F201410,112.16052725276117,194.1930054532828,143.1,14.0,10.0,2.521047608165109e-05
2,LCO,R+10C11,F201478,45.14239603764615,194.19692042070983,143.1,11.0,10.0,3.227906074025651e-05
3,LCO,R+10C7,F201476,-44.65015730899438,193.99004581116154,143.1,7.0,10.0,7.523861430892814e-05
4,LCO,R+10C4,F201063,-112.3654983880586,194.1323379067109,143.1,4.0,10.0,2.292248940203803e-05
5,LCO,R+8C10,F201484,-0.32052867868612883,155.1176294212447,143.1,10.0,8.0,8.449099270153297e-05
6,LCO,R+7C17,F201409,145.27259124792147,136.23920180780985,143.1,17.0,7.0,3.908283476619848e-05
7,LCO,R+7C4,F201477,-145.72048794984033,135.8538575873079,143.1,4.0,7.0,2.55643468299874e-05
8,LCO,R+6C2,F201073,-201.61415928987128,116.48465243468705,143.1,2.0,6.0,2.904546146227149e-05
9,LCO,R+6C8,F201074,-67.22720931176704,116.51104934417933,143.1,8.0,6.0,1.5674010434131667e-05
10,LCO,R+6C14,F201715,66.83867479751012,116.40302167462086,143.1,14.0,6.0,3.5608566740094926e-05
11,LCO,R+6C20,F201172,201.55322600892436,116.6017282098756,143.1,20.0,6.0,7.21522632126197e-05
12,LCO,R+4C18,F201150,134.84488936694007,77.71551549332136,143.1,18.0,4.0,2.9787168311409712e-05
13,LCO,R+4C6,F201166,-134.321594393749,77.5127892333011,143.1,6.0,4.0,1.0157044559236776e-05
14,LCO,R+3C4,F201164,-190.55097875003645,58.27140619875968,143.1,4.0,3.0,1.5154499039544893e-05
15,LCO,R+3C21,F201528,191.01199235294544,58.30378550819202,143.1,21.0,3.0,7.446014842745952e-05
16,LCO,R+2C14,F201078,22.160133826585973,39.04177076698547,143.1,14.0,2.0,3.47136807431517e-05
17,LCO,R+2C12,F201076,-22.681531389090836,38.98512486477768,143.1,12.0,2.0,4.512790411346251e-05
18,LCO,R0C4,F201754,-224.13582857546353,0.16470565389408318,143.1,4.0,0.0,1.8716169005801506e-05
19,LCO,R0C8,F201153,-133.9479401624606,-0.016212317075345088,143.1,8.0,0.0,1.5728242113469128e-05
20,LCO,R0C12,F201417,-44.55272222230741,-0.11780659810013765,143.1,12.0,0.0,1.967306835211051e-05
21,LCO,R0C16,F201413,45.4119187256771,0.27363592156759914,143.1,16.0,0.0,3.7613682720360525e-05
22,LCO,R0C20,F201774,134.3438915464839,0.03453222652610839,143.1,20.0,0.0,3.282320576974114e-05
23,LCO,R0C24,F201170,224.41161641624936,0.10360549509455728,143.1,24.0,0.0,5.77438320234325e-05
24,LCO,R-2C14,F201526,22.53570048747055,-38.92673262825539,143.1,14.0,-2.0,1.8485126617454314e-05
25,LCO,R-2C12,F201523,-21.95195548687967,-38.58841685123254,143.1,12.0,-2.0,1.5775730947210095e-05
26,LCO,R-3C4,F201701,-190.56328965967032,-58.029438826582606,143.1,4.0,-3.0,4.916644914876212e-05
27,LCO,R-3C21,F201146,190.9382812597219,-58.3807506930469,143.1,21.0,-3.0,3.314926524191123e-05
28,LCO,R-4C18,F201704,134.57182198118443,-77.74885371580481,143.1,18.0,-4.0,4.915298749714896e-05
29,LCO,R-4C6,F201746,-134.62075678422855,-77.72297530212182,143.1,6.0,-4.0,9.154604293637788e-05
30,LCO,R-6C2,F201708,-201.58204701740178,-116.3277199805574,143.1,2.0,-6.0,5.310626162358601e-05
31,LCO,R-6C8,F201745,-66.84297426348076,-116.56294293436801,143.1,8.0,-6.0,1.8547404621380587e-05
32,LCO,R-6C14,F201747,67.28280834146636,-116.77997024741846,143.1,14.0,-6.0,3.545954226546401e-05
33,LCO,R-6C20,F201703,202.30641895323225,-116.6536058272696,143.1,20.0,-6.0,3.949000751716074e-05
34,LCO,R-7C17,F201779,145.50815967363445,-136.03957116246593,143.1,17.0,-7.0,3.167781747998234e-05
35,LCO,R-7C4,F201406,-145.21937119703475,-135.8714750310422,143.1,4.0,-7.0,1.943895944481542e-05
36,LCO,R-8C10,F201776,-0.21615221280774227,-155.1838327316336,143.1,10.0,-8.0,4.175579136718114e-05
37,LCO,R-10C4,F201077,-111.39498465697751,-194.26034195918314,143.1,4.0,-10.0,8.61439875662764e-05
38,LCO,R-10C7,F201079,-44.47802596864912,-193.8687253319241,143.1,7.0,-10.0,7.337929765487422e-05
39,LCO,R-10C11,F201775,44.992661300302245,-194.05192281634856,143.1,11.0,-10.0,0.0001030509795381
40,LCO,R-10C14,F201778,112.25215195161418,-194.12972108881175,143.1,14.0,-10.0,0.000118207465265
41,LCO,R-12C8,F201075,0.05981205442604571,-232.65611759561781,143.1,8.0,-12.0,3.483630394195304e-05
42,LCO,F1,F201522,-323.96220990792403,0.1863265725800505,143.1,,,3.4963629167302564e-05
43,LCO,F4,F201061,-161.60427710004794,280.5717854324041,143.1,,,8.67069028330764e-05
44,LCO,F7,F201060,162.0884987385075,280.57422469465047,143.1,,,4.092677140339089e-05
45,LCO,F10,F201147,324.1327151944166,-0.10902311104586344,143.1,,,1.9740309208252512e-05
46,LCO,F13,F201525,161.96031707897572,-280.6925442776079,143.1,,,0.0001099351262409
47,LCO,F16,F201527,-162.0162900059126,-280.67139328173187,143.1,,,0.0002930210609008
48,LCO,F9,F1,311.6206107556934,83.56363075881359,143.1,,,5.861756957258633e-05
49,LCO,F8,F2,229.11918513073402,228.77465208417095,143.1,,,7.764832404876536e-05
50,LCO,F6,F3,83.68949131153391,312.73255374770923,143.1,,,7.205176790634954e-05
51,LCO,F5,F4,-83.74209018758606,312.28351588885005,143.1,,,0.0002111552693885
52,LCO,F3,F5,-229.3829691612783,228.60465239331597,143.1,,,9.200743134245287e-05
53,LCO,F2,F6,-312.3221627242898,83.73154710412992,143.1,,,7.577579380396187e-05
54,LCO,F18,F7,-312.301543735578,-84.02429324590484,143.1,,,9.033142563080008e-05
55,LCO,F17,F8,-228.83332502869098,-228.73521767858867,143.1,,,0.0001983818179428
56,LCO,F15,F9,-83.6580432063143,-312.6707504380469,143.1,,,0.0001065056083681
57,LCO,F14,F10,83.59217941084745,-312.5963384760243,143.1,,,0.0002138465606889
58,LCO,F12,F11,229.2900030420618,-229.1792059400455,143.1,,,3.1424044037192576e-05
59,LCO,F11,F12,312.69572072215345,-84.06664609364778,143.1,,,6.427935367064527e-06
