,site,holeID,positionerID,wokID,alphaArmLen,metX,metY,apX,apY,bossX,bossY,alphaOffset,betaOffset,dx,dy
0,LCO,R+10C1,1157,flatNominal,7.340779925716927,14.322122696509322,0.0,14.966607988204256,0.3764656495235511,14.9753802,-0.369213,0,0.2747294210708842,-0.0209943791972437,0.0030984880548368
1,LCO,R+10C10,41,flatNominal,7.329030923157696,14.250576523658657,0.0,14.966607988204256,0.3764656495235511,14.9753802,-0.369213,0,-0.2075977985276855,-0.0616701371253085,0.0178620543743429
2,LCO,R+10C12,817,flatNominal,7.305843019527371,14.233340349579716,0.0,14.966607988204256,0.3764656495235511,14.9753802,-0.369213,0,0.259289122175866,-0.0733959114575212,0.0835069769696777
3,LCO,R+10C13,494,flatNominal,7.3076124046964,14.24142346962618,0.0,14.966607988204256,0.3764656495235511,14.9753802,-0.369213,0,-0.0657951857940194,-0.0241391365961002,0.0175660895505173
4,LCO,R+10C15,1047,flatNominal,7.445292614743446,14.311599537803534,0.0,14.966607988204256,0.3764656495235511,14.9753802,-0.369213,0,0.143015923677822,-0.0364751545222627,-0.0170968134947189
5,LCO,R+10C16,810,flatNominal,7.406156213978158,14.36928000250813,0.0,14.966607988204256,0.3764656495235511,14.9753802,-0.369213,0,0.7364068623949671,0.0034708540460975,-0.0072562798900401
6,LCO,R+10C17,579,flatNominal,7.381673719902615,14.328006737978358,0.0,14.966607988204256,0.3764656495235511,14.9753802,-0.369213,0,0.0114565161670142,0.0234410361595155,0.0098015872576127
7,LCO,R+10C2,230,flatNominal,7.481882401432896,14.418860983503205,0.0,14.966607988204256,0.3764656495235511,14.9753802,-0.369213,0,0.0093862455884748,-0.0404116568978882,0.0208602142653036
8,LCO,R+10C3,616,flatNominal,7.430829277549693,14.297201966803454,0.0,14.966607988204256,0.3764656495235511,14.9753802,-0.369213,0,3.588634551693908,-0.0425017890740223,-0.0239390703008198
9,LCO,R+10C5,374,flatNominal,7.310463949470342,14.264086147537542,0.0,14.966607988204256,0.3764656495235511,14.9753802,-0.369213,0,-3.024785559255313,-0.0357445986624246,0.0038208461614514
10,LCO,R+10C6,405,flatNominal,7.42874773631129,14.375531426506493,0.0,14.966607988204256,0.3764656495235511,14.9753802,-0.369213,0,-0.1220993426299676,-0.0636762410497993,-0.0029365455009304
11,LCO,R+10C8,454,flatNominal,7.367315641624429,14.277747269490847,0.0,14.966607988204256,0.3764656495235511,14.9753802,-0.369213,0,-0.3126104679054099,-0.0387065966322333,0.0088436996463486
12,LCO,R+10C9,945,flatNominal,7.446352321738684,14.34136824686185,0.0,14.966607988204256,0.3764656495235511,14.9753802,-0.369213,0,0.0569144109403503,-0.0133570557817004,0.0188743292267753
13,LCO,R+11C1,591,flatNominal,7.290157990279503,14.220938155325063,0.0,14.966607988204256,0.3764656495235511,14.9753802,-0.369213,0,-0.3428040437019618,0.0198070609057755,0.0118720192216979
14,LCO,R+11C10,750,flatNominal,7.3165868168231825,14.30909848274809,0.0,14.966607988204256,0.3764656495235511,14.9753802,-0.369213,0,0.1533423368037722,-0.0477534708472431,-0.0132187080306713
15,LCO,R+11C11,1045,flatNominal,7.404487360884284,14.359489268130387,0.0,14.966607988204256,0.3764656495235511,14.9753802,-0.369213,0,0.0541234905529862,-0.0275632548329828,0.028470656518074
16,LCO,R+11C12,736,flatNominal,7.294258833122921,14.256762187541748,0.0,14.966607988204256,0.3764656495235511,14.9753802,-0.369213,0,1.566261408305477,-0.0340363524109281,0.0171636621986987
17,LCO,R+11C13,1297,flatNominal,7.3499948249434945,14.29564922282352,0.0,14.966607988204256,0.3764656495235511,14.9753802,-0.369213,0,0.222566734462852,-0.0172752467996524,0.0190642006138192
18,LCO,R+11C14,590,flatNominal,7.33262618974608,14.260359975548177,0.0,14.966607988204256,0.3764656495235511,14.9753802,-0.369213,0,0.1719025211809261,-0.0100243870515813,-0.0364599138629256
19,LCO,R+11C15,947,flatNominal,7.398528590868469,14.327889678086564,0.0,14.966607988204256,0.3764656495235511,14.9753802,-0.369213,0,-0.3366489640984436,0.0109366619230703,-0.0139663963860211
20,LCO,R+11C16,1233,flatNominal,7.363005798169178,14.311136099367197,0.0,14.966607988204256,0.3764656495235511,14.9753802,-0.369213,0,0.0242591952005722,0.0584373296363378,-0.0248357812365352
21,LCO,R+11C2,1074,flatNominal,7.247994143933274,14.233466674182536,0.0,14.966607988204256,0.3764656495235511,14.9753802,-0.369213,0,-0.238802923455062,-0.0084686596763127,-0.005363302849731
22,LCO,R+11C3,401,flatNominal,7.258800103760365,14.216742747503028,0.0,14.966607988204256,0.3764656495235511,14.9753802,-0.369213,0,1.7704072804267688,-0.0133871298492145,-0.040002098526042
23,LCO,R+11C4,1282,flatNominal,7.274414142710794,14.210779547736015,0.0,14.966607988204256,0.3764656495235511,14.9753802,-0.369213,0,-0.3181778611615197,-0.0529396236459693,-0.010593990711306
24,LCO,R+11C5,461,flatNominal,7.3976186074201,14.284756826818818,0.0,14.966607988204256,0.3764656495235511,14.9753802,-0.369213,0,-0.1450024803881104,-0.0589181018901406,-0.0053809068100018
25,LCO,R+11C6,890,flatNominal,7.336441374736668,14.22617865062399,0.0,14.966607988204256,0.3764656495235511,14.9753802,-0.369213,0,-0.0872304698861283,-0.0633881316765749,-0.0346148285724976
26,LCO,R+11C7,893,flatNominal,7.308315319296745,14.176041441871984,0.0,14.966607988204256,0.3764656495235511,14.9753802,-0.369213,0,0.6059197436952916,-0.0593896970542286,-0.023000915259488
27,LCO,R+11C8,294,flatNominal,7.328923281221882,14.28731072424898,0.0,14.966607988204256,0.3764656495235511,14.9753802,-0.369213,0,1.7911857959790909,-0.0470292294568113,-0.0210639829040284
28,LCO,R+11C9,462,flatNominal,7.554426957967194,14.456557084191749,0.0,14.966607988204256,0.3764656495235511,14.9753802,-0.369213,0,1.0936160473308978,-0.0234681136812683,0.001152178657551
29,LCO,R+12C1,183,flatNominal,7.39326784765616,14.313707296002988,0.0,14.966607988204256,0.3764656495235511,14.9753802,-0.369213,0,0.0356134361920606,0.0131302312032425,0.0256575227184543
30,LCO,R+12C10,982,flatNominal,7.331381106722395,14.266207729062224,0.0,14.966607988204256,0.3764656495235511,14.9753802,-0.369213,0,-1.169691782915148,-0.0151927948362179,0.0205430122059415
31,LCO,R+12C11,926,flatNominal,7.2189210508840125,14.161330638656786,0.0,14.966607988204256,0.3764656495235511,14.9753802,-0.369213,0,-0.8839228746912192,-0.0097417783541874,0.0170450237773082
32,LCO,R+12C12,1286,flatNominal,7.284058889196525,14.21131337991169,0.0,14.966607988204256,0.3764656495235511,14.9753802,-0.369213,0,-0.2796418750946342,-0.0181221525744588,-0.0112742882497557
33,LCO,R+12C13,708,flatNominal,7.488237207558554,14.429784504568762,0.0,14.966607988204256,0.3764656495235511,14.9753802,-0.369213,0,0.2293557758689191,-0.0026245312739224,-0.0136826524026413
34,LCO,R+12C14,1050,flatNominal,7.389451618505525,14.316078321839557,0.0,14.966607988204256,0.3764656495235511,14.9753802,-0.369213,0,1.7662090187486326,-0.0038618572440166,0.0176206512593005
35,LCO,R+12C15,662,flatNominal,7.396642184785977,14.359573828066898,0.0,14.966607988204256,0.3764656495235511,14.9753802,-0.369213,0,0.1473229202612244,0.0551328238468011,-0.0170458416454024
36,LCO,R+12C2,438,flatNominal,7.351942322054055,14.31562975051654,0.0,14.966607988204256,0.3764656495235511,14.9753802,-0.369213,0,1.3553145015946682,-0.0032012466776732,-0.0044671787041979
37,LCO,R+12C3,1361,flatNominal,7.412328056528461,14.337609444429663,0.0,14.966607988204256,0.3764656495235511,14.9753802,-0.369213,0,-0.3786076198186038,-0.0522580434896415,-0.0146691667670066
38,LCO,R+12C4,585,flatNominal,7.253448646639846,14.141146401283338,0.0,14.966607988204256,0.3764656495235511,14.9753802,-0.369213,0,-0.4076344898242687,-0.0470494863495478,-0.0250008517112387
39,LCO,R+12C5,1002,flatNominal,7.326411185611381,14.196688771738208,0.0,14.966607988204256,0.3764656495235511,14.9753802,-0.369213,0,0.5017146395496589,-0.0354047350699373,-0.007808390025242
40,LCO,R+12C6,861,flatNominal,7.335288228429619,14.297798059918197,0.0,14.966607988204256,0.3764656495235511,14.9753802,-0.369213,0,1.0355642190314884,-0.0433357780510879,-0.0009346516950995
41,LCO,R+12C7,521,flatNominal,7.434420634892598,14.329700411577273,0.0,14.966607988204256,0.3764656495235511,14.9753802,-0.369213,0,1.0180504797798229,-0.0505009302044222,0.0136070096678112
42,LCO,R+12C9,1007,flatNominal,7.337593748993946,14.280847310566958,0.0,14.966607988204256,0.3764656495235511,14.9753802,-0.369213,0,2.5032582395021734,-0.0233608329961096,0.0001357054825312
43,LCO,R+13C1,569,flatNominal,7.337110171136476,14.290749605783336,0.0,14.966607988204256,0.3764656495235511,14.9753802,-0.369213,0,0.0521165235654172,0.0198354426156715,0.0168307170292477
44,LCO,R+13C10,517,flatNominal,6.979474353237494,13.854831353295213,0.0,14.966607988204256,0.3764656495235511,14.9753802,-0.369213,0,-0.4945000682940249,-0.0375707362964867,0.0617813651313392
45,LCO,R+13C11,408,flatNominal,7.344142416113762,14.18028810815134,0.0,14.966607988204256,0.3764656495235511,14.9753802,-0.369213,0,0.6083539048947608,-0.0193179923985874,0.0432461924631758
46,LCO,R+13C12,442,flatNominal,7.3662503750728066,14.330276579524517,0.0,14.966607988204256,0.3764656495235511,14.9753802,-0.369213,0,0.0,0.0225081766762293,0.0579360468017106
47,LCO,R+13C13,1073,flatNominal,7.298534283811595,14.2435076224345,0.0,14.966607988204256,0.3764656495235511,14.9753802,-0.369213,0,0.1148736719168275,0.0463859640697678,0.0388904527228621
48,LCO,R+13C14,38,flatNominal,7.336778492490326,14.26450663347661,0.0,14.966607988204256,0.3764656495235511,14.9753802,-0.369213,0,0.3122650636594982,0.0188583711643108,-0.0049268870808414
49,LCO,R+13C2,1141,flatNominal,7.367567206563778,14.306508302826629,0.0,14.966607988204256,0.3764656495235511,14.9753802,-0.369213,0,0.4145616910909045,0.0297868633652443,-0.007016442349837
50,LCO,R+13C3,232,flatNominal,7.472234649974717,14.41986837554975,0.0,14.966607988204256,0.3764656495235511,14.9753802,-0.369213,0,2.0658062870388343,0.0054567573003345,0.0112402679231735
51,LCO,R+13C4,1294,flatNominal,7.387755139952125,14.331351404397395,0.0,14.966607988204256,0.3764656495235511,14.9753802,-0.369213,0,10.500027824694309,-0.0384459569121206,-0.0072334398983725
52,LCO,R+13C5,1236,flatNominal,7.267866229582932,14.2486144520462,0.0,14.966607988204256,0.3764656495235511,14.9753802,-0.369213,0,3.864865925671076,-0.0464638659491321,-0.0277423101013509
53,LCO,R+13C6,960,flatNominal,7.441888518401011,14.35014719866112,0.0,14.966607988204256,0.3764656495235511,14.9753802,-0.369213,0,0.3436041489046255,-0.0341770784250825,-0.0318011219084889
54,LCO,R+13C7,1223,flatNominal,7.330726833985919,14.28962596385373,0.0,14.966607988204256,0.3764656495235511,14.9753802,-0.369213,0,1.62211944357933,-0.0341035621633307,0.0302409732639073
55,LCO,R+13C8,1165,flatNominal,7.423646370932742,14.353038342773113,0.0,14.966607988204256,0.3764656495235511,14.9753802,-0.369213,0,0.051945535958848,-0.0246312779191106,0.0046143749725334
56,LCO,R+13C9,538,flatNominal,7.383833947723341,14.313711595204383,0.0,14.966607988204256,0.3764656495235511,14.9753802,-0.369213,0,0.0,-0.0649800431248412,0.0092867827090269
57,LCO,R+1C1,1199,flatNominal,7.28398059961951,14.223647187999267,0.0,14.966607988204256,0.3764656495235511,14.9753802,-0.369213,0,2.59355946995981,-0.0210617963447141,0.0401084283978165
58,LCO,R+1C10,391,flatNominal,7.439908465225637,14.382977163727787,0.0,14.966607988204256,0.3764656495235511,14.9753802,-0.369213,0,0.8760211157877951,-0.0303229621086963,-0.0432651946381325
59,LCO,R+1C11,1055,flatNominal,7.256500934618684,14.210265854654308,0.0,14.966607988204256,0.3764656495235511,14.9753802,-0.369213,0,-0.2500308422468138,0.003846127302274,-0.0627321574802378
60,LCO,R+1C12,4,flatNominal,7.365723953290108,14.282015883657442,0.0,14.966607988204256,0.3764656495235511,14.9753802,-0.369213,0,-0.9091355217182636,-0.0675433948304167,-0.0739951879941338
61,LCO,R+1C13,1307,flatNominal,7.36842473856762,14.323433663536166,0.0,14.966607988204256,0.3764656495235511,14.9753802,-0.369213,0,1.5205740421764335,0.0114135548599343,0.0254318241637334
62,LCO,R+1C14,520,flatNominal,7.536884864038049,14.413551295720584,0.0,14.966607988204256,0.3764656495235511,14.9753802,-0.369213,0,0.4754137766403897,0.0012135364385992,-0.0096162215411544
63,LCO,R+1C15,434,flatNominal,7.393910652021624,14.299856372268607,0.0,14.966607988204256,0.3764656495235511,14.9753802,-0.369213,0,0.1296840838380253,-0.0454406412057386,0.0776226120019827
64,LCO,R+1C16,1031,flatNominal,7.26118533004897,14.261458140716949,0.0,14.966607988204256,0.3764656495235511,14.9753802,-0.369213,0,-0.2688498705420073,-0.0381365897336147,-0.0775941292118078
65,LCO,R+1C17,1219,flatNominal,7.415245947759701,14.325221994479412,0.0,14.966607988204256,0.3764656495235511,14.9753802,-0.369213,0,0.1091126687060288,-0.0142052910901416,-0.0199662930320026
66,LCO,R+1C18,491,flatNominal,7.378556475837829,14.25170770153627,0.0,14.966607988204256,0.3764656495235511,14.9753802,-0.369213,0,-0.0728109153773863,-0.0308820217288528,-0.0424794108157585
67,LCO,R+1C19,949,flatNominal,7.381789056115002,14.2476849411483,0.0,14.966607988204256,0.3764656495235511,14.9753802,-0.369213,0,0.0208479838574789,-0.0531397935423603,-0.0206328904216526
68,LCO,R+1C2,625,flatNominal,7.349762445883444,14.283044526093333,0.0,14.966607988204256,0.3764656495235511,14.9753802,-0.369213,0,1.3985554464699568,-0.0255737164992337,-0.0415014918854165
69,LCO,R+1C20,570,flatNominal,7.3056585143738655,14.26204592100992,0.0,14.966607988204256,0.3764656495235511,14.9753802,-0.369213,0,3.108977766218793,-0.0374149276775513,0.0034420217076418
70,LCO,R+1C21,853,flatNominal,7.339672469226918,14.231999094170122,0.0,14.966607988204256,0.3764656495235511,14.9753802,-0.369213,0,0.2901612804679333,-0.0394927636312655,0.0142022605274948
71,LCO,R+1C22,502,flatNominal,7.416074008391728,14.348098497675888,0.0,14.966607988204256,0.3764656495235511,14.9753802,-0.369213,0,-0.0277120736902765,0.0229634913493836,0.039378343096009
72,LCO,R+1C23,909,flatNominal,7.430782726606703,14.33115626740194,0.0,14.966607988204256,0.3764656495235511,14.9753802,-0.369213,0,-0.0518058899354341,0.0146990401434584,0.0481834225032836
73,LCO,R+1C24,813,flatNominal,7.40160357664796,14.366771471430624,0.0,14.966607988204256,0.3764656495235511,14.9753802,-0.369213,0,2.1802637796995614,0.0243431949148084,0.1097971290157088
74,LCO,R+1C25,542,flatNominal,7.313264014292569,14.214819234663477,0.0,14.966607988204256,0.3764656495235511,14.9753802,-0.369213,0,1.9861680296140307,0.0266305629945637,-0.0208581526166496
75,LCO,R+1C26,111,flatNominal,7.359223590401001,14.340347150497928,0.0,14.966607988204256,0.3764656495235511,14.9753802,-0.369213,0,0.7791437664734612,0.0366564707686294,-0.0766877416901137
76,LCO,R+1C3,1220,flatNominal,7.405618802597937,14.374919374614064,0.0,14.966607988204256,0.3764656495235511,14.9753802,-0.369213,0,-0.0044245391992012,-0.0676005793599454,-0.0364562138901858
77,LCO,R+1C4,388,flatNominal,7.253245055039811,14.18149332346753,0.0,14.966607988204256,0.3764656495235511,14.9753802,-0.369213,0,0.9907673945530664,-0.0102933032945706,-0.0403045099613478
78,LCO,R+1C5,1293,flatNominal,7.364262683597244,14.295942471738048,0.0,14.966607988204256,0.3764656495235511,14.9753802,-0.369213,0,0.4647009329642858,-0.0498808088544218,-0.0448385622220822
79,LCO,R+1C6,1035,flatNominal,7.365033704387394,14.282061393589233,0.0,14.966607988204256,0.3764656495235511,14.9753802,-0.369213,0,0.125197699494065,-0.0104998030957099,-0.0887107532682542
80,LCO,R+1C7,933,flatNominal,7.317870875913595,14.242134756961706,0.0,14.966607988204256,0.3764656495235511,14.9753802,-0.369213,0,1.7058207960205896,-0.0613292244710416,-0.0080790283368965
81,LCO,R+1C8,745,flatNominal,7.249361175432051,14.27377016011165,0.0,14.966607988204256,0.3764656495235511,14.9753802,-0.369213,0,-0.1899054538271671,-0.0310560330864488,-0.0180488075575995
82,LCO,R+1C9,1188,flatNominal,7.403282272923517,14.340196169751888,0.0,14.966607988204256,0.3764656495235511,14.9753802,-0.369213,0,-0.2947674037174101,-0.0254540773050101,-0.0454526111176913
83,LCO,R+2C1,525,flatNominal,7.32650864035864,14.26829612882997,0.0,14.966607988204256,0.3764656495235511,14.9753802,-0.369213,0,-0.4315053888996278,-0.020727645341599,0.0021091548664261
84,LCO,R+2C11,85,flatNominal,7.395412092425005,14.276476674203211,0.0,14.966607988204256,0.3764656495235511,14.9753802,-0.369213,0,-0.0848416742700486,-0.0710652298835119,-0.0538759107364431
85,LCO,R+2C13,1310,flatNominal,7.369331068963728,14.29102421802038,0.0,14.966607988204256,0.3764656495235511,14.9753802,-0.369213,0,-4.738777280323107,-0.0824491372508774,-0.0142180851863395
86,LCO,R+2C15,1154,flatNominal,7.2713948615991795,14.224557995547244,0.0,14.966607988204256,0.3764656495235511,14.9753802,-0.369213,0,-0.0018545578791411,-0.032161252748969,-0.068434272607534
87,LCO,R+2C17,274,flatNominal,7.322642314063264,14.334699215460285,0.0,14.966607988204256,0.3764656495235511,14.9753802,-0.369213,0,0.8215731533067667,-0.0015787491635923,0.0581150263858869
88,LCO,R+2C18,884,flatNominal,7.469885127130114,14.306065424101345,0.0,14.966607988204256,0.3764656495235511,14.9753802,-0.369213,0,0.1925567325568384,0.0477087094342176,-0.0729476281058024
89,LCO,R+2C19,1128,flatNominal,7.369372254909146,14.325089838855371,0.0,14.966607988204256,0.3764656495235511,14.9753802,-0.369213,0,-0.0907284905161374,-0.0245202683039863,-0.0081321972680555
90,LCO,R+2C2,700,flatNominal,7.469281631029873,14.350107139832192,0.0,14.966607988204256,0.3764656495235511,14.9753802,-0.369213,0,-0.1087592209946115,-0.0017281726047705,-0.0145849306872882
91,LCO,R+2C20,231,flatNominal,7.402285099659157,14.305688008880765,0.0,14.966607988204256,0.3764656495235511,14.9753802,-0.369213,0,-0.0627956380104571,-0.002901907586339,0.0250700581908253
92,LCO,R+2C21,634,flatNominal,7.472833238705511,14.413787389735845,0.0,14.966607988204256,0.3764656495235511,14.9753802,-0.369213,0,0.3893054542513873,-0.0077369029385906,0.0023627078161099
93,LCO,R+2C22,1090,flatNominal,7.315729216174243,14.284526380344923,0.0,14.966607988204256,0.3764656495235511,14.9753802,-0.369213,0,2.639166977635473,-0.0094852553727316,0.0402164981507927
94,LCO,R+2C23,470,flatNominal,7.419210681763234,14.322405276769013,0.0,14.966607988204256,0.3764656495235511,14.9753802,-0.369213,0,0.1117757710056241,0.0033809118279035,0.0251082108432172
95,LCO,R+2C24,834,flatNominal,7.366333257070415,14.33374246547524,0.0,14.966607988204256,0.3764656495235511,14.9753802,-0.369213,0,0.7785047170934314,0.0284757573152523,-0.0494766016750799
96,LCO,R+2C25,513,flatNominal,7.398764754278934,14.3018296986167,0.0,14.966607988204256,0.3764656495235511,14.9753802,-0.369213,0,0.0958020103019604,0.0516199345168312,-0.0083149427196529
97,LCO,R+2C3,1389,flatNominal,7.358140191538849,14.30241077117747,0.0,14.966607988204256,0.3764656495235511,14.9753802,-0.369213,0,-0.3215862312384294,-0.0225941738105982,-0.0344084407725801
98,LCO,R+2C4,1278,flatNominal,7.392466746396487,14.354259788176025,0.0,14.966607988204256,0.3764656495235511,14.9753802,-0.369213,0,-0.3500790917556424,-0.0349513451620952,-0.0248667241668143
99,LCO,R+2C5,224,flatNominal,7.385774989507167,14.344436641381314,0.0,14.966607988204256,0.3764656495235511,14.9753802,-0.369213,0,0.0,-0.0193592454756696,-0.0217142477384763
100,LCO,R+2C6,939,flatNominal,7.42978752542136,14.39949911012878,0.0,14.966607988204256,0.3764656495235511,14.9753802,-0.369213,0,0.1333531947683889,-0.0531459195271383,0.0176521898478075
101,LCO,R+2C7,718,flatNominal,7.445794000744547,14.44780310765639,0.0,14.966607988204256,0.3764656495235511,14.9753802,-0.369213,0,0.0797624361045222,-0.066823275477581,-0.0203330891694418
102,LCO,R+2C8,701,flatNominal,7.252288069338724,14.243728505515351,0.0,14.966607988204256,0.3764656495235511,14.9753802,-0.369213,0,1.0287134489605378,0.0100847862142533,0.0809137704280887
103,LCO,R+2C9,1273,flatNominal,7.315168920001555,14.274852834969892,0.0,14.966607988204256,0.3764656495235511,14.9753802,-0.369213,0,-3.0479088731378816,-0.0699006161829384,-0.0715879327829275
104,LCO,R+3C1,213,flatNominal,7.457091570219347,14.409440410972618,0.0,14.966607988204256,0.3764656495235511,14.9753802,-0.369213,0,3.7037554101608174,0.0022602244086518,-0.0456908546528036
105,LCO,R+3C10,24,flatNominal,7.276533848564162,14.22340095263482,0.0,14.966607988204256,0.3764656495235511,14.9753802,-0.369213,0,3.883463694094747,-0.0553454789906525,-0.0245057515969104
106,LCO,R+3C11,1366,flatNominal,7.384824868490971,14.270649513129136,0.0,14.966607988204256,0.3764656495235511,14.9753802,-0.369213,0,0.1698905947062602,-0.0333825198379656,-0.0375375568036933
107,LCO,R+3C12,773,flatNominal,7.327299720589564,14.315879315759291,0.0,14.966607988204256,0.3764656495235511,14.9753802,-0.369213,0,0.0436621206719317,-0.0487821656291856,-0.032635031958415
108,LCO,R+3C13,1059,flatNominal,7.299946930368926,14.265236924132024,0.0,14.966607988204256,0.3764656495235511,14.9753802,-0.369213,0,-4.239608792646275,-0.0708239543186935,-0.0027241856378973
109,LCO,R+3C14,1067,flatNominal,7.406235902098157,14.365268131965104,0.0,14.966607988204256,0.3764656495235511,14.9753802,-0.369213,0,0.4080647436430211,-0.0351230240652895,-0.060021147170276
110,LCO,R+3C15,426,flatNominal,7.490404239856834,14.428560627728327,0.0,14.966607988204256,0.3764656495235511,14.9753802,-0.369213,0,8.23988797589592,-0.0306601049234359,0.0333653782612039
111,LCO,R+3C16,873,flatNominal,7.428669167615119,14.284012522700204,0.0,14.966607988204256,0.3764656495235511,14.9753802,-0.369213,0,0.2606328874308508,-0.045923799808891,-0.0238486541608024
112,LCO,R+3C17,609,flatNominal,7.375801449659749,14.375918335326386,0.0,14.966607988204256,0.3764656495235511,14.9753802,-0.369213,0,0.3342612101303063,0.0611090421799783,-0.0606064404938392
113,LCO,R+3C18,583,flatNominal,7.442556686108319,14.35982536950926,0.0,14.966607988204256,0.3764656495235511,14.9753802,-0.369213,0,0.1335161303497795,-0.0421220383858589,0.0036363072033229
114,LCO,R+3C19,1180,flatNominal,7.377925900519844,14.371111083994604,0.0,14.966607988204256,0.3764656495235511,14.9753802,-0.369213,0,0.0479953124279618,-0.0208634421653283,0.0639382569894395
115,LCO,R+3C2,6,flatNominal,7.393588497139267,14.303168548776872,0.0,14.966607988204256,0.3764656495235511,14.9753802,-0.369213,0,3.751388860788271,-0.016381498139603,-0.0223541322507696
116,LCO,R+3C20,234,flatNominal,7.314028155395221,14.206909556071714,0.0,14.966607988204256,0.3764656495235511,14.9753802,-0.369213,0,-0.2025291985814852,-0.0234965558976207,0.039863281457249
117,LCO,R+3C22,427,flatNominal,7.400232010388713,14.255416747904018,0.0,14.966607988204256,0.3764656495235511,14.9753802,-0.369213,0,-0.0039346953265093,0.0255370551140719,0.0218306875744249
118,LCO,R+3C23,850,flatNominal,7.404479393231858,14.319735385725416,0.0,14.966607988204256,0.3764656495235511,14.9753802,-0.369213,0,0.20015553801636,0.0240390390120556,-0.0012086833029831
119,LCO,R+3C24,1283,flatNominal,7.420878394093627,14.355832321296374,0.0,14.966607988204256,0.3764656495235511,14.9753802,-0.369213,0,-0.1033782173671332,-0.011058931332524,-0.0129222702370072
120,LCO,R+3C3,767,flatNominal,7.310353978236979,14.318698718898212,0.0,14.966607988204256,0.3764656495235511,14.9753802,-0.369213,0,-0.7448064823209087,-0.0288658668322991,0.0141752832015963
121,LCO,R+3C5,602,flatNominal,7.444056454773675,14.324013558815665,0.0,14.966607988204256,0.3764656495235511,14.9753802,-0.369213,0,-0.0924592511525247,-0.0188782677119428,0.0108101123240052
122,LCO,R+3C6,553,flatNominal,7.341976183684995,14.335671893851249,0.0,14.966607988204256,0.3764656495235511,14.9753802,-0.369213,0,-0.7019477252855499,-0.0597120436923969,0.0130097852098822
123,LCO,R+3C7,1315,flatNominal,7.339632655456066,14.276355906662834,0.0,14.966607988204256,0.3764656495235511,14.9753802,-0.369213,0,-0.3630654260984027,-0.0348920959682789,-0.0181684245566957
124,LCO,R+3C8,998,flatNominal,7.312255810275496,14.244746691178316,0.0,14.966607988204256,0.3764656495235511,14.9753802,-0.369213,0,0.0834301427309006,0.0191294176036518,0.1432808195949796
125,LCO,R+3C9,713,flatNominal,7.338340153775114,14.250763686118692,0.0,14.966607988204256,0.3764656495235511,14.9753802,-0.369213,0,-0.559845481166996,-0.0440750550364634,-0.0116917041443523
126,LCO,R+4C1,883,flatNominal,7.361774697351235,14.253049488000132,0.0,14.966607988204256,0.3764656495235511,14.9753802,-0.369213,0,-0.1673523710823451,0.0041492549000819,-0.0079481152715925
127,LCO,R+4C10,306,flatNominal,7.445430553992991,14.302153654963291,0.0,14.966607988204256,0.3764656495235511,14.9753802,-0.369213,0,4.397625688491724,-0.0363750717963862,-0.0667886498982373
128,LCO,R+4C11,953,flatNominal,7.39641973875737,14.269123488455117,0.0,14.966607988204256,0.3764656495235511,14.9753802,-0.369213,0,-0.0305304729224831,-0.034302708649979,-0.0569162652387338
129,LCO,R+4C12,1327,flatNominal,7.347749497591108,14.237580649730692,0.0,14.966607988204256,0.3764656495235511,14.9753802,-0.369213,0,0.0630227419849919,-0.0471084737747061,-0.0531026197253609
130,LCO,R+4C13,557,flatNominal,7.477643757480302,14.363304767434824,0.0,14.966607988204256,0.3764656495235511,14.9753802,-0.369213,0,0.0,-0.0415729650703843,-0.0135498823643157
131,LCO,R+4C14,116,flatNominal,7.398499887885255,14.282882318580118,0.0,14.966607988204256,0.3764656495235511,14.9753802,-0.369213,0,-0.30544799669369,-0.1249286024635615,0.0192200522433435
132,LCO,R+4C15,558,flatNominal,7.337140639000476,14.337421346844971,0.0,14.966607988204256,0.3764656495235511,14.9753802,-0.369213,0,0.171594988297768,0.0057332912118826,-0.0726536098292947
133,LCO,R+4C16,923,flatNominal,7.337702340026667,14.300017857292929,0.0,14.966607988204256,0.3764656495235511,14.9753802,-0.369213,0,0.4165366905722951,0.0626428477125043,-0.0641151189272388
134,LCO,R+4C17,1102,flatNominal,7.437629891712037,14.384664662796627,0.0,14.966607988204256,0.3764656495235511,14.9753802,-0.369213,0,0.3814394863451394,0.0132198825469711,0.1265678355916688
135,LCO,R+4C19,576,flatNominal,7.423909787493718,14.3479200581028,0.0,14.966607988204256,0.3764656495235511,14.9753802,-0.369213,0,1.8680445966183463,-0.0059271092473696,0.025787948551229
136,LCO,R+4C2,931,flatNominal,7.382292874339839,14.344080627252168,0.0,14.966607988204256,0.3764656495235511,14.9753802,-0.369213,0,1.0635601083321975,-0.0421168868038933,-0.030960905502706
137,LCO,R+4C20,980,flatNominal,7.352317638705754,14.308251787175292,0.0,14.966607988204256,0.3764656495235511,14.9753802,-0.369213,0,0.2127795684297767,-0.0295491375820486,0.0164902032787015
138,LCO,R+4C21,1284,flatNominal,7.400000000462874,14.3752667345925,0.0,14.966607988204256,0.3764656495235511,14.9753802,-0.369213,0,0.0,0.0024023744547418,6.306678527519895e-05
139,LCO,R+4C22,777,flatNominal,7.321307365614748,14.301353921786207,0.0,14.966607988204256,0.3764656495235511,14.9753802,-0.369213,0,0.4823772756619974,0.0338014144932069,0.0088901919655282
140,LCO,R+4C23,193,flatNominal,7.395378309663911,14.305722378046791,0.0,14.966607988204256,0.3764656495235511,14.9753802,-0.369213,0,0.209809941571214,0.0244877201997889,-0.0029538972268865
141,LCO,R+4C3,1322,flatNominal,7.312598534531766,14.225853981810124,0.0,14.966607988204256,0.3764656495235511,14.9753802,-0.369213,0,-0.1005146169870649,-0.0429305372510353,-0.0386434316889199
142,LCO,R+4C4,656,flatNominal,7.49863932328646,14.380227611802123,0.0,14.966607988204256,0.3764656495235511,14.9753802,-0.369213,0,-0.7155987689321334,-0.0372810549066307,-0.0397358955077107
143,LCO,R+4C5,1021,flatNominal,7.286699615408168,14.26733953940441,0.0,14.966607988204256,0.3764656495235511,14.9753802,-0.369213,0,-0.3890130576951825,-0.0337110676023857,-0.0239493824147735
144,LCO,R+4C7,977,flatNominal,7.338103519795752,14.29762851153688,0.0,14.966607988204256,0.3764656495235511,14.9753802,-0.369213,0,-0.208484090162895,-0.0330635682556176,-0.0704676584058314
145,LCO,R+4C8,952,flatNominal,7.419252616781207,14.375396670150904,0.0,14.966607988204256,0.3764656495235511,14.9753802,-0.369213,0,-0.3833279583373047,0.0353603472751134,0.0404248358486012
146,LCO,R+4C9,536,flatNominal,7.285975485204767,14.236095183953347,0.0,14.966607988204256,0.3764656495235511,14.9753802,-0.369213,0,-2.867256764680966,-0.041278830557409,-0.0460300406383908
147,LCO,R+5C1,1214,flatNominal,7.374642042452789,14.26398818360223,0.0,14.966607988204256,0.3764656495235511,14.9753802,-0.369213,0,-0.1722081554384459,-0.0376982951959028,-0.0245602416301868
148,LCO,R+5C10,1390,flatNominal,7.342971967999355,14.274080876327009,0.0,14.966607988204256,0.3764656495235511,14.9753802,-0.369213,0,-0.2987943656374754,-0.0552056933849824,0.0232454152795626
149,LCO,R+5C11,653,flatNominal,7.274784844226937,14.23205456235932,0.0,14.966607988204256,0.3764656495235511,14.9753802,-0.369213,0,0.0363709108123121,-0.0339597923836812,-0.031874131916342
150,LCO,R+5C12,727,flatNominal,7.369424545429089,14.283056457981116,0.0,14.966607988204256,0.3764656495235511,14.9753802,-0.369213,0,-0.9086749519603518,-0.0334383915739373,0.011207041536974
151,LCO,R+5C13,785,flatNominal,7.314557902204543,14.287938216227582,0.0,14.966607988204256,0.3764656495235511,14.9753802,-0.369213,0,0.37452782494012,-0.0327470407672088,0.020451039220746
152,LCO,R+5C14,1234,flatNominal,7.325104241442438,14.272373767724575,0.0,14.966607988204256,0.3764656495235511,14.9753802,-0.369213,0,2.425572483422268,0.0677837299530307,-0.0184932906560124
153,LCO,R+5C15,783,flatNominal,7.337793389426992,14.266289947479736,0.0,14.966607988204256,0.3764656495235511,14.9753802,-0.369213,0,0.4488309148337812,0.0191006854634575,-0.0281995496828107
154,LCO,R+5C16,915,flatNominal,7.300741137276052,14.21239447878897,0.0,14.966607988204256,0.3764656495235511,14.9753802,-0.369213,0,-0.2477789320206644,-0.0618077425777276,0.0235871953288261
155,LCO,R+5C17,562,flatNominal,7.391967266879852,14.2897143534204,0.0,14.966607988204256,0.3764656495235511,14.9753802,-0.369213,0,0.2673457796017705,-0.0137107260065143,0.0532235120125593
156,LCO,R+5C18,1224,flatNominal,7.39179123667374,14.364899294285948,0.0,14.966607988204256,0.3764656495235511,14.9753802,-0.369213,0,0.2233723366400089,-0.0099387354697449,0.02138860647049
157,LCO,R+5C19,1171,flatNominal,7.328227906024852,14.31176411991271,0.0,14.966607988204256,0.3764656495235511,14.9753802,-0.369213,0,0.1637879496322234,0.0062452976328915,0.1123124625552264
158,LCO,R+5C2,168,flatNominal,7.400135544157357,14.350595218735831,0.0,14.966607988204256,0.3764656495235511,14.9753802,-0.369213,0,1.09280008952941,-0.0713899103620004,-0.0114465516520838
159,LCO,R+5C20,601,flatNominal,7.399999999861304,14.36057358193404,0.0,14.966607988204256,0.3764656495235511,14.9753802,-0.369213,0,0.0,9.883656106581676e-05,-5.26510250165133e-07
160,LCO,R+5C21,1399,flatNominal,7.2552356093077215,14.265626006164814,0.0,14.966607988204256,0.3764656495235511,14.9753802,-0.369213,0,0.894035872239295,0.0159116332553497,0.0056406601457946
161,LCO,R+5C22,876,flatNominal,7.408851127369572,14.302084911293456,0.0,14.966607988204256,0.3764656495235511,14.9753802,-0.369213,0,0.5002813596481649,0.0185496525099693,0.0127896711631399
162,LCO,R+5C3,253,flatNominal,7.37171088079065,14.308768478892857,0.0,14.966607988204256,0.3764656495235511,14.9753802,-0.369213,0,0.2031699480412812,0.0027991281247692,-0.0218675677994619
163,LCO,R+5C4,51,flatNominal,7.328155402795457,14.26402850277861,0.0,14.966607988204256,0.3764656495235511,14.9753802,-0.369213,0,1.1662261638554758,-0.0379968513715845,-0.0457449102227193
164,LCO,R+5C5,881,flatNominal,7.405577188436454,14.293586589668038,0.0,14.966607988204256,0.3764656495235511,14.9753802,-0.369213,0,0.5911208273807431,-0.0111835374724306,-0.0328120108861334
165,LCO,R+5C6,163,flatNominal,7.42056587826175,14.377094779717954,0.0,14.966607988204256,0.3764656495235511,14.9753802,-0.369213,0,0.174437769472109,-0.0091314401676055,-0.0099929438953786
166,LCO,R+5C7,465,flatNominal,7.389979024876577,14.289130515576549,0.0,14.966607988204256,0.3764656495235511,14.9753802,-0.369213,0,8.371705393838408,-0.0802972262528191,0.0185052757209903
167,LCO,R+5C8,1320,flatNominal,7.388124909949632,14.326470422413488,0.0,14.966607988204256,0.3764656495235511,14.9753802,-0.369213,0,0.2588921440764676,-0.0315798432478789,-0.0530796866805357
168,LCO,R+5C9,911,flatNominal,7.337974260876338,14.238968320877918,0.0,14.966607988204256,0.3764656495235511,14.9753802,-0.369213,0,0.1654462071744573,0.0566774079521127,-0.012542659762158
169,LCO,R+6C1,1343,flatNominal,7.411758805361173,14.32348448568825,0.0,14.966607988204256,0.3764656495235511,14.9753802,-0.369213,0,-4.762435213921862,-0.0348717215681818,-0.014150520765671
170,LCO,R+6C10,1305,flatNominal,7.401745106089756,14.354139090424312,0.0,14.966607988204256,0.3764656495235511,14.9753802,-0.369213,0,0.3389825903926498,0.0517867749475295,0.0116648500109066
171,LCO,R+6C11,768,flatNominal,7.489266166846504,14.39121976721767,0.0,14.966607988204256,0.3764656495235511,14.9753802,-0.369213,0,2.5218644494986133,0.0667842978779117,0.0673902572247364
172,LCO,R+6C12,679,flatNominal,7.376024563525164,14.306358880861032,0.0,14.966607988204256,0.3764656495235511,14.9753802,-0.369213,0,0.2130876678574332,0.0678853197713016,-0.0739402136683116
173,LCO,R+6C13,342,flatNominal,7.470038443899422,14.346905169251896,0.0,14.966607988204256,0.3764656495235511,14.9753802,-0.369213,0,2.267447288614684,0.0445420344202184,-0.0088912821395958
174,LCO,R+6C15,1024,flatNominal,7.321135455094006,14.228248311003968,0.0,14.966607988204256,0.3764656495235511,14.9753802,-0.369213,0,-0.4070185575081289,-0.0840153085341169,-0.0014427706604519
175,LCO,R+6C16,152,flatNominal,7.360375000775684,14.302823777639365,0.0,14.966607988204256,0.3764656495235511,14.9753802,-0.369213,0,-0.450724750079058,-0.0485028392602015,0.0223243934627392
176,LCO,R+6C17,1313,flatNominal,7.371666963609323,14.346811362692316,0.0,14.966607988204256,0.3764656495235511,14.9753802,-0.369213,0,0.6899360274021513,-0.0575373335255388,-0.0433446666905363
177,LCO,R+6C18,560,flatNominal,7.34078505370522,14.281947499340022,0.0,14.966607988204256,0.3764656495235511,14.9753802,-0.369213,0,0.3317012255302397,-0.0183148267888441,0.0040561188761361
178,LCO,R+6C19,862,flatNominal,7.304095765224539,14.24500974725262,0.0,14.966607988204256,0.3764656495235511,14.9753802,-0.369213,0,0.5678172037810261,-0.0434999283061172,-0.0263696050443116
179,LCO,R+6C21,1088,flatNominal,7.359598888832741,14.307596796464283,0.0,14.966607988204256,0.3764656495235511,14.9753802,-0.369213,0,0.0542928822354478,0.0437038576656952,-0.0226045232188294
180,LCO,R+6C3,121,flatNominal,7.322910682209267,14.287396089417689,0.0,14.966607988204256,0.3764656495235511,14.9753802,-0.369213,0,3.6257950155954335,-0.0592067770985541,0.0149826676958767
181,LCO,R+6C4,1259,flatNominal,7.391759495822617,14.33891169020461,0.0,14.966607988204256,0.3764656495235511,14.9753802,-0.369213,0,-1.094873794381484,-0.0581273777088437,-0.0079774002849531
182,LCO,R+6C5,530,flatNominal,7.41469468824253,14.372674482637542,0.0,14.966607988204256,0.3764656495235511,14.9753802,-0.369213,0,1.8785850166969016,-0.0662862166826697,-0.0964049585385923
183,LCO,R+6C6,526,flatNominal,7.365704078621593,14.38162447693915,0.0,14.966607988204256,0.3764656495235511,14.9753802,-0.369213,0,2.051329479340367,-0.0535640015448491,-0.0843196140665709
184,LCO,R+6C7,1394,flatNominal,7.357302871725882,14.249621418160723,0.0,14.966607988204256,0.3764656495235511,14.9753802,-0.369213,0,4.150309705501543,-0.0962153968175456,-0.0165807306591637
185,LCO,R+6C9,826,flatNominal,7.354512233791721,14.272057053218663,0.0,14.966607988204256,0.3764656495235511,14.9753802,-0.369213,0,2.148052706772561,0.0031449553566637,-0.1452800453622892
186,LCO,R+7C1,946,flatNominal,7.287259127738405,14.270017785202104,0.0,14.966607988204256,0.3764656495235511,14.9753802,-0.369213,0,0.3324842796163876,-0.0048369529882188,-0.030097397790136
187,LCO,R+7C10,482,flatNominal,7.381288621704559,14.266064240917684,0.0,14.966607988204256,0.3764656495235511,14.9753802,-0.369213,0,-3.7218936557110553,-0.0506428689898079,-0.0427002344708263
188,LCO,R+7C11,1352,flatNominal,7.383474015859553,14.285087325331537,0.0,14.966607988204256,0.3764656495235511,14.9753802,-0.369213,0,5.745981291712715,-0.0594717419416816,-0.0357950066509001
189,LCO,R+7C12,728,flatNominal,7.413432815954234,14.279596256267162,0.0,14.966607988204256,0.3764656495235511,14.9753802,-0.369213,0,-0.1440832906254311,-0.0636692835938074,-0.0404812395262938
190,LCO,R+7C13,1089,flatNominal,7.270780853749723,14.239947733576647,0.0,14.966607988204256,0.3764656495235511,14.9753802,-0.369213,0,-0.533979630477619,-0.0211019966677487,0.0159107887189255
191,LCO,R+7C14,659,flatNominal,7.3373659334186865,14.307441731123852,0.0,14.966607988204256,0.3764656495235511,14.9753802,-0.369213,0,0.7400747594565422,-0.0540809945612384,0.0187450530435978
192,LCO,R+7C15,504,flatNominal,7.323197639576548,14.20999872499457,0.0,14.966607988204256,0.3764656495235511,14.9753802,-0.369213,0,5.396864511066376,-0.0494908840617779,-0.116493129268258
193,LCO,R+7C16,1299,flatNominal,7.257326005099758,14.185488369822542,0.0,14.966607988204256,0.3764656495235511,14.9753802,-0.369213,0,-0.1536901446713671,-0.0650272331818604,-0.0337951039494664
194,LCO,R+7C18,917,flatNominal,7.367295243354779,14.280169047589077,0.0,14.966607988204256,0.3764656495235511,14.9753802,-0.369213,0,0.0,-0.0369721984339198,0.0804238530242902
195,LCO,R+7C19,453,flatNominal,7.465255955855997,14.354566829664313,0.0,14.966607988204256,0.3764656495235511,14.9753802,-0.369213,0,-0.7802119421224638,-0.0155238460530953,0.047674142765329
196,LCO,R+7C2,1029,flatNominal,7.377857459544513,14.322428590513118,0.0,14.966607988204256,0.3764656495235511,14.9753802,-0.369213,0,0.2325644616380831,-0.0548679765984561,-0.0411842194662469
197,LCO,R+7C20,801,flatNominal,7.4,14.314,0.0,14.966607988204256,0.3764656495235511,14.9753802,-0.369213,0,0.0,0.0,0.0
198,LCO,R+7C3,499,flatNominal,7.352149588894196,14.233789551322444,0.0,14.966607988204256,0.3764656495235511,14.9753802,-0.369213,0,3.154654883631117,-0.0285673094552769,-0.0221666742136274
199,LCO,R+7C5,633,flatNominal,7.452949325114019,14.40648860432957,0.0,14.966607988204256,0.3764656495235511,14.9753802,-0.369213,0,0.3600601859042769,-0.048968440213826,-0.1276485327861589
200,LCO,R+7C6,788,flatNominal,7.282904934920999,14.222322348231176,0.0,14.966607988204256,0.3764656495235511,14.9753802,-0.369213,0,-0.2030631229246534,-0.109283252021677,-0.0622623570263861
201,LCO,R+7C7,1138,flatNominal,7.4333405135509825,14.387367173513525,0.0,14.966607988204256,0.3764656495235511,14.9753802,-0.369213,0,-0.055134402642848,-0.0651745232455502,0.0016418093417191
202,LCO,R+7C8,182,flatNominal,7.368141474259492,14.349952337664575,0.0,14.966607988204256,0.3764656495235511,14.9753802,-0.369213,0,0.0377506384651662,-0.0590106517834568,0.0064909271555754
203,LCO,R+7C9,1269,flatNominal,7.351855263141722,14.311037225761792,0.0,14.966607988204256,0.3764656495235511,14.9753802,-0.369213,0,1.7953941363508077,-0.0661449740044864,0.0079416135324383
204,LCO,R+8C1,1015,flatNominal,7.261491565173339,14.236846222689756,0.0,14.966607988204256,0.3764656495235511,14.9753802,-0.369213,0,-0.335348718236748,-0.0202792905008533,-0.0135618685841879
205,LCO,R+8C11,1204,flatNominal,7.404931875779,14.388855422217508,0.0,14.966607988204256,0.3764656495235511,14.9753802,-0.369213,0,4.893814899223601,-0.0230947329058183,-0.0002697887115676
206,LCO,R+8C12,1001,flatNominal,7.406966125550324,14.317192668054265,0.0,14.966607988204256,0.3764656495235511,14.9753802,-0.369213,0,0.6071454755945186,-0.0031823542191876,-0.138498958556715
207,LCO,R+8C13,509,flatNominal,7.396250404380791,14.277079581773632,0.0,14.966607988204256,0.3764656495235511,14.9753802,-0.369213,0,-0.3648563303126929,-0.0126944429237511,-0.1626833298835739
208,LCO,R+8C14,822,flatNominal,7.356925061256934,14.341433637752992,0.0,14.966607988204256,0.3764656495235511,14.9753802,-0.369213,0,-0.0980630825792959,0.0003200024935639,-0.0773543341461134
209,LCO,R+8C15,754,flatNominal,7.376779409311538,14.370177665090155,0.0,14.966607988204256,0.3764656495235511,14.9753802,-0.369213,0,0.240633927367644,0.0172510835870518,0.0132664143588783
210,LCO,R+8C16,1005,flatNominal,7.385460421501324,14.342815834713766,0.0,14.966607988204256,0.3764656495235511,14.9753802,-0.369213,0,0.4370519818551659,0.0256084374072539,0.044389615862652
211,LCO,R+8C17,1230,flatNominal,7.302239977545121,14.228713654200444,0.0,14.966607988204256,0.3764656495235511,14.9753802,-0.369213,0,0.0219773672815298,-0.0452201074191928,-0.0657224551537412
212,LCO,R+8C18,1027,flatNominal,7.375505718040213,14.356041372202924,0.0,14.966607988204256,0.3764656495235511,14.9753802,-0.369213,0,-0.0160278616461851,0.0014386774630227,-0.0424791433731099
213,LCO,R+8C19,937,flatNominal,7.41037752333469,14.36140505374599,0.0,14.966607988204256,0.3764656495235511,14.9753802,-0.369213,0,4.998813461728108,0.0175505304502922,-0.0879739472097285
214,LCO,R+8C2,686,flatNominal,7.28479345482317,14.12236731790974,0.0,14.966607988204256,0.3764656495235511,14.9753802,-0.369213,0,-0.7035751314567227,-0.0534626754181198,-0.0676868280267593
215,LCO,R+8C3,685,flatNominal,7.447682957582099,14.297402892642165,0.0,14.966607988204256,0.3764656495235511,14.9753802,-0.369213,0,-0.2176244609783006,-0.0610718853797183,-0.0819198181436617
216,LCO,R+8C4,549,flatNominal,7.293459058011123,14.187953758904769,0.0,14.966607988204256,0.3764656495235511,14.9753802,-0.369213,0,-0.40908211499037,-0.1006431687473007,-0.0818693600309736
217,LCO,R+8C5,618,flatNominal,7.325204947591954,14.294201358262328,0.0,14.966607988204256,0.3764656495235511,14.9753802,-0.369213,0,0.9509971730530864,-0.0771503024496576,-0.1298644885070388
218,LCO,R+8C6,249,flatNominal,7.42467606017173,14.345934349270571,0.0,14.966607988204256,0.3764656495235511,14.9753802,-0.369213,0,2.0839793715393142,-0.1212196276384197,-0.1570635114238913
219,LCO,R+8C7,855,flatNominal,7.365738260009268,14.26326776393199,0.0,14.966607988204256,0.3764656495235511,14.9753802,-0.369213,0,0.186911900516772,0.038912350045989,-0.2215469411349154
220,LCO,R+8C8,1147,flatNominal,7.404449907141222,14.309698570646884,0.0,14.966607988204256,0.3764656495235511,14.9753802,-0.369213,0,1.4460358255348569,-0.0799731381183061,-0.1863755609630314
221,LCO,R+8C9,1164,flatNominal,7.425342771771021,14.327236562541774,0.0,14.966607988204256,0.3764656495235511,14.9753802,-0.369213,0,0.0921220789341362,-0.0269024565581441,-0.1368146545327205
222,LCO,R+9C1,974,flatNominal,7.531604660112602,14.471801086486584,0.0,14.966607988204256,0.3764656495235511,14.9753802,-0.369213,0,0.2435496188387987,0.0070756201669365,-0.0216211020859094
223,LCO,R+9C10,1061,flatNominal,7.262525038567057,14.184373697586876,0.0,14.966607988204256,0.3764656495235511,14.9753802,-0.369213,0,-0.4382831317487067,-0.0421159968225154,-0.010119404782025
224,LCO,R+9C11,1038,flatNominal,7.386346067843306,14.396893914467714,0.0,14.966607988204256,0.3764656495235511,14.9753802,-0.369213,0,-0.2095978025398125,-0.0490514469601065,-0.0137580445872987
225,LCO,R+9C12,863,flatNominal,7.400017607159502,14.294046074371986,0.0,14.966607988204256,0.3764656495235511,14.9753802,-0.369213,0,0.0,0.0001704437132388,1.1166225268801536e-06
226,LCO,R+9C13,578,flatNominal,7.417970315706518,14.354065523509991,0.0,14.966607988204256,0.3764656495235511,14.9753802,-0.369213,0,0.5058558457971803,-0.0428738435547371,0.0255335409667398
227,LCO,R+9C14,139,flatNominal,7.418453315273535,14.42246702111953,0.0,14.966607988204256,0.3764656495235511,14.9753802,-0.369213,0,0.5713867039039696,-0.0342681349702337,-0.0002240637671227
228,LCO,R+9C15,480,flatNominal,7.438636278096961,14.31584182328838,0.0,14.966607988204256,0.3764656495235511,14.9753802,-0.369213,0,0.8518931918859627,-0.0190615922260896,0.0126692758852671
229,LCO,R+9C16,845,flatNominal,7.441231651464506,14.35787027860458,0.0,14.966607988204256,0.3764656495235511,14.9753802,-0.369213,0,0.2252949235811805,0.0023437526397075,0.0007352878032754
230,LCO,R+9C17,1079,flatNominal,7.319588732923611,14.270383130255746,0.0,14.966607988204256,0.3764656495235511,14.9753802,-0.369213,0,0.1136568215608724,-0.0190978235096844,0.0215678982185967
231,LCO,R+9C18,1298,flatNominal,7.422275369666189,14.324817615140567,0.0,14.966607988204256,0.3764656495235511,14.9753802,-0.369213,0,1.569752090660699,0.0093889715477316,-0.0216734829099445
232,LCO,R+9C2,836,flatNominal,7.417727542817382,14.335736734327712,0.0,14.966607988204256,0.3764656495235511,14.9753802,-0.369213,0,-0.026345877194739,-0.0686711341777025,0.0221168834982522
233,LCO,R+9C3,643,flatNominal,7.407119673357008,14.3223242325292,0.0,14.966607988204256,0.3764656495235511,14.9753802,-0.369213,0,0.54302554138697,-0.0616131434217768,0.0017153668363163
234,LCO,R+9C4,584,flatNominal,7.467377030723206,14.415214853162055,0.0,14.966607988204256,0.3764656495235511,14.9753802,-0.369213,0,-2.369753732668223,-0.0671206935264617,-0.0223263964980708
235,LCO,R+9C5,696,flatNominal,7.385390427132356,14.325428703443457,0.0,14.966607988204256,0.3764656495235511,14.9753802,-0.369213,0,-1.13977492646988,-0.0525530957344434,-0.0469645397960108
236,LCO,R+9C6,670,flatNominal,7.334927580368058,14.332725415903736,0.0,14.966607988204256,0.3764656495235511,14.9753802,-0.369213,0,-1.5785043880606615,-0.0712043844600738,-0.032104078855219
237,LCO,R+9C7,229,flatNominal,7.3638825313752605,14.32752690983315,0.0,14.966607988204256,0.3764656495235511,14.9753802,-0.369213,0,3.393245148902165,-0.0564809714522217,-0.0389835460570261
238,LCO,R+9C8,512,flatNominal,7.446674389079854,14.37408977489225,0.0,14.966607988204256,0.3764656495235511,14.9753802,-0.369213,0,3.8963219553098094,-0.0551370163630025,-0.0073463883120371
239,LCO,R+9C9,798,flatNominal,7.189233485695014,14.146187276145902,0.0,14.966607988204256,0.3764656495235511,14.9753802,-0.369213,0,1.3149401384654498,-0.0702616916375597,-0.0408175717435187
240,LCO,R-10C1,145,flatNominal,7.262104239318743,14.272926257133609,0.0,14.966607988204256,0.3764656495235511,14.9753802,-0.369213,0,-0.7979241932510769,-0.0345959978118513,0.0211484214917134
241,LCO,R-10C10,928,flatNominal,7.385208992435335,14.328060961330973,0.0,14.966607988204256,0.3764656495235511,14.9753802,-0.369213,0,-0.0611126591994662,0.1312302201831702,0.0850552840533492
242,LCO,R-10C12,732,flatNominal,7.384588287168542,14.34402974540877,0.0,14.966607988204256,0.3764656495235511,14.9753802,-0.369213,0,0.2949223198256297,0.0777865108584961,0.0780108831422643
243,LCO,R-10C13,537,flatNominal,7.339499906826877,14.299557976154905,0.0,14.966607988204256,0.3764656495235511,14.9753802,-0.369213,0,0.4095388124763613,0.0885417856992791,0.0572983810408299
244,LCO,R-10C15,529,flatNominal,7.244707634950604,14.24981209645025,0.0,14.966607988204256,0.3764656495235511,14.9753802,-0.369213,0,0.1646340370188325,0.0723518114827447,0.0800120441730812
245,LCO,R-10C16,449,flatNominal,7.398600186761906,14.307062236430072,0.0,14.966607988204256,0.3764656495235511,14.9753802,-0.369213,0,0.9748253565641294,0.0358597020986717,0.0792059995195607
246,LCO,R-10C17,149,flatNominal,7.474879453109562,14.340248433058346,0.0,14.966607988204256,0.3764656495235511,14.9753802,-0.369213,0,-0.0827484691090204,0.0229854058421599,8.841059046063342e-05
247,LCO,R-10C2,313,flatNominal,7.375368315493541,14.356188023282638,0.0,14.966607988204256,0.3764656495235511,14.9753802,-0.369213,0,0.5382276557590316,-0.0103830691201893,-0.0208324514141765
248,LCO,R-10C3,1248,flatNominal,7.265532001435215,14.218484994513643,0.0,14.966607988204256,0.3764656495235511,14.9753802,-0.369213,0,0.759277420345942,-0.0158597726903187,-0.0324146655662361
249,LCO,R-10C5,1065,flatNominal,7.421627862514252,14.32621104853488,0.0,14.966607988204256,0.3764656495235511,14.9753802,-0.369213,0,0.1469104947851574,0.0116870299864355,0.0689139854954533
250,LCO,R-10C6,740,flatNominal,7.537112763139688,14.435354597803922,0.0,14.966607988204256,0.3764656495235511,14.9753802,-0.369213,0,0.5108593474426194,0.0656775759007196,-0.0243151621526527
251,LCO,R-10C8,764,flatNominal,7.397562163829891,14.362235635227105,0.0,14.966607988204256,0.3764656495235511,14.9753802,-0.369213,0,1.2072155166747511,0.1231292700973483,0.0265868165514589
252,LCO,R-10C9,1367,flatNominal,7.41161204523554,14.29515606940484,0.0,14.966607988204256,0.3764656495235511,14.9753802,-0.369213,0,-0.0802436812580765,0.0991836491291481,-0.0121845002798556
253,LCO,R-11C1,266,flatNominal,7.413769340474816,14.335342971230654,0.0,14.966607988204256,0.3764656495235511,14.9753802,-0.369213,0,0.4764861833928148,-0.0779964100007654,0.0353588221507521
254,LCO,R-11C10,1066,flatNominal,7.4460421901496225,14.34503096353286,0.0,14.966607988204256,0.3764656495235511,14.9753802,-0.369213,0,0.0,0.0368162303938025,-0.0164045602860612
255,LCO,R-11C11,1211,flatNominal,7.335492484854764,14.26409687957042,0.0,14.966607988204256,0.3764656495235511,14.9753802,-0.369213,0,0.1380405652276661,0.0815100586071234,0.0887372568677382
256,LCO,R-11C12,243,flatNominal,7.391383128913988,14.334983847700023,0.0,14.966607988204256,0.3764656495235511,14.9753802,-0.369213,0,0.1117693596632826,0.0521552529072293,0.0183923086856299
257,LCO,R-11C13,137,flatNominal,7.36429473120679,14.30742284831878,0.0,14.966607988204256,0.3764656495235511,14.9753802,-0.369213,0,-0.2449248549603456,0.061062794762441,0.017032387651142
258,LCO,R-11C14,73,flatNominal,7.420335499470855,14.31897934721445,0.0,14.966607988204256,0.3764656495235511,14.9753802,-0.369213,0,0.7845573516015175,0.0402451562572828,0.0228858318933439
259,LCO,R-11C15,794,flatNominal,7.452813091476311,14.348266813401668,0.0,14.966607988204256,0.3764656495235511,14.9753802,-0.369213,0,0.3041136249861445,0.066063935080279,0.0170863702430977
260,LCO,R-11C16,34,flatNominal,7.38972287522919,14.360995392105668,0.0,14.966607988204256,0.3764656495235511,14.9753802,-0.369213,0,-0.0988999071153242,0.0119635257868062,-0.0198425023656692
261,LCO,R-11C2,603,flatNominal,7.342076284217168,14.274447500394164,0.0,14.966607988204256,0.3764656495235511,14.9753802,-0.369213,0,0.4003169475103175,0.0116683117512488,-0.0083745844964254
262,LCO,R-11C3,1022,flatNominal,7.198216313400246,14.125298889951525,0.0,14.966607988204256,0.3764656495235511,14.9753802,-0.369213,0,-0.483023519951286,-0.0277373740837169,0.0577292612631129
263,LCO,R-11C4,924,flatNominal,7.393203267415508,14.295512767107033,0.0,14.966607988204256,0.3764656495235511,14.9753802,-0.369213,0,-0.1779369306674687,0.0295762298282196,-0.0498436207856298
264,LCO,R-11C5,403,flatNominal,7.385204029871866,14.28029548131162,0.0,14.966607988204256,0.3764656495235511,14.9753802,-0.369213,0,1.2563142365858238,0.0222927930364128,-0.0171742335949946
265,LCO,R-11C6,545,flatNominal,7.2121791890731375,14.167859198096906,0.0,14.966607988204256,0.3764656495235511,14.9753802,-0.369213,0,-0.1284724075586538,0.0422122219054431,0.0137193017161161
266,LCO,R-11C7,154,flatNominal,7.44760727655596,14.38254569128134,0.0,14.966607988204256,0.3764656495235511,14.9753802,-0.369213,0,0.2455840269386928,0.0341266649449155,0.0115933681529939
267,LCO,R-11C8,725,flatNominal,7.313574307177243,14.299978059091387,0.0,14.966607988204256,0.3764656495235511,14.9753802,-0.369213,0,-0.1070113879666189,0.0320922772989075,0.014104530806236
268,LCO,R-11C9,161,flatNominal,7.4525560079849,14.28806384289168,0.0,14.966607988204256,0.3764656495235511,14.9753802,-0.369213,0,-0.1911170259333423,0.0535874929914467,0.0219429824769873
269,LCO,R-12C1,555,flatNominal,7.46055282143285,14.357663059224553,0.0,14.966607988204256,0.3764656495235511,14.9753802,-0.369213,0,0.4399930661735325,-0.051955093486576,0.0739266677084166
270,LCO,R-12C10,539,flatNominal,7.422132745049379,14.27746954247566,0.0,14.966607988204256,0.3764656495235511,14.9753802,-0.369213,0,0.8174172253714032,0.0348503147884639,0.0627233832475439
271,LCO,R-12C11,1197,flatNominal,7.296841932341178,14.29599907548956,0.0,14.966607988204256,0.3764656495235511,14.9753802,-0.369213,0,0.1868057175698638,0.0116410249135706,0.0642321684556605
272,LCO,R-12C12,1258,flatNominal,7.4000039920937075,14.397104002473336,0.0,14.966607988204256,0.3764656495235511,14.9753802,-0.369213,0,0.0,0.0004471581813342,5.011647082792028e-06
273,LCO,R-12C13,684,flatNominal,7.310166187470696,14.2812034603874,0.0,14.966607988204256,0.3764656495235511,14.9753802,-0.369213,0,-0.5459448388009506,0.0191576035006501,-0.0083339019558735
274,LCO,R-12C14,1117,flatNominal,7.332665258842915,14.277236042048544,0.0,14.966607988204256,0.3764656495235511,14.9753802,-0.369213,0,0.2339144298940924,-0.0109717716776274,0.0506994923110527
275,LCO,R-12C15,141,flatNominal,7.369064997068404,14.321150011990746,0.0,14.966607988204256,0.3764656495235511,14.9753802,-0.369213,0,0.2990867841150217,-0.0047529154859397,-0.0113909968722834
276,LCO,R-12C2,1196,flatNominal,7.402185541715153,14.333297235833944,0.0,14.966607988204256,0.3764656495235511,14.9753802,-0.369213,0,-0.0549492157137786,-0.0115763111726263,-0.0038464829816692
277,LCO,R-12C3,1295,flatNominal,7.387138445047408,14.348647984066591,0.0,14.966607988204256,0.3764656495235511,14.9753802,-0.369213,0,0.3522630672544787,7.477830027439006e-05,0.0062727754945632
278,LCO,R-12C4,540,flatNominal,7.329040812146983,14.284901466693404,0.0,14.966607988204256,0.3764656495235511,14.9753802,-0.369213,0,-0.2773029125752064,0.0158440956378268,0.0259007664921583
279,LCO,R-12C5,1288,flatNominal,7.429855565883263,14.355718312443509,0.0,14.966607988204256,0.3764656495235511,14.9753802,-0.369213,0,-0.4155241191552973,0.0197798724711983,0.0227157587326016
280,LCO,R-12C6,1062,flatNominal,7.30759956370641,14.27141849303272,0.0,14.966607988204256,0.3764656495235511,14.9753802,-0.369213,0,0.1102878314614164,0.0270125030528388,0.0193514283249323
281,LCO,R-12C7,815,flatNominal,7.340940902452304,14.295712169115175,0.0,14.966607988204256,0.3764656495235511,14.9753802,-0.369213,0,0.1808643538200209,0.0570374642010682,0.021780777659241
282,LCO,R-12C9,1110,flatNominal,7.167832762773491,14.07174399244822,0.0,14.966607988204256,0.3764656495235511,14.9753802,-0.369213,0,6.265222998325841,0.0498970268634508,0.1128635048665191
283,LCO,R-13C1,811,flatNominal,7.398123510161184,14.307387706257218,0.0,14.966607988204256,0.3764656495235511,14.9753802,-0.369213,0,-0.0837107011291538,-0.0165806755564779,0.0483388871558845
284,LCO,R-13C10,1245,flatNominal,7.352681647035735,14.322383649064951,0.0,14.966607988204256,0.3764656495235511,14.9753802,-0.369213,0,0.5275989124269265,-0.0080027827714369,0.0634737274356126
285,LCO,R-13C11,1077,flatNominal,7.34117870628907,14.277955948176714,0.0,14.966607988204256,0.3764656495235511,14.9753802,-0.369213,0,0.2517651212684101,0.0233254981823291,0.0690813145410287
286,LCO,R-13C12,987,flatNominal,7.35154795476314,14.26656432169086,0.0,14.966607988204256,0.3764656495235511,14.9753802,-0.369213,0,0.1607948181204203,0.0070714644938415,0.0040734142789668
287,LCO,R-13C13,568,flatNominal,7.362177867676514,14.288551595923686,0.0,14.966607988204256,0.3764656495235511,14.9753802,-0.369213,0,-0.169894009471578,-0.0021805715365891,0.0169245620581119
288,LCO,R-13C14,1119,flatNominal,7.393229146537326,14.301676456234022,0.0,14.966607988204256,0.3764656495235511,14.9753802,-0.369213,0,-0.0696092708710469,0.0167756872672933,-0.0232232720150834
289,LCO,R-13C2,541,flatNominal,7.336004505208181,14.30686349921896,0.0,14.966607988204256,0.3764656495235511,14.9753802,-0.369213,0,-0.1307698379855915,-0.0564977101765622,0.0478942724366618
290,LCO,R-13C3,1385,flatNominal,7.376105124173414,14.298550671495736,0.0,14.966607988204256,0.3764656495235511,14.9753802,-0.369213,0,-0.1133703971668442,-0.0303646783637609,0.0131982795810256
291,LCO,R-13C4,770,flatNominal,7.390820323794418,14.3180159446421,0.0,14.966607988204256,0.3764656495235511,14.9753802,-0.369213,0,0.2871169499120007,-0.0028833837052537,0.081735295445404
292,LCO,R-13C5,771,flatNominal,7.372256454947687,14.250243350825864,0.0,14.966607988204256,0.3764656495235511,14.9753802,-0.369213,0,0.2465850277275636,0.0031519922166038,-0.0322100437886145
293,LCO,R-13C6,1076,flatNominal,7.37740830697418,14.34936753969907,0.0,14.966607988204256,0.3764656495235511,14.9753802,-0.369213,0,-0.1932512607112563,0.0096595531432499,0.0348827351308488
294,LCO,R-13C7,1161,flatNominal,7.471666225024523,14.387731305365882,0.0,14.966607988204256,0.3764656495235511,14.9753802,-0.369213,0,0.1444416575257464,-0.0357650816575896,0.0131998087017975
295,LCO,R-13C8,458,flatNominal,7.366333577927818,14.230402453093824,0.0,14.966607988204256,0.3764656495235511,14.9753802,-0.369213,0,1.945381159187363,-0.0194440903690126,0.0739409812709594
296,LCO,R-13C9,829,flatNominal,7.401910080398588,14.311895851766456,0.0,14.966607988204256,0.3764656495235511,14.9753802,-0.369213,0,-0.133885801708705,0.0273885170146942,0.0687461887481151
297,LCO,R-1C1,13,flatNominal,7.291963998463688,14.247125909306032,0.0,14.966607988204256,0.3764656495235511,14.9753802,-0.369213,0,0.1469228551230643,-0.0581131071557821,0.0528438784272956
298,LCO,R-1C10,621,flatNominal,7.376848799293789,14.30829264793704,0.0,14.966607988204256,0.3764656495235511,14.9753802,-0.369213,0,0.0222929420227692,-0.0449823855023527,0.0158936560188575
299,LCO,R-1C11,1146,flatNominal,7.257795846645076,14.193696459749264,0.0,14.966607988204256,0.3764656495235511,14.9753802,-0.369213,0,-0.3522789994457993,-0.0180191925379429,-0.0449837250685149
300,LCO,R-1C12,551,flatNominal,7.373838479578445,14.30254781574582,0.0,14.966607988204256,0.3764656495235511,14.9753802,-0.369213,0,0.1900987264863131,0.0240522859705375,-0.0660451794281751
301,LCO,R-1C13,511,flatNominal,7.32958487928586,14.255381233918571,0.0,14.966607988204256,0.3764656495235511,14.9753802,-0.369213,0,0.4924946650952899,-0.0946402654419685,-0.0302416734605648
302,LCO,R-1C14,479,flatNominal,7.351008818126192,14.313802753134365,0.0,14.966607988204256,0.3764656495235511,14.9753802,-0.369213,0,0.1345275571872158,-0.0605750075092254,-0.1112342161196683
303,LCO,R-1C15,472,flatNominal,7.420432024748151,14.339352378340772,0.0,14.966607988204256,0.3764656495235511,14.9753802,-0.369213,0,1.488224224936391,0.0284837302033,0.0180238700965017
304,LCO,R-1C16,823,flatNominal,7.342582964293681,14.354496966879372,0.0,14.966607988204256,0.3764656495235511,14.9753802,-0.369213,0,1.438006104033552,0.0067275107395131,-0.0352018365673146
305,LCO,R-1C17,173,flatNominal,7.390909196864522,14.289527152925828,0.0,14.966607988204256,0.3764656495235511,14.9753802,-0.369213,0,0.1129867018455279,0.0187639050892019,0.0686549962830465
306,LCO,R-1C18,821,flatNominal,7.348591563864283,14.29999624924589,0.0,14.966607988204256,0.3764656495235511,14.9753802,-0.369213,0,2.407110553159701,-0.0057821384365672,0.088865039686656
307,LCO,R-1C19,955,flatNominal,7.341175493739295,14.276354048665295,0.0,14.966607988204256,0.3764656495235511,14.9753802,-0.369213,0,0.4529396790337725,0.0081280839892308,0.0859888470574772
308,LCO,R-1C2,127,flatNominal,7.344343456240923,14.281246273868828,0.0,14.966607988204256,0.3764656495235511,14.9753802,-0.369213,0,4.441062480872799,-0.0281427043901318,-0.0095143228472177
309,LCO,R-1C20,61,flatNominal,7.458956852334751,14.339734688308258,0.0,14.966607988204256,0.3764656495235511,14.9753802,-0.369213,0,0.9872593862231308,0.0254112069301417,0.118084582096108
310,LCO,R-1C21,303,flatNominal,7.428044948092063,14.36911430273307,0.0,14.966607988204256,0.3764656495235511,14.9753802,-0.369213,0,0.423618997520316,0.0316425788853053,0.0933831402078626
311,LCO,R-1C22,593,flatNominal,7.413886596426562,14.365075173833088,0.0,14.966607988204256,0.3764656495235511,14.9753802,-0.369213,0,0.0,0.0189524836583264,0.0240514003339916
312,LCO,R-1C23,978,flatNominal,7.35894788419648,14.30247059458949,0.0,14.966607988204256,0.3764656495235511,14.9753802,-0.369213,0,-0.1779746670061164,0.0393711326185358,0.0453722450555214
313,LCO,R-1C24,406,flatNominal,7.326840074742714,14.268979210487249,0.0,14.966607988204256,0.3764656495235511,14.9753802,-0.369213,0,3.065080192039661,0.0264008862432586,-0.0087549822500567
314,LCO,R-1C25,15,flatNominal,7.354287689590177,14.295525046065675,0.0,14.966607988204256,0.3764656495235511,14.9753802,-0.369213,0,0.1652193063911323,0.0187945143701333,-0.0111454725319726
315,LCO,R-1C26,92,flatNominal,7.361082188463025,14.3311870540916,0.0,14.966607988204256,0.3764656495235511,14.9753802,-0.369213,0,0.0662705643625139,-0.0071948499946904,-0.0624863337742727
316,LCO,R-1C3,1123,flatNominal,7.374459835397288,14.304169782155938,0.0,14.966607988204256,0.3764656495235511,14.9753802,-0.369213,0,0.4974020421160428,-0.0449148199166718,-0.0525224513278111
317,LCO,R-1C4,606,flatNominal,7.420302042656639,14.30451476529541,0.0,14.966607988204256,0.3764656495235511,14.9753802,-0.369213,0,0.2625740400415257,-0.013420881974428,-0.0757302570109963
318,LCO,R-1C5,284,flatNominal,7.328987061307723,14.277020456595167,0.0,14.966607988204256,0.3764656495235511,14.9753802,-0.369213,0,0.2041157257253963,-0.0049210204876513,-0.0815337493276463
319,LCO,R-1C6,1097,flatNominal,7.361945029922701,14.375255870743269,0.0,14.966607988204256,0.3764656495235511,14.9753802,-0.369213,0,0.3674097831571982,-0.0390666752416244,-0.0382786382419103
320,LCO,R-1C7,657,flatNominal,7.423923986235435,14.373327831417244,0.0,14.966607988204256,0.3764656495235511,14.9753802,-0.369213,0,-0.3312800158235785,-0.0337174395832341,-0.0543392068820423
321,LCO,R-1C8,882,flatNominal,7.3492285790074,14.248192478208615,0.0,14.966607988204256,0.3764656495235511,14.9753802,-0.369213,0,0.2305944476617873,-0.0030880770208006,-0.0231827484091716
322,LCO,R-1C9,281,flatNominal,7.326464240872543,14.29020233126781,0.0,14.966607988204256,0.3764656495235511,14.9753802,-0.369213,0,0.5437530738128138,-0.0308681155174233,-0.0267720581218432
323,LCO,R-2C1,27,flatNominal,7.34114934906419,14.236921141275817,0.0,14.966607988204256,0.3764656495235511,14.9753802,-0.369213,0,0.5206431647405569,-0.0522449322761855,0.0387744553496298
324,LCO,R-2C11,316,flatNominal,7.335511066162226,14.281782890662404,0.0,14.966607988204256,0.3764656495235511,14.9753802,-0.369213,0,-0.0337399103147341,0.0257097026900683,-0.038898321187277
325,LCO,R-2C13,1003,flatNominal,7.3451716526735185,14.288895068993762,0.0,14.966607988204256,0.3764656495235511,14.9753802,-0.369213,0,0.6945410799093986,0.0936662153793841,-0.1172785980324529
326,LCO,R-2C15,749,flatNominal,7.342795107467355,14.298257769633048,0.0,14.966607988204256,0.3764656495235511,14.9753802,-0.369213,0,0.3304916286799026,0.0420227843135248,0.0759260459485225
327,LCO,R-2C17,1216,flatNominal,7.337014924272944,14.359171785214876,0.0,14.966607988204256,0.3764656495235511,14.9753802,-0.369213,0,6.6445183945497925,0.0140151891263752,0.005473312645344
328,LCO,R-2C18,642,flatNominal,7.263937941588943,14.227039649940927,0.0,14.966607988204256,0.3764656495235511,14.9753802,-0.369213,0,0.598020489372529,0.0045191293045485,-0.0957626773327027
329,LCO,R-2C19,651,flatNominal,7.331297577087188,14.313343932945797,0.0,14.966607988204256,0.3764656495235511,14.9753802,-0.369213,0,1.8990173135939872,0.0491083763249665,0.0480198460119763
330,LCO,R-2C2,574,flatNominal,7.353766581360289,14.355436335108497,0.0,14.966607988204256,0.3764656495235511,14.9753802,-0.369213,0,0.3879419825697865,-0.0590073394523517,0.0098448142913912
331,LCO,R-2C20,992,flatNominal,7.428891881014926,14.366823031365891,0.0,14.966607988204256,0.3764656495235511,14.9753802,-0.369213,0,4.94974711891295,0.079963398300491,0.0773758848068281
332,LCO,R-2C21,1209,flatNominal,7.428822598694652,14.399012725358707,0.0,14.966607988204256,0.3764656495235511,14.9753802,-0.369213,0,0.4805594241261085,0.061245858351109,0.1563259819727152
333,LCO,R-2C22,1082,flatNominal,7.242436275447141,14.20867741016287,0.0,14.966607988204256,0.3764656495235511,14.9753802,-0.369213,0,-0.4231676720354608,0.072015113323266,0.0992945643635462
334,LCO,R-2C23,105,flatNominal,7.300222296737398,14.257308299614351,0.0,14.966607988204256,0.3764656495235511,14.9753802,-0.369213,0,0.1782563929108504,0.0379442326323172,0.0396097908527524
335,LCO,R-2C24,400,flatNominal,7.45116626465416,14.297551686367834,0.0,14.966607988204256,0.3764656495235511,14.9753802,-0.369213,0,-0.203500989440355,0.0215012338894792,-0.0480477272861633
336,LCO,R-2C25,226,flatNominal,7.41079064014336,14.301863809401048,0.0,14.966607988204256,0.3764656495235511,14.9753802,-0.369213,0,-0.1795051326055349,0.0039941149983633,-0.0289932318404912
337,LCO,R-2C3,1205,flatNominal,7.2889659477615645,14.251872200939449,0.0,14.966607988204256,0.3764656495235511,14.9753802,-0.369213,0,-0.5228895404289098,-0.0653178205066957,-0.0431248556904101
338,LCO,R-2C4,441,flatNominal,7.3916750416271695,14.328786126246497,0.0,14.966607988204256,0.3764656495235511,14.9753802,-0.369213,0,0.4219195453256212,-0.0153662237658011,-0.0668356335582312
339,LCO,R-2C5,913,flatNominal,7.322927969797817,14.269840144871566,0.0,14.966607988204256,0.3764656495235511,14.9753802,-0.369213,0,0.1945810797292517,-0.0475423842994941,0.0162445809481346
340,LCO,R-2C6,1401,flatNominal,7.432408912186839,14.339830920009623,0.0,14.966607988204256,0.3764656495235511,14.9753802,-0.369213,0,-0.1441076993655775,-0.0008320548427013,-0.0490809131271157
341,LCO,R-2C7,1237,flatNominal,7.248069396755437,14.295479691744877,0.0,14.966607988204256,0.3764656495235511,14.9753802,-0.369213,0,0.4920352175681735,-0.0296128042347868,-0.0501539790063743
342,LCO,R-2C8,961,flatNominal,7.435278899288279,14.339003379967126,0.0,14.966607988204256,0.3764656495235511,14.9753802,-0.369213,0,0.1822187976457773,-0.044700524015601,0.097277711960289
343,LCO,R-2C9,559,flatNominal,7.376586940885606,14.31078658713123,0.0,14.966607988204256,0.3764656495235511,14.9753802,-0.369213,0,-0.2252053732952186,0.0008191170430229,-0.0860813429833672
344,LCO,R-3C1,595,flatNominal,7.264021266038425,14.202939466931465,0.0,14.966607988204256,0.3764656495235511,14.9753802,-0.369213,0,-0.165870516145089,-0.055441839932524,0.0466324995839109
345,LCO,R-3C10,508,flatNominal,7.403821705301748,14.358770892196556,0.0,14.966607988204256,0.3764656495235511,14.9753802,-0.369213,0,0.374300990615884,0.0149052454482609,-0.0507942349451289
346,LCO,R-3C11,1360,flatNominal,7.372544052839208,14.261695387153411,0.0,14.966607988204256,0.3764656495235511,14.9753802,-0.369213,0,-0.2191723592263947,0.0240635143871611,-0.0204999632695691
347,LCO,R-3C12,658,flatNominal,7.243863545546777,14.193618005569167,0.0,14.966607988204256,0.3764656495235511,14.9753802,-0.369213,0,0.0997296612609111,0.020351119505172,0.0050959526904833
348,LCO,R-3C13,1217,flatNominal,7.396227217302433,14.404410713808568,0.0,14.966607988204256,0.3764656495235511,14.9753802,-0.369213,0,0.7534646233334438,0.0211691601483369,-0.062442233464197
349,LCO,R-3C14,970,flatNominal,7.273350147298265,14.203616692524994,0.0,14.966607988204256,0.3764656495235511,14.9753802,-0.369213,0,0.133974202881607,-0.0379541376201676,-0.0945385315672573
350,LCO,R-3C15,280,flatNominal,7.458515249321316,14.258181838694224,0.0,14.966607988204256,0.3764656495235511,14.9753802,-0.369213,0,0.5740596453575694,0.0131554794078414,0.0234423669576255
351,LCO,R-3C16,636,flatNominal,7.444596190314312,14.381450594400576,0.0,14.966607988204256,0.3764656495235511,14.9753802,-0.369213,0,1.1029653841180542,0.009879320430698,0.0193648491429562
352,LCO,R-3C17,892,flatNominal,7.395865455882007,14.303196797174328,0.0,14.966607988204256,0.3764656495235511,14.9753802,-0.369213,0,1.714734783928459,-0.0291692281728893,-0.027418730015673
353,LCO,R-3C18,929,flatNominal,7.334785415347414,14.314945788138813,0.0,14.966607988204256,0.3764656495235511,14.9753802,-0.369213,0,2.496780703042272,0.0492115980354627,0.0051423866455207
354,LCO,R-3C19,958,flatNominal,7.337038606885986,14.219637638494572,0.0,14.966607988204256,0.3764656495235511,14.9753802,-0.369213,0,0.1230115960682394,0.0639198997158848,0.0695422203838727
355,LCO,R-3C2,1386,flatNominal,7.324621491865344,14.235874213106785,0.0,14.966607988204256,0.3764656495235511,14.9753802,-0.369213,0,-0.1200845026081669,-0.0962609707303967,-0.0471289171514595
356,LCO,R-3C20,844,flatNominal,7.338816562455678,14.227888262715371,0.0,14.966607988204256,0.3764656495235511,14.9753802,-0.369213,0,0.6591494210484422,0.0219789613733403,0.0789216781696765
357,LCO,R-3C22,1377,flatNominal,7.36943112412362,14.278027251162518,0.0,14.966607988204256,0.3764656495235511,14.9753802,-0.369213,0,0.4233497233712065,-0.0049143515343506,0.0054045385021614
358,LCO,R-3C23,878,flatNominal,7.428130257266603,14.33365530548484,0.0,14.966607988204256,0.3764656495235511,14.9753802,-0.369213,0,0.3138011252433809,0.0495714069952671,0.0202841414361844
359,LCO,R-3C24,510,flatNominal,7.348726173382666,14.263555697292,0.0,14.966607988204256,0.3764656495235511,14.9753802,-0.369213,0,1.577450969278246,-0.0169766050848607,-0.0170298058193345
360,LCO,R-3C3,165,flatNominal,7.286962120717078,14.252902839007568,0.0,14.966607988204256,0.3764656495235511,14.9753802,-0.369213,0,0.0383863762254508,-0.0531221309663522,-0.0700582236264707
361,LCO,R-3C5,429,flatNominal,7.433048544881847,14.338552019749288,0.0,14.966607988204256,0.3764656495235511,14.9753802,-0.369213,0,-0.0532318268399891,0.0052822337979085,-0.1191083766796742
362,LCO,R-3C6,1210,flatNominal,7.385247961147043,14.332534317679585,0.0,14.966607988204256,0.3764656495235511,14.9753802,-0.369213,0,0.7477210451703904,0.0018221521635002,-0.0624849151445095
363,LCO,R-3C7,60,flatNominal,7.318287399939508,14.278434721491372,0.0,14.966607988204256,0.3764656495235511,14.9753802,-0.369213,0,1.8971139983710328,-0.016411616247947,-0.0350465344534223
364,LCO,R-3C8,158,flatNominal,7.36923496166872,14.314776488718286,0.0,14.966607988204256,0.3764656495235511,14.9753802,-0.369213,0,0.4907225293503807,-0.0869087848801813,0.0111536029243168
365,LCO,R-3C9,59,flatNominal,7.458904986838492,14.412919390960605,0.0,14.966607988204256,0.3764656495235511,14.9753802,-0.369213,0,1.198316694762512,0.0183407294109711,-0.0597037017315445
366,LCO,R-4C1,166,flatNominal,7.42392748373631,14.377511243086682,0.0,14.966607988204256,0.3764656495235511,14.9753802,-0.369213,0,0.166733919966788,-0.0525339656000071,-0.014314937034716
367,LCO,R-4C10,445,flatNominal,7.421490999278758,14.29152604631908,0.0,14.966607988204256,0.3764656495235511,14.9753802,-0.369213,0,0.3278044084476861,0.0668861423554464,-0.0417201899793772
368,LCO,R-4C11,180,flatNominal,7.331608874287793,14.244371398676977,0.0,14.966607988204256,0.3764656495235511,14.9753802,-0.369213,0,-0.3205406185535834,0.0059816092493024,0.0085507626371681
369,LCO,R-4C12,492,flatNominal,7.461558734061902,14.332493049546398,0.0,14.966607988204256,0.3764656495235511,14.9753802,-0.369213,0,0.0110691470457644,0.0249575732973021,0.0502264318895173
370,LCO,R-4C13,522,flatNominal,7.434834418479688,14.359644130505218,0.0,14.966607988204256,0.3764656495235511,14.9753802,-0.369213,0,0.0,0.0440812361752105,0.0380770912257407
371,LCO,R-4C14,531,flatNominal,7.38820655297582,14.378035729519302,0.0,14.966607988204256,0.3764656495235511,14.9753802,-0.369213,0,0.5497983675356697,0.0491266302072594,0.1151398251091152
372,LCO,R-4C15,244,flatNominal,7.339068889339685,14.25588939235588,0.0,14.966607988204256,0.3764656495235511,14.9753802,-0.369213,0,0.2495471025573176,0.0369203363328267,0.0436741289843417
373,LCO,R-4C16,702,flatNominal,7.234000480865918,14.217427616842718,0.0,14.966607988204256,0.3764656495235511,14.9753802,-0.369213,0,8.841038393324638,-0.0588096340894537,-0.0779352931903988
374,LCO,R-4C17,1134,flatNominal,7.273547324145405,14.228402713621566,0.0,14.966607988204256,0.3764656495235511,14.9753802,-0.369213,0,2.0186324520545864,0.0557171609449004,0.0147483484827204
375,LCO,R-4C19,1124,flatNominal,7.338359474455802,14.262341397400514,0.0,14.966607988204256,0.3764656495235511,14.9753802,-0.369213,0,0.8278135843793316,0.0200193878990198,0.0368769219957551
376,LCO,R-4C2,300,flatNominal,7.317287546124104,14.242784347615483,0.0,14.966607988204256,0.3764656495235511,14.9753802,-0.369213,0,1.0346890757249574,0.0022062668225872,-0.0511283347621977
377,LCO,R-4C20,722,flatNominal,7.36647922640606,14.31595146695248,0.0,14.966607988204256,0.3764656495235511,14.9753802,-0.369213,0,2.801360060453231,0.0340723036085353,0.0241033516215826
378,LCO,R-4C21,50,flatNominal,7.290843366601733,14.2764288522722,0.0,14.966607988204256,0.3764656495235511,14.9753802,-0.369213,0,-0.1724891691418021,0.0513189623819303,0.0728626563649831
379,LCO,R-4C22,652,flatNominal,7.336042024539815,14.322590734173298,0.0,14.966607988204256,0.3764656495235511,14.9753802,-0.369213,0,0.0283591889521606,0.0168301772149266,0.0324231028565109
380,LCO,R-4C23,112,flatNominal,7.250513057379848,14.205694170705312,0.0,14.966607988204256,0.3764656495235511,14.9753802,-0.369213,0,-0.2874644952127195,0.0233806368841226,0.0043349511410285
381,LCO,R-4C3,617,flatNominal,7.298718805305944,14.245129053586725,0.0,14.966607988204256,0.3764656495235511,14.9753802,-0.369213,0,2.352967357603965,-0.0098406794939339,-0.0400420158548115
382,LCO,R-4C4,1371,flatNominal,7.3654447922065795,14.33713294261992,0.0,14.966607988204256,0.3764656495235511,14.9753802,-0.369213,0,0.3140834022990286,-0.0114336583748167,-0.0355179710999606
383,LCO,R-4C5,1228,flatNominal,7.3537760469745,14.319071954099115,0.0,14.966607988204256,0.3764656495235511,14.9753802,-0.369213,0,0.36892200288569,-0.0395820536882329,-0.0484295987541034
384,LCO,R-4C7,778,flatNominal,7.289224780485512,14.276774326617575,0.0,14.966607988204256,0.3764656495235511,14.9753802,-0.369213,0,-0.0159701923759772,0.0250297679730119,-0.0767405624410685
385,LCO,R-4C8,1227,flatNominal,7.333202523415086,14.246035338243995,0.0,14.966607988204256,0.3764656495235511,14.9753802,-0.369213,0,0.1902984426230898,-0.1156562422799897,-0.0070630586175565
386,LCO,R-4C9,1379,flatNominal,7.287287788624227,14.213798329898651,0.0,14.966607988204256,0.3764656495235511,14.9753802,-0.369213,0,0.3094810630422702,0.0235246777528096,-0.0579642606539996
387,LCO,R-5C1,172,flatNominal,7.414526337007573,14.319512220551902,0.0,14.966607988204256,0.3764656495235511,14.9753802,-0.369213,0,0.0912792619490229,-0.0417325340306519,-0.009984528383795
388,LCO,R-5C10,596,flatNominal,7.237236725029968,14.23325280033182,0.0,14.966607988204256,0.3764656495235511,14.9753802,-0.369213,0,-0.4306538901994371,0.0546323823034704,0.0323509121058255
389,LCO,R-5C11,255,flatNominal,7.433664920701435,14.335625695953796,0.0,14.966607988204256,0.3764656495235511,14.9753802,-0.369213,0,-0.1032748341263156,0.0085803348164953,0.0092078107013015
390,LCO,R-5C12,769,flatNominal,7.356591161457333,14.276785448849866,0.0,14.966607988204256,0.3764656495235511,14.9753802,-0.369213,0,0.2476843094908255,0.0528578322590608,0.1374172553477838
391,LCO,R-5C13,286,flatNominal,7.39263913916802,14.331903569481108,0.0,14.966607988204256,0.3764656495235511,14.9753802,-0.369213,0,0.0109114662786334,0.0374984973944809,-0.0144358282749369
392,LCO,R-5C14,888,flatNominal,7.334677965649927,14.272536699585476,0.0,14.966607988204256,0.3764656495235511,14.9753802,-0.369213,0,-0.4074489235215123,-0.0394922226922616,-0.0009372464645096
393,LCO,R-5C15,519,flatNominal,7.320237635993718,14.270509133298628,0.0,14.966607988204256,0.3764656495235511,14.9753802,-0.369213,0,0.0,0.0329531474087026,0.0333590837986466
394,LCO,R-5C16,1139,flatNominal,7.208409761433287,14.13083732930689,0.0,14.966607988204256,0.3764656495235511,14.9753802,-0.369213,0,-0.4103397545362148,0.0702538894735617,0.1613702948261103
395,LCO,R-5C17,1072,flatNominal,7.322394541943737,14.291141005936533,0.0,14.966607988204256,0.3764656495235511,14.9753802,-0.369213,0,0.1975885458099654,0.1088106293195226,0.1252761119953247
396,LCO,R-5C18,151,flatNominal,7.34741562302652,14.217601527133596,0.0,14.966607988204256,0.3764656495235511,14.9753802,-0.369213,0,3.290168114679892,0.0596454953573856,0.0620598865751322
397,LCO,R-5C19,803,flatNominal,7.3076964723962,14.331031873174728,0.0,14.966607988204256,0.3764656495235511,14.9753802,-0.369213,0,0.2201345985332727,0.1061587520256776,0.1238206879019258
398,LCO,R-5C2,418,flatNominal,7.396403520530481,14.270089985331763,0.0,14.966607988204256,0.3764656495235511,14.9753802,-0.369213,0,0.2156180185590481,-0.0162766518018421,-0.0532074397025925
399,LCO,R-5C20,586,flatNominal,7.445290387253221,14.399897856817764,0.0,14.966607988204256,0.3764656495235511,14.9753802,-0.369213,0,0.0110031353788207,0.0724420385533265,0.0546483877142488
400,LCO,R-5C21,1337,flatNominal,7.47852312869048,14.398763134636486,0.0,14.966607988204256,0.3764656495235511,14.9753802,-0.369213,0,0.3319033034426131,0.0580345915562216,0.0290924723606223
401,LCO,R-5C22,1279,flatNominal,7.409053869642461,14.376086556868666,0.0,14.966607988204256,0.3764656495235511,14.9753802,-0.369213,0,0.1171094661509973,-0.0140969864855722,-0.0081699778346174
402,LCO,R-5C3,435,flatNominal,7.411595781468406,14.327156055394177,0.0,14.966607988204256,0.3764656495235511,14.9753802,-0.369213,0,-0.1798908996256635,-0.0062686332514591,-0.0166685442347453
403,LCO,R-5C4,398,flatNominal,7.399349864174373,14.26530765136354,0.0,14.966607988204256,0.3764656495235511,14.9753802,-0.369213,0,-0.1333520962020527,-0.0029913750271083,-0.0179620019466042
404,LCO,R-5C5,109,flatNominal,7.373447469020592,14.39269509266134,0.0,14.966607988204256,0.3764656495235511,14.9753802,-0.369213,0,-0.0219724948020609,-0.0105299431013376,-0.0389788989104789
405,LCO,R-5C6,900,flatNominal,7.355948835952989,14.260570379482486,0.0,14.966607988204256,0.3764656495235511,14.9753802,-0.369213,0,0.1673298850061226,-0.0159750293532471,0.0496155520775378
406,LCO,R-5C7,1262,flatNominal,7.31787776192941,14.275452036602516,0.0,14.966607988204256,0.3764656495235511,14.9753802,-0.369213,0,0.6699608169027381,0.0563050249236582,0.0336594290834444
407,LCO,R-5C8,1048,flatNominal,7.431345872850477,14.326905092559064,0.0,14.966607988204256,0.3764656495235511,14.9753802,-0.369213,0,0.3879107291082269,-0.0057689304176887,-0.084253343527494
408,LCO,R-5C9,534,flatNominal,7.35368903202288,14.276188142153831,0.0,14.966607988204256,0.3764656495235511,14.9753802,-0.369213,0,0.2163864648192074,-0.0559569188010342,0.1090569492972711
409,LCO,R-6C1,632,flatNominal,7.332818012268257,14.268184868110984,0.0,14.966607988204256,0.3764656495235511,14.9753802,-0.369213,0,1.2576834618471042,-0.0674841576860668,0.0265410290517077
410,LCO,R-6C10,680,flatNominal,7.226626182620265,14.206954360081964,0.0,14.966607988204256,0.3764656495235511,14.9753802,-0.369213,0,-0.6097136845244634,-0.0047682677121364,0.0293241584407826
411,LCO,R-6C11,738,flatNominal,7.331813585738526,14.25421109548619,0.0,14.966607988204256,0.3764656495235511,14.9753802,-0.369213,0,-0.1335081250403534,-0.0738352762765496,0.0113868572153796
412,LCO,R-6C12,47,flatNominal,7.401656136575712,14.32715443269513,0.0,14.966607988204256,0.3764656495235511,14.9753802,-0.369213,0,-0.055340445896211,-0.0296211717428966,-0.0211821985489225
413,LCO,R-6C13,573,flatNominal,7.326077854906959,14.264376763275992,0.0,14.966607988204256,0.3764656495235511,14.9753802,-0.369213,0,2.6312882679412115,0.0171990092347414,-0.0607360488834583
414,LCO,R-6C15,407,flatNominal,7.381723568780057,14.270799576252571,0.0,14.966607988204256,0.3764656495235511,14.9753802,-0.369213,0,-0.2253207230875897,0.0849166268955855,0.114659594840689
415,LCO,R-6C16,1122,flatNominal,7.401329695121452,14.298786637611087,0.0,14.966607988204256,0.3764656495235511,14.9753802,-0.369213,0,0.0730007462743633,0.0707163650492118,0.0378280223226872
416,LCO,R-6C17,1084,flatNominal,7.363394689417234,14.291195816097664,0.0,14.966607988204256,0.3764656495235511,14.9753802,-0.369213,0,3.0264180856165326,0.1127023039214824,0.0965515974513941
417,LCO,R-6C18,759,flatNominal,7.342121727242993,14.32479020303784,0.0,14.966607988204256,0.3764656495235511,14.9753802,-0.369213,0,-0.0132491383527387,0.1345612130998424,0.1081638229837436
418,LCO,R-6C19,156,flatNominal,7.319743553897847,14.351377682411986,0.0,14.966607988204256,0.3764656495235511,14.9753802,-0.369213,0,1.2809633653569483,0.0594412739308709,0.0316338746774877
419,LCO,R-6C21,1321,flatNominal,7.3347553186822525,14.234553530921636,0.0,14.966607988204256,0.3764656495235511,14.9753802,-0.369213,0,-0.1481812840796781,0.0119658028821003,-0.0206076139595436
420,LCO,R-6C3,439,flatNominal,7.29976533862076,14.193773698713516,0.0,14.966607988204256,0.3764656495235511,14.9753802,-0.369213,0,0.0242577347381126,-0.0316342452936107,-0.1022994898305849
421,LCO,R-6C4,48,flatNominal,7.427269341929598,14.337872018000096,0.0,14.966607988204256,0.3764656495235511,14.9753802,-0.369213,0,-0.079013805704473,0.0264095651256931,-0.0503810261188431
422,LCO,R-6C5,864,flatNominal,7.355811588880097,14.524487157487162,0.0,14.966607988204256,0.3764656495235511,14.9753802,-0.369213,0,0.2972792529651013,0.0070728833082935,0.013970661100164
423,LCO,R-6C6,774,flatNominal,7.328690272078456,14.267246357941024,0.0,14.966607988204256,0.3764656495235511,14.9753802,-0.369213,0,0.5127829124800054,0.0195964706417849,-0.0489994307231952
424,LCO,R-6C7,1275,flatNominal,7.261882963371694,14.2194717970009,0.0,14.966607988204256,0.3764656495235511,14.9753802,-0.369213,0,-0.0200868592592782,0.0560543898923797,-0.0606969446255461
425,LCO,R-6C9,867,flatNominal,7.4775199976910836,14.334114468759552,0.0,14.966607988204256,0.3764656495235511,14.9753802,-0.369213,0,-0.0796962357587435,-0.0536791631719073,0.0011336617062888
426,LCO,R-7C1,666,flatNominal,7.43126256637284,14.343615091351776,0.0,14.966607988204256,0.3764656495235511,14.9753802,-0.369213,0,0.7503665102425674,-0.0584205478223255,0.0555720231914048
427,LCO,R-7C10,500,flatNominal,7.361156999636448,14.29477721062255,0.0,14.966607988204256,0.3764656495235511,14.9753802,-0.369213,0,-0.0943343416789489,0.1137714108205314,0.0822819673918876
428,LCO,R-7C11,113,flatNominal,7.309864083372448,14.230294392867568,0.0,14.966607988204256,0.3764656495235511,14.9753802,-0.369213,0,-0.2404794437717967,0.108876660151539,0.0618254912716663
429,LCO,R-7C12,1244,flatNominal,7.315719577677276,14.259151754145746,0.0,14.966607988204256,0.3764656495235511,14.9753802,-0.369213,0,-0.2194849892314275,0.2195728262858326,-0.0362064131308976
430,LCO,R-7C13,239,flatNominal,7.448325873129544,14.411867733677322,0.0,14.966607988204256,0.3764656495235511,14.9753802,-0.369213,0,-0.084116240079063,0.0542630955482202,0.166736485860196
431,LCO,R-7C14,477,flatNominal,7.309993806513569,14.226696353651194,0.0,14.966607988204256,0.3764656495235511,14.9753802,-0.369213,0,2.7142572895022385,0.1130983371442317,0.1492363934101464
432,LCO,R-7C15,720,flatNominal,7.295738571259605,14.27365060466685,0.0,14.966607988204256,0.3764656495235511,14.9753802,-0.369213,0,0.4931698430349103,0.1266940644417883,0.1041507792342349
433,LCO,R-7C16,628,flatNominal,7.340821671859375,14.29174652848888,0.0,14.966607988204256,0.3764656495235511,14.9753802,-0.369213,0,0.1924839987555311,0.1483573574466263,0.0106930439088393
434,LCO,R-7C18,133,flatNominal,7.482172170848896,14.407383001392576,0.0,14.966607988204256,0.3764656495235511,14.9753802,-0.369213,0,0.000372817025057,0.0560070042694731,0.0157779604200379
435,LCO,R-7C19,176,flatNominal,7.4096330604052225,14.34067151876022,0.0,14.966607988204256,0.3764656495235511,14.9753802,-0.369213,0,-0.3836221575715106,0.047862732610846,-0.0081462701565218
436,LCO,R-7C2,775,flatNominal,7.310980206300335,14.278389235923951,0.0,14.966607988204256,0.3764656495235511,14.9753802,-0.369213,0,-0.2208758800631758,0.012213480887773,-0.0044099027629083
437,LCO,R-7C20,697,flatNominal,7.385543049123695,14.336923831210784,0.0,14.966607988204256,0.3764656495235511,14.9753802,-0.369213,0,3.157916457447209,0.0421721385514366,0.0662148665323184
438,LCO,R-7C3,889,flatNominal,7.4202809441670015,14.367597203028154,0.0,14.966607988204256,0.3764656495235511,14.9753802,-0.369213,0,0.7590278747136971,-0.0289432415775179,-0.0126543629517702
439,LCO,R-7C5,712,flatNominal,7.290902071782972,14.23976559792941,0.0,14.966607988204256,0.3764656495235511,14.9753802,-0.369213,0,0.2622955198154333,0.0384919006334691,-0.0086659211712663
440,LCO,R-7C6,1030,flatNominal,7.358365773582593,14.308041653130957,0.0,14.966607988204256,0.3764656495235511,14.9753802,-0.369213,0,-1.0958628492456497,0.0673182044479615,-0.1129219104788187
441,LCO,R-7C7,1075,flatNominal,7.405879260130819,14.351316790751564,0.0,14.966607988204256,0.3764656495235511,14.9753802,-0.369213,0,0.5713349723831438,0.0115828463093501,-0.056145444704428
442,LCO,R-7C8,1181,flatNominal,7.376631713759854,14.358762652788648,0.0,14.966607988204256,0.3764656495235511,14.9753802,-0.369213,0,0.7509974161414285,0.052776362131144,0.1573363420233315
443,LCO,R-7C9,223,flatNominal,7.325123918498742,14.18630804026733,0.0,14.966607988204256,0.3764656495235511,14.9753802,-0.369213,0,-0.1029887421653497,0.1009359839155492,0.1176869131952018
444,LCO,R-8C1,682,flatNominal,7.34001059847215,14.31953115335756,0.0,14.966607988204256,0.3764656495235511,14.9753802,-0.369213,0,-0.2324852893033156,-0.0196897737061143,0.0860198568261527
445,LCO,R-8C11,1195,flatNominal,7.404948836445172,14.36838317060979,0.0,14.966607988204256,0.3764656495235511,14.9753802,-0.369213,0,-0.0344458255369603,0.1271904117346003,0.0734943820777326
446,LCO,R-8C12,174,flatNominal,7.354370143988806,14.320991884589732,0.0,14.966607988204256,0.3764656495235511,14.9753802,-0.369213,0,0.1938064221482799,0.0773927502637063,0.0578679050588417
447,LCO,R-8C13,1221,flatNominal,7.399999493528816,14.425682826156374,0.0,14.966607988204256,0.3764656495235511,14.9753802,-0.369213,0,0.0,-4.6696733080645824e-08,2.561672127603557e-11
448,LCO,R-8C14,143,flatNominal,7.464314830379335,14.327362154429377,0.0,14.966607988204256,0.3764656495235511,14.9753802,-0.369213,0,1.1380665613364744,0.0921036874615686,0.1031389911240459
449,LCO,R-8C15,711,flatNominal,7.419970500518342,14.36116643857816,0.0,14.966607988204256,0.3764656495235511,14.9753802,-0.369213,0,-0.3003495556113868,0.0822338967288129,0.0392149588477775
450,LCO,R-8C16,1120,flatNominal,7.454328405608776,14.389861331023592,0.0,14.966607988204256,0.3764656495235511,14.9753802,-0.369213,0,-1.3430383772940422,0.1227992596413494,0.0507349936293515
451,LCO,R-8C17,1173,flatNominal,7.367736018341091,14.23125364977818,0.0,14.966607988204256,0.3764656495235511,14.9753802,-0.369213,0,0.1892591604615987,0.0663328672543198,0.1248322143004594
452,LCO,R-8C18,1052,flatNominal,7.35377270216722,14.240207579259769,0.0,14.966607988204256,0.3764656495235511,14.9753802,-0.369213,0,-0.1588150741175212,0.0606219655217671,0.0631520602307523
453,LCO,R-8C19,729,flatNominal,7.382649514705571,14.327438427890424,0.0,14.966607988204256,0.3764656495235511,14.9753802,-0.369213,0,-0.3275042286134998,0.0514304771527332,0.0889041794622479
454,LCO,R-8C2,966,flatNominal,7.416455983218711,14.326850052433317,0.0,14.966607988204256,0.3764656495235511,14.9753802,-0.369213,0,0.7042360832849656,0.0055773531013752,0.008856707479657
455,LCO,R-8C3,1255,flatNominal,7.47466499044736,14.388151927092864,0.0,14.966607988204256,0.3764656495235511,14.9753802,-0.369213,0,-0.3254033199153056,0.006172127238119,-0.0414230183671104
456,LCO,R-8C4,1175,flatNominal,7.335986070724312,14.32078708677368,0.0,14.966607988204256,0.3764656495235511,14.9753802,-0.369213,0,-0.01673988749508,0.0729623877418616,-0.0115438388926834
457,LCO,R-8C5,752,flatNominal,7.284528851542661,14.285214093223177,0.0,14.966607988204256,0.3764656495235511,14.9753802,-0.369213,0,0.0700657477849053,0.0719454474365782,0.0226979809664996
458,LCO,R-8C6,1292,flatNominal,7.469089201448244,14.343660314971094,0.0,14.966607988204256,0.3764656495235511,14.9753802,-0.369213,0,0.3116280472608265,0.0832395662969932,0.0126495810369446
459,LCO,R-8C7,812,flatNominal,7.410262811991761,14.306417136905948,0.0,14.966607988204256,0.3764656495235511,14.9753802,-0.369213,0,0.119443079602084,0.0630275815228159,-0.0261609057729594
460,LCO,R-8C8,976,flatNominal,7.425712056393313,14.312228229423402,0.0,14.966607988204256,0.3764656495235511,14.9753802,-0.369213,0,0.513244427724247,0.0544019827776061,-0.042020645484182
461,LCO,R-8C9,1311,flatNominal,7.327820590474634,14.21066890324146,0.0,14.966607988204256,0.3764656495235511,14.9753802,-0.369213,0,-0.3083830709812684,0.0967827172797432,0.0277512534361542
462,LCO,R-9C1,89,flatNominal,7.410118476127967,14.333252234315657,0.0,14.966607988204256,0.3764656495235511,14.9753802,-0.369213,0,-0.3005200292636316,-0.0154115609601089,0.024367394054583
463,LCO,R-9C10,175,flatNominal,7.422649686127992,14.36974888092444,0.0,14.966607988204256,0.3764656495235511,14.9753802,-0.369213,0,0.9461178156252378,0.0925312575244796,0.016121923785002
464,LCO,R-9C11,646,flatNominal,7.401581578074328,14.37157536291062,0.0,14.966607988204256,0.3764656495235511,14.9753802,-0.369213,0,1.564198568068352,0.1232330728985179,0.0723932992003126
465,LCO,R-9C12,981,flatNominal,7.404916106351914,14.358151902883131,0.0,14.966607988204256,0.3764656495235511,14.9753802,-0.369213,0,1.012572670877881,0.112714184255986,0.0131160388587872
466,LCO,R-9C13,1160,flatNominal,7.335448770599644,14.243750082142826,0.0,14.966607988204256,0.3764656495235511,14.9753802,-0.369213,0,0.6007327192815948,0.1433199936005584,0.0831601139175254
467,LCO,R-9C14,622,flatNominal,7.314918505623069,14.26834536371731,0.0,14.966607988204256,0.3764656495235511,14.9753802,-0.369213,0,-0.2544030347914252,0.09988140114357,0.0664336378603938
468,LCO,R-9C15,755,flatNominal,7.357661043733645,14.32966389297971,0.0,14.966607988204256,0.3764656495235511,14.9753802,-0.369213,0,-0.4015476324874157,0.101959632072152,0.0457324433672025
469,LCO,R-9C16,1033,flatNominal,7.353923146309656,14.294518798296588,0.0,14.966607988204256,0.3764656495235511,14.9753802,-0.369213,0,0.0159405280986573,0.094825651394512,0.0330970511858859
470,LCO,R-9C17,1250,flatNominal,7.370946361319494,14.329568832615632,0.0,14.966607988204256,0.3764656495235511,14.9753802,-0.369213,0,0.1094591823414071,0.0425625047691818,0.0114647867273652
471,LCO,R-9C18,216,flatNominal,7.347000930345282,14.286408246550698,0.0,14.966607988204256,0.3764656495235511,14.9753802,-0.369213,0,0.6582729558263773,0.0098222071852996,0.0180520597014984
472,LCO,R-9C2,267,flatNominal,7.4127387266459746,14.384594010723289,0.0,14.966607988204256,0.3764656495235511,14.9753802,-0.369213,0,0.2518695389462295,0.001822444348928,0.0021927203126475
473,LCO,R-9C3,1238,flatNominal,7.308090242610908,14.212380078400743,0.0,14.966607988204256,0.3764656495235511,14.9753802,-0.369213,0,-0.2798372961681348,0.0190124332656488,-0.0400221110716961
474,LCO,R-9C4,782,flatNominal,7.37971941620166,14.337513583230676,0.0,14.966607988204256,0.3764656495235511,14.9753802,-0.369213,0,0.0533441993731819,0.0221197235190518,0.045117847774225
475,LCO,R-9C5,496,flatNominal,7.356504452938752,14.190371138419842,0.0,14.966607988204256,0.3764656495235511,14.9753802,-0.369213,0,0.176927687351233,0.0587319496125325,-0.0694154317328217
476,LCO,R-9C6,101,flatNominal,7.316586024760944,14.304984483428894,0.0,14.966607988204256,0.3764656495235511,14.9753802,-0.369213,0,-3.130301197724238,0.0564547768449271,-0.0357168793441321
477,LCO,R-9C7,746,flatNominal,7.478595643066583,14.364972833434338,0.0,14.966607988204256,0.3764656495235511,14.9753802,-0.369213,0,1.1269238756885651,0.0913701109989317,-0.0361249592410658
478,LCO,R-9C8,135,flatNominal,7.416408489616647,14.312707212913809,0.0,14.966607988204256,0.3764656495235511,14.9753802,-0.369213,0,0.111085186323954,0.0605152578500186,-0.0051655083670063
479,LCO,R-9C9,357,flatNominal,7.346537466483424,14.2493110552702,0.0,14.966607988204256,0.3764656495235511,14.9753802,-0.369213,0,-0.4886914033272962,0.106555988051011,0.0136331647079408
480,LCO,R0C1,1268,flatNominal,7.405054332978298,14.358028889401352,0.0,14.966607988204256,0.3764656495235511,14.9753802,-0.369213,0,0.985923948966496,-0.0512548348903368,0.0096404196047212
481,LCO,R0C10,833,flatNominal,7.385779142046039,14.336385511174894,0.0,14.966607988204256,0.3764656495235511,14.9753802,-0.369213,0,0.2047951686270649,-0.0428732975723475,-0.0749574990256758
482,LCO,R0C11,351,flatNominal,7.322883881236628,14.261903089241184,0.0,14.966607988204256,0.3764656495235511,14.9753802,-0.369213,0,1.565564557769533,-0.0190780943621335,-0.029147581302141
483,LCO,R0C13,197,flatNominal,7.417211192226514,14.35136422475005,0.0,14.966607988204256,0.3764656495235511,14.9753802,-0.369213,0,0.1622609138165271,-0.0078043938469459,0.0967400794718817
484,LCO,R0C15,1133,flatNominal,7.3881455350949565,14.319319121750889,0.0,14.966607988204256,0.3764656495235511,14.9753802,-0.369213,0,1.564161949045338,-0.0035459973758713,-0.0469706697750547
485,LCO,R0C17,1218,flatNominal,7.39797611007049,14.32812040847538,0.0,14.966607988204256,0.3764656495235511,14.9753802,-0.369213,0,0.4004165434807124,-0.0047178487206004,0.0491739957152869
486,LCO,R0C18,1191,flatNominal,7.3173087269896815,14.30867145874437,0.0,14.966607988204256,0.3764656495235511,14.9753802,-0.369213,0,-0.2182541523439928,0.0050866766837624,0.0771969805161059
487,LCO,R0C19,629,flatNominal,7.47967285566498,14.430289185567077,0.0,14.966607988204256,0.3764656495235511,14.9753802,-0.369213,0,0.1682831099320091,-0.0268278102750621,-0.0332104631089975
488,LCO,R0C2,1206,flatNominal,7.424536689506013,14.339720055939068,0.0,14.966607988204256,0.3764656495235511,14.9753802,-0.369213,0,0.5585293013973165,-0.026405268261607,-0.0122827166524189
489,LCO,R0C21,968,flatNominal,7.447153450612931,14.38486074168245,0.0,14.966607988204256,0.3764656495235511,14.9753802,-0.369213,0,1.1513087461028897,-0.0161167970922115,0.0901248331626301
490,LCO,R0C22,879,flatNominal,7.335814783276339,14.220306454148758,0.0,14.966607988204256,0.3764656495235511,14.9753802,-0.369213,0,0.5240708608298498,0.0180430957901674,0.0339996246897576
491,LCO,R0C23,527,flatNominal,7.317145601496951,14.245390526118989,0.0,14.966607988204256,0.3764656495235511,14.9753802,-0.369213,0,2.096945442526731,0.0114353467624843,0.084386936855251
492,LCO,R0C25,1239,flatNominal,7.448357844267725,14.383820908540676,0.0,14.966607988204256,0.3764656495235511,14.9753802,-0.369213,0,-0.0041683623365409,0.0384600826523961,0.011562626320652
493,LCO,R0C26,1008,flatNominal,7.275302190103022,14.2609674398482,0.0,14.966607988204256,0.3764656495235511,14.9753802,-0.369213,0,-0.2277813848649864,0.031321224608017,-0.0005951798903328
494,LCO,R0C27,731,flatNominal,7.3387405622355235,14.317801680003134,0.0,14.966607988204256,0.3764656495235511,14.9753802,-0.369213,0,-0.1496796361511919,0.0340165070815105,-0.0542704716873941
495,LCO,R0C3,703,flatNominal,7.377429912221257,14.35370425137856,0.0,14.966607988204256,0.3764656495235511,14.9753802,-0.369213,0,0.238603514926597,-0.0156380475189001,-0.0298624489865
496,LCO,R0C5,1257,flatNominal,7.310808954089196,14.257875201943394,0.0,14.966607988204256,0.3764656495235511,14.9753802,-0.369213,0,0.4614179702950461,-0.060141410222063,-0.061144459983445
497,LCO,R0C6,797,flatNominal,7.249465939620317,14.232383271188183,0.0,14.966607988204256,0.3764656495235511,14.9753802,-0.369213,0,-0.0252421243863685,-0.032512617795558,-0.0886548576926972
498,LCO,R0C7,763,flatNominal,7.358618510755114,14.326175812112494,0.0,14.966607988204256,0.3764656495235511,14.9753802,-0.369213,0,0.6040629327265481,-0.034371741794168,-0.095741578727604
499,LCO,R0C9,1319,flatNominal,7.348645809893703,14.276425727284003,0.0,14.966607988204256,0.3764656495235511,14.9753802,-0.369213,0,0.5595682454540675,-0.0221088393860929,0.086707171047645
